{
"type": "FeatureCollection",
"name": "service-areas",
"crs": { "type": "name", "properties": { "name": "urn:ogc:def:crs:OGC:1.3:CRS84" } },
"features": [
{ "type": "Feature", "properties": { "certificate_number": 1, "entity": "AEL&P", "certificate_name": "ALASKA ELECTRIC LIGHT & POWER COMPANY", "certificate_url": "https://rca.alaska.gov/RCAWeb/Certificate/CertificateDetails.aspx?id=b6af3116-79a7-434f-96fd-48b1c750af3a", "certificate_granted_year": 1964, "certificate_last_update_date": "2007-02-12", "certificate_last_update_order": "U-06-098(2)", "certificate_last_update_type": "Service Area Expansion", "geometry_last_update": "2007-02-12", "geometry_is_current": true, "geometry_cert_sync_status": "up_to_date" }, "geometry": { "type": "MultiPolygon", "coordinates": [ [ [ [ -133.744306599999987, 58.1340389 ], [ -133.716989499999983, 58.1340389 ], [ -133.716989499999983, 58.148489 ], [ -133.744318, 58.148489 ], [ -133.744306599999987, 58.1340389 ] ] ], [ [ [ -134.7241707, 58.0906849 ], [ -134.724216499999983, 58.1484814 ], [ -134.6968861, 58.1484814 ], [ -134.6968861, 58.177377699999987 ], [ -134.7242393, 58.177377699999987 ], [ -134.724227899999988, 58.162927599999989 ], [ -134.7515678, 58.162927599999989 ], [ -134.7515469, 58.1484814 ], [ -134.7788754, 58.1484776 ], [ -134.7788086, 58.1195812 ], [ -134.751501099999984, 58.1195812 ], [ -134.7514572, 58.0906849 ], [ -134.75171659999998, 58.0906849 ], [ -134.7516727, 58.0617847 ], [ -134.6971455, 58.0617847 ], [ -134.6971455, 58.0656872 ], [ -134.62899969999998, 58.0656872 ], [ -134.5608349, 58.0656872 ], [ -134.560854, 58.0906849 ], [ -134.642709699999983, 58.0906849 ], [ -134.7241707, 58.0906849 ] ] ], [ [ [ -134.8964062, 58.6108379 ], [ -134.896692299999984, 58.6830807 ], [ -134.9506207, 58.6830807 ], [ -135.006115, 58.683080700000012 ], [ -135.0060806, 58.6686306 ], [ -134.978344, 58.6686306 ], [ -134.978298199999983, 58.6397381 ], [ -134.9505844, 58.6397381 ], [ -134.950552, 58.5963917 ], [ -134.922872499999983, 58.5963917 ], [ -134.9228745, 58.5713978 ], [ -134.896524400000033, 58.5713978 ], [ -134.8964691, 58.5569477 ], [ -134.868822099999988, 58.5569477 ], [ -134.8687325, 58.5280514 ], [ -134.8411083, 58.5280514 ], [ -134.841043499999984, 58.4991512 ], [ -134.8134403, 58.4991512 ], [ -134.813394499999987, 58.4702549 ], [ -134.7858162, 58.4702549 ], [ -134.7857895, 58.4374561 ], [ -134.785516700000016, 58.4374561 ], [ -134.785471, 58.3796635 ], [ -134.7579613, 58.3796635 ], [ -134.7579613, 58.3652134 ], [ -134.675539, 58.3652172 ], [ -134.6755047, 58.3507671 ], [ -134.6710014, 58.3507671 ], [ -134.6708889, 58.3218708 ], [ -134.6968899, 58.321867 ], [ -134.696888, 58.2640743 ], [ -134.6706638, 58.2640743 ], [ -134.670608499999986, 58.2496243 ], [ -134.643201799999986, 58.2496243 ], [ -134.6431561, 58.2351742 ], [ -134.6157608, 58.2351742 ], [ -134.6157265, 58.2207279 ], [ -134.533571199999983, 58.2207279 ], [ -134.533571199999983, 58.2062778 ], [ -134.479749699999985, 58.2062778 ], [ -134.4797955, 58.2207279 ], [ -134.4524097, 58.2207279 ], [ -134.4523754, 58.2062778 ], [ -134.3976269, 58.2062778 ], [ -134.3976154, 58.1918316 ], [ -134.31638719999998, 58.1918316 ], [ -134.3163433, 58.1773815 ], [ -134.2342892, 58.1773815 ], [ -134.2343464, 58.2496281 ], [ -134.2891617, 58.2496281 ], [ -134.289228399999985, 58.2785282 ], [ -134.2617989, 58.2785282 ], [ -134.261821699999985, 58.2929783 ], [ -134.2069397, 58.2929783 ], [ -134.2069416, 58.3074245 ], [ -134.1534328, 58.3074245 ], [ -134.1533871, 58.2929783 ], [ -134.098505, 58.2929783 ], [ -134.0985508, 58.3218746 ], [ -134.1672096, 58.3218746 ], [ -134.23440549999998, 58.3218746 ], [ -134.2343941, 58.3074245 ], [ -134.2892971, 58.3074245 ], [ -134.289262799999989, 58.2929745 ], [ -134.3167038, 58.2929745 ], [ -134.316658, 58.2785282 ], [ -134.3440876, 58.2785244 ], [ -134.34414289999998, 58.2929745 ], [ -134.370254499999987, 58.2929745 ], [ -134.370256399999988, 58.350771 ], [ -134.3731613, 58.350771 ], [ -134.3732071, 58.365221 ], [ -134.4556313, 58.365221 ], [ -134.4556427, 58.3796673 ], [ -134.538166, 58.3796673 ], [ -134.5383034, 58.4230137 ], [ -134.5865021, 58.4230137 ], [ -134.648132299999986, 58.4230099 ], [ -134.648111299999982, 58.4085636 ], [ -134.730701399999987, 58.4085598 ], [ -134.730815899999982, 58.4374561 ], [ -134.758235899999988, 58.4374561 ], [ -134.758237799999989, 58.5280514 ], [ -134.7858601, 58.5280514 ], [ -134.785871499999985, 58.5425014 ], [ -134.8411427, 58.5424976 ], [ -134.8412094, 58.5713978 ], [ -134.868866, 58.5713978 ], [ -134.8689556, 58.6002941 ], [ -134.896637, 58.6002941 ], [ -134.896678899999984, 58.6108379 ], [ -134.8964062, 58.6108379 ] ] ] ] } },
{ "type": "Feature", "properties": { "certificate_number": 2, "entity": "APC", "certificate_name": "ALASKA POWER COMPANY", "certificate_url": "https://rca.alaska.gov/RCAWeb/Certificate/CertificateDetails.aspx?id=cc6ffe3b-0db7-4ac6-b612-9689998db0b4", "certificate_granted_year": 1964, "certificate_last_update_date": "2015-01-20", "certificate_last_update_order": "U-13-183(4)", "certificate_last_update_type": "Part Void/Null", "geometry_last_update": "2013-12-20", "geometry_is_current": false, "geometry_cert_sync_status": "outdated" }, "geometry": { "type": "MultiPolygon", "coordinates": [ [ [ [ -132.8880413, 55.229099 ], [ -132.975261599999982, 55.2291065 ], [ -132.9752651, 55.1423712 ], [ -132.900528399999985, 55.1423684 ], [ -132.824822, 55.142367 ], [ -132.7500961, 55.1423661 ], [ -132.6743832, 55.1423641 ], [ -132.674379, 55.2290989 ], [ -132.7312842, 55.2290992 ], [ -132.7818648, 55.229099 ], [ -132.837460199999981, 55.2290984 ], [ -132.8880413, 55.229099 ] ] ], [ [ [ -132.5548789, 55.6959199 ], [ -132.55494539999998, 55.720556 ], [ -132.6055925, 55.7205561 ], [ -132.6568044, 55.7205554 ], [ -132.656784, 55.7061011 ], [ -132.720775299999985, 55.706099699999989 ], [ -132.784261, 55.7060985 ], [ -132.7842713, 55.7205522 ], [ -132.8610945, 55.7205504 ], [ -132.8610564, 55.7060971 ], [ -132.886657499999984, 55.7060976 ], [ -132.88661, 55.6916443 ], [ -132.911754, 55.6916464 ], [ -132.911753299999987, 55.6627397 ], [ -132.937329799999986, 55.6627418 ], [ -132.9373199, 55.6482882 ], [ -132.9628869, 55.6482903 ], [ -132.962867500000016, 55.6338368 ], [ -133.013982699999985, 55.633841 ], [ -133.0139443, 55.6193875 ], [ -133.039493, 55.6193896 ], [ -133.0394449, 55.6049361 ], [ -133.0904107, 55.6049403 ], [ -133.090389099999982, 55.5760332 ], [ -133.1716908, 55.5760365 ], [ -133.171666, 55.4025816 ], [ -133.0961134, 55.40258 ], [ -133.0198948, 55.4025756 ], [ -133.019897899999989, 55.4314854 ], [ -132.995248299999986, 55.4314836 ], [ -132.9952961, 55.4459384 ], [ -132.9698622, 55.4459363 ], [ -132.969900599999988, 55.4603911 ], [ -132.919013799999988, 55.4603869 ], [ -132.8681281, 55.4603834 ], [ -132.8681272, 55.4314738 ], [ -132.818059799999986, 55.4314732 ], [ -132.7672172, 55.4314725 ], [ -132.7163773, 55.4314724 ], [ -132.666313799999983, 55.4314725 ], [ -132.6663504, 55.4459274 ], [ -132.6409217, 55.4459275 ], [ -132.6409764, 55.4748372 ], [ -132.6155302, 55.4748366 ], [ -132.6155482, 55.4892915 ], [ -132.5646405, 55.4892884 ], [ -132.564640199999985, 55.5037428 ], [ -132.6346649, 55.5037466 ], [ -132.6919641, 55.5037462 ], [ -132.6918713, 55.4748368 ], [ -132.767272599999984, 55.4748367 ], [ -132.8436216, 55.4748378 ], [ -132.843668500000035, 55.4892926 ], [ -132.8935904, 55.4892945 ], [ -132.8936003, 55.5037489 ], [ -132.9190721, 55.5037509 ], [ -132.9190913, 55.5182047 ], [ -132.944572699999981, 55.5182067 ], [ -132.944601299999988, 55.5326605 ], [ -132.970092199999982, 55.5326625 ], [ -132.970130399999988, 55.5471162 ], [ -132.9956307, 55.5471183 ], [ -132.9956784, 55.561572 ], [ -133.0199098, 55.561574 ], [ -133.0199108, 55.5760273 ], [ -133.013828599999982, 55.5760268 ], [ -133.0138671, 55.5904804 ], [ -132.988337799999982, 55.5904783 ], [ -132.988366899999988, 55.6049319 ], [ -132.9372902, 55.6049277 ], [ -132.9372702, 55.5760206 ], [ -132.911750899999987, 55.5760185 ], [ -132.911753, 55.6482861 ], [ -132.886467899999985, 55.648284 ], [ -132.8865626, 55.6771909 ], [ -132.8609803, 55.6771903 ], [ -132.861018299999984, 55.6916437 ], [ -132.7842507, 55.6916447 ], [ -132.784240399999987, 55.6771909 ], [ -132.6951101, 55.6771919 ], [ -132.6055882, 55.6771923 ], [ -132.6055802, 55.5760133 ], [ -132.548181299999982, 55.5760103 ], [ -132.4894452, 55.5760084 ], [ -132.4893885, 55.547101 ], [ -132.4384006, 55.5471029 ], [ -132.4383958, 55.5398758 ], [ -132.425651099999982, 55.5398762 ], [ -132.425648699999982, 55.5326491 ], [ -132.4013306, 55.532649799999987 ], [ -132.4013048, 55.5254226 ], [ -132.3630839, 55.5254235 ], [ -132.3631215, 55.539878 ], [ -132.388611800000035, 55.5398774 ], [ -132.3887292, 55.5760132 ], [ -132.401486899999981, 55.5760126 ], [ -132.4017141, 55.6627398 ], [ -132.452515, 55.6627372 ], [ -132.503654, 55.6627347 ], [ -132.5037135, 55.7061006 ], [ -132.529309899999987, 55.7061009 ], [ -132.5292805, 55.6916458 ], [ -132.5293647, 55.6916458 ], [ -132.5293734, 55.6959195 ], [ -132.5548789, 55.6959199 ] ] ], [ [ [ -133.116282499999983, 55.8506564 ], [ -133.116358500000018, 55.9084732 ], [ -133.1935554, 55.908475 ], [ -133.269448, 55.9084736 ], [ -133.269394799999986, 55.8651116 ], [ -133.2179836, 55.8651135 ], [ -133.2179855, 55.8506588 ], [ -133.1933683, 55.8506584 ], [ -133.193414499999989, 55.865113 ], [ -133.142006899999984, 55.8651118 ], [ -133.1419788, 55.8506574 ], [ -133.116282499999983, 55.8506564 ] ] ], [ [ [ -132.8270887, 56.038554 ], [ -132.9045475, 56.0385533 ], [ -132.9043869, 55.980735 ], [ -132.8592679, 55.9807348 ], [ -132.8141549, 55.9807363 ], [ -132.7241577, 55.9807386 ], [ -132.724188199999986, 55.9951933 ], [ -132.7757669, 55.9951923 ], [ -132.775816099999986, 56.0096467 ], [ -132.8012685, 56.0096458 ], [ -132.801269499999989, 56.0241003 ], [ -132.8270777, 56.0240995 ], [ -132.8270887, 56.038554 ] ] ], [ [ [ -133.0848809, 56.0530131 ], [ -133.0852234, 56.1541921 ], [ -133.136091, 56.1541929 ], [ -133.187884699999984, 56.1541931 ], [ -133.187735, 56.0819231 ], [ -133.161887399999983, 56.081923 ], [ -133.161867199999989, 56.0674688 ], [ -133.1360295, 56.0674687 ], [ -133.1360192, 56.0530145 ], [ -133.0848809, 56.0530131 ] ] ], [ [ [ -135.912851499999988, 58.350752 ], [ -135.816636099999982, 58.3507537 ], [ -135.7410343, 58.350755 ], [ -135.6654493, 58.3507575 ], [ -135.582993099999982, 58.3507588 ], [ -135.5830032, 58.5241371 ], [ -135.6658708, 58.5241327 ], [ -135.747944599999983, 58.5241277 ], [ -135.8308092, 58.5241241 ], [ -135.9128762, 58.524121199999989 ], [ -135.912851499999988, 58.350752 ] ] ], [ [ [ -135.5012783, 59.2940158 ], [ -135.501325899999983, 59.308473299999989 ], [ -135.5295793, 59.308473499999984 ], [ -135.529698599999989, 59.3373657 ], [ -135.5845962, 59.3373664 ], [ -135.584573, 59.3084737 ], [ -135.5563196, 59.3084736 ], [ -135.5563199, 59.2940159 ], [ -135.52951969999998, 59.2940158 ], [ -135.529460299999982, 59.2795697 ], [ -135.5012307, 59.2795698 ], [ -135.50118329999998, 59.2651237 ], [ -135.4729659, 59.2651238 ], [ -135.4729303, 59.2506777 ], [ -135.529341499999987, 59.2506772 ], [ -135.5294008, 59.2651235 ], [ -135.5563206, 59.2651232 ], [ -135.556320299999982, 59.279569599999988 ], [ -135.6410094, 59.2795691 ], [ -135.6410449, 59.2940158 ], [ -135.697530299999983, 59.2940153 ], [ -135.697411200000033, 59.2651218 ], [ -135.6127558, 59.2651228 ], [ -135.6127323, 59.2506762 ], [ -135.5563209, 59.2506769 ], [ -135.5563216, 59.2362303 ], [ -135.501088399999986, 59.2362314 ], [ -135.501041, 59.2217853 ], [ -135.4728589, 59.2217854 ], [ -135.4727876, 59.1928931 ], [ -135.4446288, 59.192893400000017 ], [ -135.4446049, 59.1784472 ], [ -135.4164577, 59.1784475 ], [ -135.4164332, 59.1495551 ], [ -135.3883093, 59.1495554 ], [ -135.388308699999982, 59.1351092 ], [ -135.331498399999987, 59.1351067 ], [ -135.3315462, 59.1495532 ], [ -135.345606299999986, 59.1495539 ], [ -135.3456333, 59.1567771 ], [ -135.359696499999984, 59.1567778 ], [ -135.3599666, 59.2217857 ], [ -135.388312499999984, 59.221786 ], [ -135.388313100000033, 59.236232 ], [ -135.4165069, 59.2362319 ], [ -135.416543099999984, 59.27957030000001 ], [ -135.444772299999983, 59.2795701 ], [ -135.4447961, 59.2940163 ], [ -135.5012783, 59.2940158 ] ] ], [ [ [ -135.1447174, 59.624834 ], [ -135.1447149, 59.6221027 ], [ -135.1732309, 59.6221024 ], [ -135.1732059, 59.6076567 ], [ -135.2017098, 59.607656399999989 ], [ -135.2015618, 59.5498734 ], [ -135.230017299999986, 59.5498735 ], [ -135.2299683, 59.5354277 ], [ -135.2584114, 59.5354278 ], [ -135.2582894, 59.5065362 ], [ -135.286126599999989, 59.5065364 ], [ -135.2861264, 59.4920906 ], [ -135.3145323, 59.4920908 ], [ -135.3145446, 59.5065367 ], [ -135.3429625, 59.5065369 ], [ -135.3430114, 59.5354285 ], [ -135.3998958, 59.5354289 ], [ -135.399701099999987, 59.4776452 ], [ -135.3713075, 59.4776452 ], [ -135.3712088, 59.4384522 ], [ -135.3995696, 59.4384521 ], [ -135.399521199999981, 59.4240059 ], [ -135.34282349999998, 59.424006 ], [ -135.342847799999987, 59.438452 ], [ -135.286125699999985, 59.4384517 ], [ -135.286126100000018, 59.4673438 ], [ -135.2581242, 59.467343600000021 ], [ -135.2582285, 59.4920904 ], [ -135.22982159999998, 59.4920901 ], [ -135.2299194, 59.5209819 ], [ -135.2014881, 59.5209817 ], [ -135.201525, 59.5354276 ], [ -135.173081599999989, 59.5354275 ], [ -135.1731313, 59.5643192 ], [ -135.144663799999989, 59.5643193 ], [ -135.144702099999989, 59.6076569 ], [ -135.1161985, 59.6076573 ], [ -135.116199199999983, 59.6221032 ], [ -135.116278599999987, 59.6221032 ], [ -135.117627299999981, 59.6230772 ], [ -135.1447174, 59.624834 ] ] ], [ [ [ -144.6252515, 62.5826796 ], [ -144.5939381, 62.5826807 ], [ -144.593955599999987, 62.5971199 ], [ -144.562627, 62.597121 ], [ -144.5626293, 62.6115603 ], [ -144.531922399999985, 62.6115614 ], [ -144.532000899999986, 62.6260007 ], [ -144.469283, 62.6260029 ], [ -144.469330899999989, 62.6404421 ], [ -144.4065827, 62.6404443 ], [ -144.406600199999986, 62.6548835 ], [ -144.3752108, 62.6548845 ], [ -144.3752154, 62.6837629 ], [ -144.43805519999998, 62.6837609 ], [ -144.5008949, 62.6837589 ], [ -144.5008316, 62.6693196 ], [ -144.562638, 62.6693175 ], [ -144.5626359, 62.6548782 ], [ -144.625414899999981, 62.6548761 ], [ -144.625382299999984, 62.6404368 ], [ -144.656756799999982, 62.6404357 ], [ -144.656709, 62.6259964 ], [ -144.6880683, 62.6259953 ], [ -144.6879419, 62.5971166 ], [ -144.750053899999983, 62.5971145 ], [ -144.750051499999984, 62.5826753 ], [ -144.7813655, 62.5826741 ], [ -144.781348, 62.5682347 ], [ -144.812646799999982, 62.5682335 ], [ -144.812614199999985, 62.5537941 ], [ -144.8438979, 62.5537929 ], [ -144.8437548, 62.5104742 ], [ -144.75003959999998, 62.510478 ], [ -144.750044299999985, 62.539357 ], [ -144.6876897, 62.5393591 ], [ -144.625153499999982, 62.5393613 ], [ -144.625169799999981, 62.546581 ], [ -144.6095321, 62.5465816 ], [ -144.6095822, 62.5754604 ], [ -144.6252351, 62.5754599 ], [ -144.6252515, 62.5826796 ] ] ], [ [ [ -143.8444003, 62.7126579 ], [ -143.8444342, 62.7415363 ], [ -143.9231369, 62.7415338 ], [ -144.000376099999983, 62.7415315 ], [ -144.0003739, 62.7270925 ], [ -144.0947712, 62.727089799999987 ], [ -144.0946745, 62.6982118 ], [ -144.0318045, 62.6982136 ], [ -143.970121899999981, 62.6982152 ], [ -143.9700432, 62.6837761 ], [ -143.8914958, 62.6837779 ], [ -143.812946600000032, 62.6837803 ], [ -143.8129496, 62.7126589 ], [ -143.8444003, 62.7126579 ] ] ], [ [ [ -143.6057018, 62.8570556 ], [ -143.6057199, 62.9870041 ], [ -143.6771468, 62.9870022 ], [ -143.74857369999998, 62.9870003 ], [ -143.8191592, 62.9869983 ], [ -143.8905867, 62.9869962 ], [ -143.8901469, 62.8570471 ], [ -143.7953321, 62.8570498 ], [ -143.795338, 62.9003664 ], [ -143.7323145, 62.9003682 ], [ -143.7321221, 62.8570517 ], [ -143.668911899999983, 62.8570537 ], [ -143.6057018, 62.8570556 ] ] ], [ [ [ -141.804827499999988, 63.0303597 ], [ -141.804971699999982, 63.0736739 ], [ -141.836811, 63.0736732 ], [ -141.836747, 63.0592352 ], [ -141.8685705, 63.0592345 ], [ -141.8684907, 63.0447964 ], [ -141.836683099999988, 63.0447971 ], [ -141.8364279, 62.9870445 ], [ -141.8681724, 62.9870438 ], [ -141.8680928, 62.9726056 ], [ -141.9149381, 62.9726047 ], [ -141.9308026, 62.9726044 ], [ -141.9308196, 62.9870426 ], [ -141.994308700000033, 62.9870413 ], [ -141.994212, 62.9581648 ], [ -141.9624988, 62.9581655 ], [ -141.9624662, 62.9437272 ], [ -141.930768699999987, 62.9437278 ], [ -141.9307856, 62.9581661 ], [ -141.8680133, 62.9581674 ], [ -141.804587, 62.9581688 ], [ -141.804635099999985, 62.972607 ], [ -141.772906299999988, 62.9726077 ], [ -141.7729388, 62.9870459 ], [ -141.741194, 62.9870466 ], [ -141.741177099999987, 62.9726084 ], [ -141.709447399999988, 62.972609 ], [ -141.7094463, 62.9581707 ], [ -141.678386300000028, 62.9581713 ], [ -141.6783072, 62.943733099999989 ], [ -141.6466088, 62.943733699999989 ], [ -141.6465455, 62.9292953 ], [ -141.6148629, 62.9292959 ], [ -141.614815199999981, 62.9148575 ], [ -141.5831485, 62.9148581 ], [ -141.583116499999988, 62.9004197 ], [ -141.5514653, 62.9004202 ], [ -141.5514489, 62.8859818 ], [ -141.583084499999984, 62.8859812 ], [ -141.583052399999985, 62.8715428 ], [ -141.5198124, 62.8715438 ], [ -141.5198112, 62.857105399999988 ], [ -141.5028965, 62.8571057 ], [ -141.5028333, 62.8426671 ], [ -141.4712443, 62.8426678 ], [ -141.471196599999985, 62.8282293 ], [ -141.4396231, 62.82823 ], [ -141.439591, 62.8137914 ], [ -141.4080329, 62.813792 ], [ -141.408016299999986, 62.799353399999987 ], [ -141.3764736, 62.799354 ], [ -141.376472399999983, 62.7849153 ], [ -141.3466855, 62.7849158 ], [ -141.3466072, 62.770477099999987 ], [ -141.2835834, 62.770478 ], [ -141.283536, 62.7560394 ], [ -141.2520395, 62.7560398 ], [ -141.2519752, 62.727162 ], [ -141.220509, 62.7271623 ], [ -141.220475599999986, 62.6982843 ], [ -141.189040100000028, 62.6982845 ], [ -141.1890373, 62.6694061 ], [ -141.1262275, 62.6694064 ], [ -141.1262567, 62.6549671 ], [ -141.0948668, 62.6549678 ], [ -141.094911199999984, 62.640528399999987 ], [ -141.0635365, 62.640529 ], [ -141.0636563, 62.6116502 ], [ -141.0021506, 62.6116512 ], [ -141.002156600000035, 62.6838484 ], [ -141.0319366, 62.6838477 ], [ -141.0318614, 62.698287 ], [ -141.0947332, 62.6982856 ], [ -141.0946438, 62.727164 ], [ -141.126110399999988, 62.7271632 ], [ -141.1260811, 62.7416023 ], [ -141.1575626, 62.741602 ], [ -141.157534699999985, 62.7704798 ], [ -141.189047, 62.7704794 ], [ -141.1890483, 62.7849183 ], [ -141.220576, 62.7849178 ], [ -141.2205928, 62.7993567 ], [ -141.2521358, 62.7993562 ], [ -141.252168, 62.813795 ], [ -141.2837261, 62.8137944 ], [ -141.2837738, 62.8282332 ], [ -141.3153474, 62.8282325 ], [ -141.315410499999984, 62.8426712 ], [ -141.376477099999988, 62.8426699 ], [ -141.3764783, 62.8571085 ], [ -141.424997599999983, 62.8571074 ], [ -141.425045399999988, 62.8715459 ], [ -141.4566654, 62.8715452 ], [ -141.4567916, 62.9004221 ], [ -141.4884427, 62.9004213 ], [ -141.4886003, 62.9292981 ], [ -141.5198159, 62.9292975 ], [ -141.519816700000035, 62.9437359 ], [ -141.551514699999984, 62.9437353 ], [ -141.5515312, 62.9581736 ], [ -141.583244799999989, 62.9581731 ], [ -141.583277, 62.9726114 ], [ -141.6150063, 62.9726108 ], [ -141.6150542, 62.987049 ], [ -141.6467994, 62.9870484 ], [ -141.6469265, 63.0159248 ], [ -141.7094502, 63.0159236 ], [ -141.7094509, 63.0303617 ], [ -141.804827499999988, 63.0303597 ] ] ], [ [ [ -144.543215300000014, 63.7233124 ], [ -144.5432166, 63.7375515 ], [ -144.640968099999981, 63.7375495 ], [ -144.736943, 63.737548 ], [ -144.7369347, 63.6509278 ], [ -144.6406618, 63.6509292 ], [ -144.543208599999986, 63.6509309 ], [ -144.5432073, 63.6366918 ], [ -144.4955573, 63.6366926 ], [ -144.438738199999989, 63.6366936 ], [ -144.3413343, 63.6366953 ], [ -144.244522099999983, 63.6366971 ], [ -144.1471187, 63.636699 ], [ -144.1471128, 63.5500762 ], [ -144.0580972, 63.5500777 ], [ -143.969178, 63.5500792 ], [ -143.9691641, 63.2902005 ], [ -143.8975619, 63.2902027 ], [ -143.825384, 63.2902049 ], [ -143.753781799999985, 63.2902072 ], [ -143.6816076, 63.2902086 ], [ -143.6094328, 63.29021 ], [ -143.537831899999986, 63.2902117 ], [ -143.4656555, 63.2902132 ], [ -143.3934793, 63.2902146 ], [ -143.3934722, 63.203586099999988 ], [ -143.416113199999984, 63.2035856 ], [ -143.4160952, 63.0303246 ], [ -143.345686199999989, 63.0303264 ], [ -143.2741524, 63.0303286 ], [ -143.2037441, 63.0303306 ], [ -143.1322118, 63.0303325 ], [ -143.0606802, 63.0303342 ], [ -142.9902732, 63.0303358 ], [ -142.918742, 63.0303374 ], [ -142.8472107, 63.030339 ], [ -142.84722, 63.1169687 ], [ -142.7771677, 63.1169702 ], [ -142.705423, 63.1169717 ], [ -142.635370599999987, 63.1169732 ], [ -142.5636259, 63.1169748 ], [ -142.4918811, 63.1169763 ], [ -142.4218291, 63.1169777 ], [ -142.3500846, 63.116979 ], [ -142.2783398, 63.1169802 ], [ -142.2783474, 63.2036076 ], [ -142.280223299999989, 63.2036076 ], [ -142.242122599999988, 63.2036083 ], [ -142.242135100000013, 63.3768608 ], [ -142.338657499999982, 63.3768591 ], [ -142.4340243, 63.3768575 ], [ -142.4340298, 63.4634827 ], [ -142.4905044, 63.4634817 ], [ -142.5550479, 63.4634808 ], [ -142.6115237, 63.4634801 ], [ -142.674328799999984, 63.4634791 ], [ -142.730804399999982, 63.4634781 ], [ -142.7953479, 63.4634771 ], [ -142.858152599999983, 63.4634762 ], [ -142.914628099999987, 63.4634755 ], [ -142.9711036, 63.4634748 ], [ -143.033909099999988, 63.4634737 ], [ -143.0984536, 63.4634724 ], [ -143.15493, 63.463471199999987 ], [ -143.2096678, 63.4634701 ], [ -143.2742121, 63.463468799999987 ], [ -143.338756, 63.463467599999987 ], [ -143.3934931, 63.4634666 ], [ -143.39350109999998, 63.5500901 ], [ -143.49061, 63.5500883 ], [ -143.579627099999982, 63.5500863 ], [ -143.6663184, 63.5500843 ], [ -143.758679199999989, 63.5500825 ], [ -143.758687, 63.6367049 ], [ -143.8560908, 63.6367036 ], [ -143.952902699999981, 63.6367024 ], [ -143.9529105, 63.7233235 ], [ -144.0261864, 63.7233223 ], [ -144.1076042, 63.7233208 ], [ -144.1796929, 63.7233194 ], [ -144.2529687, 63.7233179 ], [ -144.3262451, 63.7233165 ], [ -144.3983345, 63.7233152 ], [ -144.471611199999984, 63.7233138 ], [ -144.543215300000014, 63.7233124 ] ], [ [ -143.8003531, 63.550081799999987 ], [ -143.8015638, 63.5500817 ], [ -143.8043974, 63.550081799999987 ], [ -143.8003531, 63.550081799999987 ] ], [ [ -143.808445399999982, 63.5500817 ], [ -143.809656200000035, 63.5500816 ], [ -143.8124908, 63.5500816 ], [ -143.808445399999982, 63.5500817 ] ], [ [ -143.840814699999981, 63.550081199999987 ], [ -143.842025799999988, 63.5500811 ], [ -143.8448596, 63.5500811 ], [ -143.840814699999981, 63.550081199999987 ] ], [ [ -143.8731838, 63.5500807 ], [ -143.8743954, 63.550080599999987 ], [ -143.8772309, 63.550080599999987 ], [ -143.8731838, 63.5500807 ] ], [ [ -143.9055535, 63.5500802 ], [ -143.906764899999985, 63.5500801 ], [ -143.9095998, 63.5500802 ], [ -143.9055535, 63.5500802 ] ], [ [ -143.946015, 63.5500796 ], [ -143.947226699999987, 63.5500795 ], [ -143.9500625, 63.5500795 ], [ -143.946015, 63.5500796 ] ], [ [ -142.332194499999986, 63.2036067 ], [ -142.3343156, 63.2036066 ], [ -142.3361917, 63.2036067 ], [ -142.332194499999986, 63.2036067 ] ], [ [ -142.475969, 63.2036041 ], [ -142.4789772, 63.2036041 ], [ -142.4749797, 63.2036042 ], [ -142.475969, 63.2036041 ] ], [ [ -142.515946099999979, 63.2036034 ], [ -142.5189546, 63.2036034 ], [ -142.5149566, 63.2036035 ], [ -142.515946099999979, 63.2036034 ] ], [ [ -142.5559235, 63.2036027 ], [ -142.558931299999983, 63.2036027 ], [ -142.5549341, 63.2036028 ], [ -142.5559235, 63.2036027 ] ], [ [ -142.595901, 63.203602 ], [ -142.598908099999989, 63.203602 ], [ -142.5949114, 63.2036021 ], [ -142.595901, 63.203602 ] ], [ [ -143.044849, 63.2035934 ], [ -143.047256, 63.2035934 ], [ -143.043258, 63.2035935 ], [ -143.044849, 63.2035934 ] ], [ [ -143.068835399999983, 63.2035929 ], [ -143.071242899999987, 63.2035929 ], [ -143.0672438, 63.203593 ], [ -143.068835399999983, 63.2035929 ] ], [ [ -143.0928217, 63.2035924 ], [ -143.0952288, 63.2035924 ], [ -143.0912305, 63.2035925 ], [ -143.0928217, 63.2035924 ] ], [ [ -143.116808100000014, 63.2035919 ], [ -143.1192141, 63.2035919 ], [ -143.115217, 63.203592 ], [ -143.116808100000014, 63.2035919 ] ], [ [ -143.1407946, 63.2035914 ], [ -143.143201799999986, 63.2035914 ], [ -143.1392033, 63.203591499999987 ], [ -143.1407946, 63.2035914 ] ], [ [ -143.1727769, 63.2035907 ], [ -143.1751841, 63.2035907 ], [ -143.1711853, 63.2035908 ], [ -143.1727769, 63.2035907 ] ], [ [ -143.1967637, 63.2035902 ], [ -143.199171, 63.2035902 ], [ -143.1951724, 63.203590299999988 ], [ -143.1967637, 63.2035902 ] ], [ [ -143.2207503, 63.203589699999988 ], [ -143.22448559999998, 63.203589699999988 ], [ -143.2191597, 63.2035898 ], [ -143.2207503, 63.203589699999988 ] ], [ [ -143.378399, 63.2035864 ], [ -143.381938, 63.2035864 ], [ -143.377933399999989, 63.2035865 ], [ -143.378399, 63.2035864 ] ] ], [ [ [ -144.701317499999988, 63.9829696 ], [ -144.7013203, 64.0118422 ], [ -144.767126499999989, 64.0118409 ], [ -144.76709120000001, 63.9974046 ], [ -144.734205, 63.9974053 ], [ -144.734186699999981, 63.982969 ], [ -144.701317499999988, 63.9829696 ] ] ], [ [ [ -141.239056799999986, 64.8019742 ], [ -141.2395334, 64.8024515 ], [ -141.240223899999989, 64.8028154 ], [ -141.2415546, 64.8030667 ], [ -141.2419248, 64.8035211 ], [ -141.242906300000016, 64.8041252 ], [ -141.2428315, 64.7481434 ], [ -141.209035699999987, 64.7481455 ], [ -141.209037, 64.7625802 ], [ -141.1414096, 64.7625842 ], [ -141.0737813, 64.7625861 ], [ -141.0738517, 64.7481515 ], [ -141.039095, 64.7481522 ], [ -141.0389208, 64.7491794 ], [ -141.0379921, 64.7526206 ], [ -141.03845819999998, 64.7554734 ], [ -141.039179599999983, 64.758111500000012 ], [ -141.039987599999989, 64.7592204 ], [ -141.039986199999987, 64.7594461 ], [ -141.0415672, 64.7611439 ], [ -141.042778299999981, 64.7625592 ], [ -141.0464356, 64.7650295 ], [ -141.050108699999981, 64.7663296 ], [ -141.052364899999986, 64.7674648 ], [ -141.05396829999998, 64.7678721 ], [ -141.054154899999986, 64.7680743 ], [ -141.0567931, 64.7689682 ], [ -141.0608492, 64.7699864 ], [ -141.063393600000012, 64.7708397 ], [ -141.065652699999987, 64.7718133 ], [ -141.0679135, 64.7726659 ], [ -141.072251099999988, 64.7739669 ], [ -141.076021699999984, 64.7752262 ], [ -141.0802707, 64.7760829 ], [ -141.084332599999982, 64.7767777 ], [ -141.085533199999986, 64.7770208 ], [ -141.0853865, 64.7770208 ], [ -141.0874485, 64.77743 ], [ -141.0903791, 64.7777591 ], [ -141.0927399, 64.7782483 ], [ -141.0952915, 64.7786168 ], [ -141.097746199999989, 64.7791868 ], [ -141.1011504, 64.7795166 ], [ -141.1061603, 64.7801724 ], [ -141.110600799999986, 64.7809883 ], [ -141.1120225, 64.7808297 ], [ -141.114385199999987, 64.7811975 ], [ -141.1164666, 64.7813226 ], [ -141.1193032, 64.7816509 ], [ -141.124412, 64.7819834 ], [ -141.127532799999983, 64.7823121 ], [ -141.1293332, 64.782154100000014 ], [ -141.1313184, 64.782440200000011 ], [ -141.134915899999982, 64.7824468 ], [ -141.140217100000029, 64.7824967 ], [ -141.1434371, 64.7823813 ], [ -141.1477004, 64.7820659 ], [ -141.152152199999989, 64.7818315 ], [ -141.1550881, 64.7817154 ], [ -141.159445399999981, 64.7814402 ], [ -141.1652191, 64.7815707 ], [ -141.1686243, 64.7818991 ], [ -141.1719353, 64.7821868 ], [ -141.173260699999986, 64.7821889 ], [ -141.17410959999998, 64.7825534 ], [ -141.1752004, 64.7826267 ], [ -141.175200499999988, 64.7825064 ], [ -141.1771374, 64.7827599 ], [ -141.1798832, 64.7827238 ], [ -141.181778, 64.7825652 ], [ -141.1871668, 64.7835015 ], [ -141.1920812, 64.7845982 ], [ -141.194631099999981, 64.785409 ], [ -141.197176499999983, 64.7868251 ], [ -141.1998209, 64.7877166 ], [ -141.2015142, 64.7891717 ], [ -141.202356, 64.790545 ], [ -141.2022536, 64.7915537 ], [ -141.2023418, 64.7924013 ], [ -141.201765, 64.7935305 ], [ -141.20157, 64.7942566 ], [ -141.2029858, 64.7949042 ], [ -141.2039335, 64.7948248 ], [ -141.2049757, 64.7947859 ], [ -141.206131199999987, 64.7950587 ], [ -141.209040099999982, 64.7950585 ], [ -141.2090402, 64.7959498 ], [ -141.209842899999984, 64.7962175 ], [ -141.2132957, 64.7976522 ], [ -141.214785399999982, 64.7979492 ], [ -141.21675639999998, 64.7980199 ], [ -141.2173415, 64.7981569 ], [ -141.218298, 64.7985213 ], [ -141.21914959999998, 64.7986586 ], [ -141.2208506, 64.7992509 ], [ -141.225484, 64.7995972 ], [ -141.2276689, 64.7995772 ], [ -141.2303829, 64.8001026 ], [ -141.2332015, 64.8009686 ], [ -141.234587299999987, 64.8009248 ], [ -141.234586399999984, 64.801061 ], [ -141.2356508, 64.8012666 ], [ -141.2365558, 64.8014038 ], [ -141.237408200000033, 64.8014502 ], [ -141.2378353, 64.8013145 ], [ -141.2383132, 64.8015875 ], [ -141.239056799999986, 64.8019742 ] ] ], [ [ [ -152.691301399999986, 66.5520387 ], [ -152.6188424, 66.5520399 ], [ -152.6188651, 66.5664715 ], [ -152.691366099999982, 66.5664703 ], [ -152.691301399999986, 66.5520387 ] ] ], [ [ [ -151.471028599999983, 66.9417051 ], [ -151.4710738, 66.9561358 ], [ -151.5263156, 66.9561348 ], [ -151.5815577, 66.9561337 ], [ -151.581447199999985, 66.941703 ], [ -151.636337, 66.9417019 ], [ -151.636201699999987, 66.8984094 ], [ -151.599460599999986, 66.8984101 ], [ -151.599437199999983, 66.8839793 ], [ -151.5285624, 66.8839806 ], [ -151.455124, 66.8839819 ], [ -151.455391099999986, 66.9417053 ], [ -151.471028599999983, 66.9417051 ] ], [ [ -151.501398400000028, 66.9417045 ], [ -151.504502699999989, 66.9417045 ], [ -151.5000804, 66.9417046 ], [ -151.501398400000028, 66.9417045 ] ], [ [ -151.5382047, 66.9417038 ], [ -151.5414226, 66.9417038 ], [ -151.536821799999984, 66.9417039 ], [ -151.5382047, 66.9417038 ] ], [ [ -151.5474063, 66.9417036 ], [ -151.5506231, 66.9417036 ], [ -151.546024, 66.9417037 ], [ -151.5474063, 66.9417036 ] ] ] ] } },
{ "type": "Feature", "properties": { "certificate_number": 5, "entity": "ALPC", "certificate_name": "ANIAK LIGHT AND POWER COMPANY, INC.", "certificate_url": "https://rca.alaska.gov/RCAWeb/Certificate/CertificateDetails.aspx?id=44e51ed0-e1fe-4c7a-9ec2-82724f36fa79", "certificate_granted_year": 1964, "certificate_last_update_date": "1980-05-28", "certificate_last_update_order": "U-80-010", "certificate_last_update_type": "Transfer", "geometry_last_update": "1980-05-28", "geometry_is_current": true, "geometry_cert_sync_status": "up_to_date" }, "geometry": { "type": "MultiPolygon", "coordinates": [ [ [ [ -159.577949499999988, 61.5704918 ], [ -159.517374, 61.5704918 ], [ -159.517374, 61.5849342 ], [ -159.5779781, 61.5849323 ], [ -159.577949499999988, 61.5704918 ] ] ] ] } },
{ "type": "Feature", "properties": { "certificate_number": 8, "entity": "Chugach", "certificate_name": "Chugach Electric Association, Inc.", "certificate_url": "https://rca.alaska.gov/RCAWeb/Certificate/CertificateDetails.aspx?id=7eefd8ff-1630-4ed0-80f6-59e1aed8e391", "certificate_granted_year": 1964, "certificate_last_update_date": "2020-12-15", "certificate_last_update_order": null, "certificate_last_update_type": "Acquire Certificate", "geometry_last_update": "2013-01-25", "geometry_is_current": false, "geometry_cert_sync_status": "outdated" }, "geometry": { "type": "MultiPolygon", "coordinates": [ [ [ [ -150.1368264, 61.1662933 ], [ -150.136854799999981, 61.1807354 ], [ -150.1966813, 61.1807346 ], [ -150.256425799999988, 61.1807339 ], [ -150.2564261, 61.1662925 ], [ -150.246707599999979, 61.1662926 ], [ -150.2467081, 61.1374096 ], [ -150.3064537, 61.1374089 ], [ -150.306426499999986, 61.122967 ], [ -150.2765674, 61.122967599999988 ], [ -150.276552100000032, 61.1085239 ], [ -150.2184763, 61.108524 ], [ -150.218546299999986, 61.1229677 ], [ -150.1886863, 61.1229674 ], [ -150.1887414, 61.1374094 ], [ -150.1588681, 61.1374092 ], [ -150.158909800000032, 61.1518512 ], [ -150.1290232, 61.1518512 ], [ -150.1290516, 61.1662934 ], [ -150.1368264, 61.1662933 ] ] ], [ [ [ -151.016323299999982, 61.1662863 ], [ -151.0039165, 61.1662865 ], [ -151.003956, 61.2096132 ], [ -151.063837299999989, 61.2096124 ], [ -151.063716299999982, 61.1662858 ], [ -151.128447699999981, 61.166285 ], [ -151.1937776, 61.1662848 ], [ -151.1937514, 61.1518425 ], [ -151.2236371, 61.1518424 ], [ -151.2235972, 61.1374002 ], [ -151.311433099999988, 61.1374 ], [ -151.3114344, 61.1229578 ], [ -151.3412926, 61.1229578 ], [ -151.341279899999989, 61.1085157 ], [ -151.371124499999979, 61.1085156 ], [ -151.3710982, 61.0940735 ], [ -151.400929, 61.0940735 ], [ -151.400889299999989, 61.0796313 ], [ -151.430706499999985, 61.0796314 ], [ -151.430653399999983, 61.065189 ], [ -151.488889, 61.065189 ], [ -151.488894499999986, 61.0074194 ], [ -151.4006913, 61.007419799999987 ], [ -151.31144089999998, 61.0074203 ], [ -151.3114401, 61.0218626 ], [ -151.282804199999987, 61.0218628 ], [ -151.282871199999988, 61.036305 ], [ -151.2084283, 61.0363052 ], [ -151.1339855, 61.0363053 ], [ -151.13398429999998, 61.0651897 ], [ -151.105551099999985, 61.06519 ], [ -151.1056858, 61.0940743 ], [ -151.075853699999982, 61.0940747 ], [ -151.0759615, 61.1229587 ], [ -151.0461023, 61.122959 ], [ -151.0461828, 61.1518436 ], [ -151.016296499999982, 61.151843899999989 ], [ -151.016323299999982, 61.1662863 ] ], [ [ -151.028807, 61.166286199999988 ], [ -151.031273199999987, 61.1662861 ], [ -151.032544699999988, 61.166286199999988 ], [ -151.028807, 61.166286199999988 ] ] ], [ [ [ -149.8794682, 61.2427149 ], [ -149.879958499999987, 61.2445227 ], [ -149.879813, 61.2465169 ], [ -149.8791947, 61.2477248 ], [ -149.879231299999987, 61.2477637 ], [ -149.8791421, 61.2479398 ], [ -149.8792415, 61.2485042 ], [ -149.879071899999985, 61.2497009 ], [ -149.8788592, 61.2516421 ], [ -149.8792006, 61.252945399999987 ], [ -149.897621200000032, 61.2529459 ], [ -149.897618599999987, 61.2240615 ], [ -149.9275774, 61.2240622 ], [ -149.9275618, 61.2096197 ], [ -149.987451, 61.2096209 ], [ -150.047334899999981, 61.2096206 ], [ -150.0471932, 61.1807355 ], [ -150.0770259, 61.1807355 ], [ -150.077024, 61.1662931 ], [ -150.0991502, 61.1662932 ], [ -150.099135, 61.1518508 ], [ -150.069246699999979, 61.1518504 ], [ -150.069244699999985, 61.1374079 ], [ -150.0112744, 61.1374067 ], [ -150.011217099999982, 61.1229638 ], [ -149.981356799999986, 61.1229636 ], [ -149.981314700000013, 61.108521 ], [ -149.9514687, 61.1085212 ], [ -149.9514403, 61.0940786 ], [ -149.891775599999988, 61.0940789 ], [ -149.8917745, 61.0796363 ], [ -149.8634094, 61.0796366 ], [ -149.8633405, 61.0651939 ], [ -149.8335357, 61.0651942 ], [ -149.833480399999985, 61.0507515 ], [ -149.80368919999998, 61.0507517 ], [ -149.803605799999985, 61.021866 ], [ -149.7738417, 61.0218661 ], [ -149.773813499999989, 61.0074232 ], [ -149.7143117, 61.0074209 ], [ -149.714310399999988, 60.9929774 ], [ -149.655800699999986, 60.9929738 ], [ -149.6557458, 60.97853 ], [ -149.588870499999985, 60.9785323 ], [ -149.508022399999987, 60.9785408 ], [ -149.507953599999979, 60.9640978 ], [ -149.448534599999988, 60.9641001 ], [ -149.4484928, 60.9496571 ], [ -149.4187966, 60.949658 ], [ -149.418768200000017, 60.9352149 ], [ -149.3890854, 60.9352158 ], [ -149.3890705, 60.9207727 ], [ -149.3302922, 60.9207725 ], [ -149.270951699999983, 60.9207718 ], [ -149.270993799999985, 60.9352149 ], [ -149.1819461, 60.9352033 ], [ -149.181944099999981, 60.92076 ], [ -149.152837, 60.9207552 ], [ -149.152768, 60.9063118 ], [ -149.1231124, 60.9063075 ], [ -149.1230568, 60.8918639 ], [ -149.0934139, 60.8918638 ], [ -149.0933718, 60.8774203 ], [ -149.0637423, 60.8774201 ], [ -149.063683, 60.8485338 ], [ -149.122888599999982, 60.8485337 ], [ -149.1228322, 60.8340903 ], [ -149.181930599999987, 60.8340987 ], [ -149.181928, 60.819655 ], [ -149.213399899999985, 60.8196596 ], [ -149.2133684, 60.7907714 ], [ -149.2429181, 60.7907753 ], [ -149.2428606, 60.7618866 ], [ -149.2723853, 60.7618887 ], [ -149.2722996, 60.732999 ], [ -149.3017985, 60.7330003 ], [ -149.3018554, 60.7474458 ], [ -149.3593827, 60.7474488 ], [ -149.3593845, 60.761893 ], [ -149.3889074, 60.7618918 ], [ -149.3889369, 60.7907799 ], [ -149.4184836, 60.7907758 ], [ -149.418512099999987, 60.805220399999989 ], [ -149.3889517, 60.8052239 ], [ -149.3890556, 60.9063296 ], [ -149.4187115, 60.9063287 ], [ -149.4187398, 60.9207719 ], [ -149.4780786, 60.9207701 ], [ -149.4781338, 60.9352131 ], [ -149.5368549, 60.9352081 ], [ -149.5887966, 60.935201799999987 ], [ -149.6333187, 60.9351974 ], [ -149.685265, 60.9352003 ], [ -149.6851968, 60.9207563 ], [ -149.714305199999984, 60.9207579 ], [ -149.7143031, 60.8918699 ], [ -149.68506069999998, 60.8918684 ], [ -149.684723, 60.8196523 ], [ -149.5959939, 60.8196518 ], [ -149.596049599999986, 60.848539 ], [ -149.566447399999987, 60.848542 ], [ -149.5664171, 60.8196532 ], [ -149.5645212, 60.8196533 ], [ -149.5644759, 60.7763198 ], [ -149.534937300000024, 60.776319 ], [ -149.5349397, 60.7907643 ], [ -149.5071245, 60.7907643 ], [ -149.5074727, 60.8629939 ], [ -149.5368475, 60.8629902 ], [ -149.536849599999982, 60.8774349 ], [ -149.5961054, 60.877426099999987 ], [ -149.5961332, 60.8918698 ], [ -149.5368509, 60.8918782 ], [ -149.5368522, 60.9063216 ], [ -149.478023399999984, 60.906327 ], [ -149.4775211, 60.7763219 ], [ -149.5070551, 60.7763182 ], [ -149.506443099999984, 60.6463234 ], [ -149.5349254, 60.6463289 ], [ -149.5349243, 60.631886 ], [ -149.564336299999979, 60.6318921 ], [ -149.564307099999979, 60.603004 ], [ -149.593693300000012, 60.6030106 ], [ -149.5936375, 60.5741217 ], [ -149.6229978, 60.5741285 ], [ -149.622957, 60.5596842 ], [ -149.6522918, 60.5596809 ], [ -149.6522376, 60.5452363 ], [ -149.681556799999981, 60.545231 ], [ -149.6814891, 60.5307859 ], [ -149.7104823, 60.5307802 ], [ -149.7104765, 60.5018891 ], [ -149.754395499999987, 60.5018803 ], [ -149.791011699999984, 60.5018869 ], [ -149.9080126, 60.5018978 ], [ -149.9958498, 60.5018843 ], [ -150.0627135, 60.5018845 ], [ -150.062712399999981, 60.4729966 ], [ -150.003064, 60.472994899999989 ], [ -149.944555400000013, 60.4730019 ], [ -149.849468, 60.4730056 ], [ -149.7927444, 60.4729962 ], [ -149.7945528, 60.4729964 ], [ -149.794511600000021, 60.4585507 ], [ -149.7652589, 60.4585461 ], [ -149.765231199999988, 60.4441007 ], [ -149.736, 60.4441034 ], [ -149.7359716, 60.4152134 ], [ -149.706773799999979, 60.415222799999988 ], [ -149.706773, 60.4007783 ], [ -149.7359574, 60.4007684 ], [ -149.73594319999998, 60.3863233 ], [ -149.6498126, 60.3863539 ], [ -149.64991569999998, 60.4152412 ], [ -149.6791134, 60.4152318 ], [ -149.6791785, 60.4296758 ], [ -149.706774599999989, 60.4296674 ], [ -149.7067769, 60.4730009 ], [ -149.708626399999986, 60.4730005 ], [ -149.6812227, 60.4730074 ], [ -149.681288100000017, 60.4874514 ], [ -149.652023, 60.4874584 ], [ -149.652129299999984, 60.516346799999987 ], [ -149.5642174, 60.516336 ], [ -149.505834599999986, 60.5163211 ], [ -149.50576719999998, 60.501876 ], [ -149.447193699999985, 60.5018785 ], [ -149.447158299999984, 60.4874378 ], [ -149.388612199999983, 60.487441399999987 ], [ -149.38858, 60.4296808 ], [ -149.373703299999988, 60.4296813 ], [ -149.374133699999987, 60.4298545 ], [ -149.3743868, 60.4301827 ], [ -149.3741822, 60.430558 ], [ -149.373096600000025, 60.4306568 ], [ -149.37220259999998, 60.430487899999989 ], [ -149.3712735, 60.430451299999987 ], [ -149.3706939, 60.4302627 ], [ -149.36896489999998, 60.4304968 ], [ -149.368458299999986, 60.4303064 ], [ -149.3663324, 60.4307056 ], [ -149.3651856, 60.4304474 ], [ -149.3642568, 60.4306497 ], [ -149.3620362, 60.4301315 ], [ -149.3599912, 60.4301345 ], [ -149.359356599999984, 60.4300557 ], [ -149.35933559999998, 60.5163274 ], [ -149.4472347, 60.5163233 ], [ -149.4472758, 60.530768 ], [ -149.505902, 60.5307662 ], [ -149.5059695, 60.5452112 ], [ -149.564247199999983, 60.5452255 ], [ -149.5642771, 60.5741148 ], [ -149.5349168, 60.5741079 ], [ -149.534920799999981, 60.6029975 ], [ -149.506240199999979, 60.602991 ], [ -149.5063757, 60.6318801 ], [ -149.476969699999984, 60.6318798 ], [ -149.4771892, 60.6896555 ], [ -149.447734, 60.6896586 ], [ -149.4479039, 60.7474363 ], [ -149.4183981, 60.7474419 ], [ -149.4183682, 60.7329969 ], [ -149.359378599999985, 60.733003 ], [ -149.3593744, 60.7185573 ], [ -149.3017415, 60.718554899999987 ], [ -149.2427711, 60.7185521 ], [ -149.2428013, 60.7329971 ], [ -149.213304199999982, 60.7329942 ], [ -149.213337, 60.7618831 ], [ -149.183813499999985, 60.7618796 ], [ -149.183818699999989, 60.7907675 ], [ -149.156004699999983, 60.7907638 ], [ -149.156074, 60.805207499999987 ], [ -149.126511199999982, 60.8052034 ], [ -149.1265674, 60.8196469 ], [ -149.129269400000027, 60.8196473 ], [ -149.0636237, 60.8196474 ], [ -149.0636533, 60.8340906 ], [ -149.0340639, 60.8340908 ], [ -149.03404759999998, 60.8196477 ], [ -149.0082629, 60.8196479 ], [ -149.008259899999985, 60.8052048 ], [ -148.950951299999986, 60.8052103 ], [ -148.9508954, 60.7907679 ], [ -148.891798, 60.7907749 ], [ -148.8917692, 60.7763333 ], [ -148.8195843, 60.7763378 ], [ -148.745742, 60.7763386 ], [ -148.745701100000019, 60.7618967 ], [ -148.6866479, 60.7618763 ], [ -148.6291714, 60.7618565 ], [ -148.6292382, 60.7763013 ], [ -148.570159099999984, 60.7762988 ], [ -148.511080099999987, 60.7762968 ], [ -148.511107899999985, 60.8051863 ], [ -148.540674, 60.8051873 ], [ -148.5407012, 60.819632 ], [ -148.5998598, 60.819634 ], [ -148.599806, 60.8051893 ], [ -148.629372099999983, 60.8051908 ], [ -148.629305099999982, 60.7907461 ], [ -148.708841, 60.7907696 ], [ -148.8326984, 60.7907787 ], [ -148.8327002, 60.8052202 ], [ -148.891826899999984, 60.8052165 ], [ -148.8918559, 60.819658 ], [ -148.9453202, 60.8196531 ], [ -148.9454883, 60.8629797 ], [ -149.0044804, 60.8629768 ], [ -149.004485099999982, 60.8918633 ], [ -149.034128, 60.8918635 ], [ -149.034143299999982, 60.9063069 ], [ -149.0637997, 60.9063071 ], [ -149.0638284, 60.9207505 ], [ -149.0934982, 60.9207507 ], [ -149.0935828, 60.9496375 ], [ -149.063886, 60.9496372 ], [ -149.063914899999986, 60.9640806 ], [ -149.0936251, 60.9640808 ], [ -149.093646299999989, 60.9713025 ], [ -149.093667399999987, 60.9785241 ], [ -149.0639438, 60.9785238 ], [ -149.0640598, 61.0362983 ], [ -149.1236154, 61.036299099999987 ], [ -149.1233911, 60.9785245 ], [ -149.1531139, 60.9785285 ], [ -149.153044599999987, 60.9640852 ], [ -149.18195, 60.9640898 ], [ -149.181948, 60.9496465 ], [ -149.293308699999983, 60.9496582 ], [ -149.3891003, 60.9496589 ], [ -149.389115300000014, 60.9641019 ], [ -149.418825, 60.964101 ], [ -149.418853400000017, 60.978544 ], [ -149.3891303, 60.9785449 ], [ -149.3891612, 61.0074308 ], [ -149.4784113, 61.007428 ], [ -149.478468099999986, 61.021870899999989 ], [ -149.5368645, 61.0218671 ], [ -149.536860099999984, 60.9929809 ], [ -149.596328799999981, 60.992975099999988 ], [ -149.596386699999982, 61.0218618 ], [ -149.633588799999984, 61.0218594 ], [ -149.6856765, 61.0218623 ], [ -149.685815099999985, 61.0507486 ], [ -149.633680799999979, 61.050746 ], [ -149.5964453, 61.0507482 ], [ -149.5964746, 61.0651914 ], [ -149.5666732, 61.065193699999988 ], [ -149.566689199999985, 61.0796368 ], [ -149.626318699999985, 61.0796324 ], [ -149.6263615, 61.0940756 ], [ -149.6561925, 61.0940767 ], [ -149.656248799999986, 61.1085199 ], [ -149.686093199999988, 61.108521 ], [ -149.6863012, 61.1518497 ], [ -149.656416, 61.1518489 ], [ -149.656471399999987, 61.166292 ], [ -149.718213099999986, 61.1662932 ], [ -149.7182172, 61.2240635 ], [ -149.7110573, 61.2240635 ], [ -149.711393099999981, 61.2242096 ], [ -149.7114434, 61.2320644 ], [ -149.704024, 61.2345568 ], [ -149.704270200000025, 61.2350755 ], [ -149.718218, 61.2348954 ], [ -149.718218, 61.2345312 ], [ -149.733422499999989, 61.2345834 ], [ -149.7334434, 61.231395 ], [ -149.7481789, 61.2312847 ], [ -149.748171499999984, 61.2240635 ], [ -149.778126, 61.224063 ], [ -149.778132199999988, 61.2271774 ], [ -149.778325599999988, 61.2273329 ], [ -149.7829332, 61.2250574 ], [ -149.7836221, 61.2249508 ], [ -149.7878628, 61.22481 ], [ -149.790961, 61.2248148 ], [ -149.7913074, 61.2249684 ], [ -149.7912552, 61.226443499999988 ], [ -149.7932912, 61.2264395 ], [ -149.7933749, 61.2313908 ], [ -149.8027152, 61.231411 ], [ -149.81577009999998, 61.231375 ], [ -149.815818299999989, 61.2278238 ], [ -149.830820599999981, 61.2278344 ], [ -149.8308428, 61.2322666 ], [ -149.8321547, 61.2320927 ], [ -149.83292609999998, 61.232341 ], [ -149.8341724, 61.2323492 ], [ -149.835110899999989, 61.2321523 ], [ -149.8365787, 61.2306099 ], [ -149.8385568, 61.230076 ], [ -149.840336, 61.2298409 ], [ -149.844378600000027, 61.2287775 ], [ -149.84964130000003, 61.2280694 ], [ -149.853339799999986, 61.2285648 ], [ -149.8533407, 61.2313908 ], [ -149.860832599999981, 61.2313869 ], [ -149.8623542, 61.2297747 ], [ -149.871371499999981, 61.2310041 ], [ -149.8717792, 61.2311874 ], [ -149.871833, 61.2314253 ], [ -149.872715, 61.2314283 ], [ -149.8727436, 61.2318176 ], [ -149.871604499999989, 61.2327825 ], [ -149.872692299999983, 61.2332749 ], [ -149.873296899999985, 61.233018 ], [ -149.874861899999985, 61.2339309 ], [ -149.8748535, 61.234907 ], [ -149.8799278, 61.234891299999987 ], [ -149.878470099999987, 61.2360933 ], [ -149.878534799999983, 61.2386091 ], [ -149.878738799999979, 61.2386088 ], [ -149.878814399999982, 61.2423878 ], [ -149.8794682, 61.2427149 ] ], [ [ -149.8170068, 61.1807351 ], [ -149.822910799999988, 61.1807349 ], [ -149.830389200000013, 61.1807348 ], [ -149.8170068, 61.1807351 ] ], [ [ -149.8976159, 61.1951766 ], [ -149.90509849999998, 61.1951767 ], [ -149.9090766, 61.1951769 ], [ -149.8976159, 61.1951766 ] ], [ [ -149.929490499999986, 61.1951772 ], [ -149.9295951, 61.1951772 ], [ -149.930759699999982, 61.1962244 ], [ -149.9308695, 61.1965818 ], [ -149.9301082, 61.1958484 ], [ -149.929490499999986, 61.1951772 ] ], [ [ -149.931761, 61.1994838 ], [ -149.9320444, 61.2004062 ], [ -149.932435, 61.202104 ], [ -149.9321258, 61.2028915 ], [ -149.9313455, 61.2038871 ], [ -149.9305357, 61.2045257 ], [ -149.9296176, 61.2051177 ], [ -149.9307734, 61.2040367 ], [ -149.9317872, 61.2027868 ], [ -149.932110099999989, 61.2016814 ], [ -149.9321033, 61.2006807 ], [ -149.931761, 61.1994838 ] ], [ [ -149.5368522, 60.9063216 ], [ -149.5665067, 60.9063176 ], [ -149.5665213, 60.920761 ], [ -149.5368536, 60.9207649 ], [ -149.5368522, 60.9063216 ] ], [ [ -149.7872362, 60.4729952 ], [ -149.7890859, 60.4729956 ], [ -149.785428, 60.472995 ], [ -149.7872362, 60.4729952 ] ], [ [ -149.750654299999979, 60.4729898 ], [ -149.7528384, 60.47299 ], [ -149.7473559, 60.4729906 ], [ -149.750654299999979, 60.4729898 ] ], [ [ -148.998569799999984, 60.8196483 ], [ -149.0027647, 60.8196479 ], [ -149.0042134, 60.8196479 ], [ -148.998569799999984, 60.8196483 ] ], [ [ -149.8787745, 61.1662915 ], [ -149.881146199999989, 61.166291599999987 ], [ -149.8769077, 61.166291599999987 ], [ -149.8787745, 61.1662915 ] ], [ [ -149.947025599999989, 61.1662921 ], [ -149.9432884, 61.1662921 ], [ -149.94411, 61.166292 ], [ -149.947025599999989, 61.1662921 ] ], [ [ -150.0068291, 61.1662926 ], [ -150.0030712, 61.1662926 ], [ -150.0039141, 61.1662925 ], [ -150.0068291, 61.1662926 ] ], [ [ -150.018864899999983, 61.1662926 ], [ -150.021779399999986, 61.1662927 ], [ -150.018043299999988, 61.1662927 ], [ -150.018864899999983, 61.1662926 ] ], [ [ -150.0338156, 61.1662927 ], [ -150.0367306, 61.166292799999987 ], [ -150.032993799999986, 61.166292799999987 ], [ -150.0338156, 61.1662927 ] ] ] ] } },
{ "type": "Feature", "properties": { "certificate_number": 10, "entity": "CVEA", "certificate_name": "Copper Valley Electric Association, Inc.", "certificate_url": "https://rca.alaska.gov/RCAWeb/Certificate/CertificateDetails.aspx?id=313d44e4-de30-4602-a5e5-dd16e3dba177", "certificate_granted_year": 1964, "certificate_last_update_date": "2013-03-08", "certificate_last_update_order": "U-90-006(3E)", "certificate_last_update_type": "Amendment", "geometry_last_update": "2013-03-08", "geometry_is_current": true, "geometry_cert_sync_status": "up_to_date" }, "geometry": { "type": "MultiPolygon", "coordinates": [ [ [ [ -145.4068215, 62.7559306 ], [ -145.407439499999981, 62.9436391 ], [ -145.4866872, 62.9436378 ], [ -145.5653744, 62.9436365 ], [ -145.5651806, 62.8570024 ], [ -145.562976, 62.8570024 ], [ -145.5627202, 62.7414886 ], [ -145.4997562, 62.7414896 ], [ -145.499752199999989, 62.683732 ], [ -145.5311728, 62.6837315 ], [ -145.531027199999983, 62.553775 ], [ -145.5623108, 62.5537744 ], [ -145.562217299999986, 62.510455 ], [ -145.56007, 62.510455 ], [ -145.559883, 62.4238129 ], [ -145.5287347, 62.4238134 ], [ -145.5285429, 62.2505251 ], [ -145.4975728, 62.250525399999987 ], [ -145.497568699999988, 62.1638824 ], [ -145.5263583, 62.1638819 ], [ -145.526327499999979, 62.1350006 ], [ -145.580319, 62.1349992 ], [ -145.642023599999987, 62.1349974 ], [ -145.701812099999984, 62.1349955 ], [ -145.7558034, 62.1349937 ], [ -145.8175068, 62.1349918 ], [ -145.8772947, 62.13499 ], [ -145.9312779, 62.1349912 ], [ -145.9852611, 62.1349923 ], [ -145.9852012, 62.120551 ], [ -146.060465900000025, 62.1205495 ], [ -146.137560799999989, 62.1205474 ], [ -146.214652, 62.120547599999988 ], [ -146.289915, 62.1205462 ], [ -146.2898845, 62.106105299999989 ], [ -146.351527, 62.106103 ], [ -146.4114266, 62.106101 ], [ -146.411425799999989, 62.0916602 ], [ -146.4730329, 62.0916583 ], [ -146.4730032, 62.0772177 ], [ -146.534584199999983, 62.0772161 ], [ -146.594603899999981, 62.0772148 ], [ -146.594602899999984, 62.048333799999988 ], [ -146.67151149999998, 62.0483327 ], [ -146.748421799999988, 62.0483319 ], [ -146.748349, 62.0338915 ], [ -146.777796099999989, 62.0338911 ], [ -146.7777964, 62.0050103 ], [ -146.869953, 62.005009 ], [ -146.9609744, 62.0050064 ], [ -147.0531311, 62.0050054 ], [ -147.1441659, 62.0050046 ], [ -147.14416559999998, 61.9905642 ], [ -147.1582166, 61.9905633 ], [ -147.15821459999998, 61.9606108 ], [ -147.250222799999989, 61.9606039 ], [ -147.2501773, 61.9461627 ], [ -147.311499199999986, 61.9461612 ], [ -147.3723022, 61.9461598 ], [ -147.372224499999987, 61.8739539 ], [ -147.402813399999985, 61.8739543 ], [ -147.4027844, 61.859514 ], [ -147.4252809, 61.8595146 ], [ -147.4252521, 61.8450745 ], [ -147.486372599999982, 61.8450764 ], [ -147.4863154, 61.8306366 ], [ -147.5455326, 61.8306371 ], [ -147.545532899999984, 61.8161974 ], [ -147.606593, 61.8161972 ], [ -147.667654900000031, 61.8161981 ], [ -147.6674826, 61.7728781 ], [ -147.576020199999988, 61.7728778 ], [ -147.4860875, 61.7728772 ], [ -147.4861444, 61.7873171 ], [ -147.4556408, 61.7873153 ], [ -147.455683599999986, 61.8017554 ], [ -147.394648099999984, 61.8017523 ], [ -147.3946627, 61.8161928 ], [ -147.364130499999987, 61.8161919 ], [ -147.3641308, 61.8306325 ], [ -147.33545669999998, 61.8306326 ], [ -147.3355288, 61.8450733 ], [ -147.304967399999981, 61.8450734 ], [ -147.3050251, 61.8595141 ], [ -147.308040299999988, 61.8595142 ], [ -147.2804821, 61.8595144 ], [ -147.280599300000034, 61.8883967 ], [ -147.2194002, 61.888400499999989 ], [ -147.2194308, 61.9028417 ], [ -147.158210699999984, 61.902847599999987 ], [ -147.158211699999981, 61.9183593 ], [ -147.11413589999998, 61.9183619 ], [ -147.1142088, 61.9328026 ], [ -147.0835591, 61.9328022 ], [ -147.083617799999985, 61.9472429 ], [ -147.052953699999989, 61.9472426 ], [ -147.0529981, 61.9616833 ], [ -146.9839743, 61.9616832 ], [ -146.915823499999988, 61.9616845 ], [ -146.846806499999985, 61.9616859 ], [ -146.7777882, 61.9616872 ], [ -146.777791399999984, 61.9761283 ], [ -146.717362, 61.976129 ], [ -146.7174827, 62.0050109 ], [ -146.656040900000022, 62.0050112 ], [ -146.594601399999988, 62.0050119 ], [ -146.594601899999986, 62.0194525 ], [ -146.53434919999998, 62.0194536 ], [ -146.4728845, 62.0194548 ], [ -146.4729141, 62.0338956 ], [ -146.44216849999998, 62.0338963 ], [ -146.442183699999987, 62.0483371 ], [ -146.3820518, 62.0483387 ], [ -146.382125699999989, 62.0627795 ], [ -146.289793399999979, 62.0627823 ], [ -146.2898237, 62.0772233 ], [ -146.1913118, 62.0772246 ], [ -146.1374246, 62.0772246 ], [ -146.09123409999998, 62.0772256 ], [ -146.03890880000003, 62.0772271 ], [ -145.985022, 62.077228 ], [ -145.884956, 62.0772268 ], [ -145.7864442, 62.0772295 ], [ -145.686367499999989, 62.0772325 ], [ -145.587854099999987, 62.0772352 ], [ -145.4954742, 62.0772373 ], [ -145.4954692, 61.9328251 ], [ -145.434865799999983, 61.9328255 ], [ -145.373571199999986, 61.9328259 ], [ -145.373511399999984, 61.9039434 ], [ -145.3122749, 61.9039439 ], [ -145.312269, 61.8172965 ], [ -145.2532448, 61.8172971 ], [ -145.253071, 61.7739734 ], [ -145.2225824, 61.7739737 ], [ -145.2221878, 61.644001499999987 ], [ -145.2525479, 61.6440007 ], [ -145.2523731, 61.6006754 ], [ -145.282690699999989, 61.6006745 ], [ -145.282257, 61.5140219 ], [ -145.2520233, 61.5140227 ], [ -145.251907599999981, 61.485139 ], [ -145.221703099999985, 61.4851408 ], [ -145.2216594, 61.4706993 ], [ -145.193456199999986, 61.4707011 ], [ -145.193426499999987, 61.4562594 ], [ -145.163249899999983, 61.4562613 ], [ -145.1632343, 61.4418198 ], [ -145.193396899999982, 61.4418179 ], [ -145.1933673, 61.4273763 ], [ -145.223516, 61.4273744 ], [ -145.22347259999998, 61.4129327 ], [ -145.2536074, 61.4129308 ], [ -145.253550099999984, 61.3984892 ], [ -145.312225, 61.3984871 ], [ -145.312221199999982, 61.3696039 ], [ -145.3423153, 61.3696028 ], [ -145.3422321, 61.2973968 ], [ -145.312208199999986, 61.2973978 ], [ -145.312202899999988, 61.268515 ], [ -145.342199, 61.268514 ], [ -145.342182399999984, 61.2540726 ], [ -145.3721645, 61.2540717 ], [ -145.3721342, 61.2396292 ], [ -145.4021028, 61.2396281 ], [ -145.4020588, 61.225185 ], [ -145.461968499999983, 61.2251829 ], [ -145.5213042, 61.225181 ], [ -145.521287199999989, 61.2107379 ], [ -145.6111123, 61.2107362 ], [ -145.700447699999984, 61.2107349 ], [ -145.700412699999987, 61.1818504 ], [ -145.7303274, 61.1818504 ], [ -145.730296, 61.1674082 ], [ -145.760196899999983, 61.1674081 ], [ -145.7600611, 61.1240819 ], [ -145.8159061, 61.1240802 ], [ -145.8736891, 61.1240786 ], [ -145.8736715, 61.1096353 ], [ -145.9035185, 61.1096346 ], [ -145.9034565, 61.0807484 ], [ -145.933276799999987, 61.0807481 ], [ -145.93323239999998, 61.0663051 ], [ -146.0210425, 61.0663046 ], [ -146.021046, 61.0807474 ], [ -146.080690799999985, 61.0807474 ], [ -146.080722899999984, 61.0951903 ], [ -146.110559599999988, 61.0951905 ], [ -146.110606099999984, 61.1096335 ], [ -146.1702879, 61.1096311 ], [ -146.1703613, 61.1240743 ], [ -146.148259599999989, 61.1240756 ], [ -146.148375, 61.1529598 ], [ -146.215438, 61.1529566 ], [ -146.282673, 61.1529541 ], [ -146.3499182, 61.1529525 ], [ -146.4170001, 61.1529519 ], [ -146.4169656, 61.1240664 ], [ -146.34978049999998, 61.1240671 ], [ -146.2852168, 61.1240689 ], [ -146.2878365, 61.124068699999988 ], [ -146.287747199999984, 61.0951822 ], [ -146.3548716, 61.0951805 ], [ -146.420223199999981, 61.0951803 ], [ -146.4873499, 61.095181 ], [ -146.552699099999984, 61.0951796 ], [ -146.5526968, 61.0662935 ], [ -146.4499855, 61.066294799999987 ], [ -146.3978213, 61.0662938 ], [ -146.3472705, 61.066294199999987 ], [ -146.2504008, 61.066296599999987 ], [ -146.192416399999985, 61.0663002 ], [ -146.1402703, 61.0663035 ], [ -146.140210199999984, 61.0518603 ], [ -146.080626599999988, 61.0518615 ], [ -146.021038899999979, 61.0518619 ], [ -146.0210353, 61.037419099999987 ], [ -145.962924099999981, 61.037419099999987 ], [ -145.9033637, 61.0374188 ], [ -145.903394599999984, 61.051862 ], [ -145.8736012, 61.0518621 ], [ -145.873636299999987, 61.0807487 ], [ -145.8156898, 61.0807497 ], [ -145.815761899999984, 61.0951932 ], [ -145.7411793, 61.095194199999987 ], [ -145.6665999, 61.0951925 ], [ -145.6666084, 61.1240799 ], [ -145.6704839, 61.12408 ], [ -145.670487399999985, 61.1385227 ], [ -145.7003603, 61.1385232 ], [ -145.7003777, 61.152965699999989 ], [ -145.6704909, 61.1529653 ], [ -145.6704944, 61.1674079 ], [ -145.6109387, 61.1674078 ], [ -145.6109965, 61.1818507 ], [ -145.521253299999984, 61.1818516 ], [ -145.5212703, 61.1962948 ], [ -145.446861499999983, 61.1962972 ], [ -145.3720437, 61.1963001 ], [ -145.372073799999981, 61.210743 ], [ -145.342133099999984, 61.2107442 ], [ -145.3421495, 61.2251872 ], [ -145.3121951, 61.2251882 ], [ -145.312197699999984, 61.2396312 ], [ -145.2529179, 61.2396331 ], [ -145.253377799999981, 61.3551649 ], [ -145.2232984, 61.3551666 ], [ -145.223342299999985, 61.3696079 ], [ -145.1631559, 61.3696118 ], [ -145.1631717, 61.3840533 ], [ -145.1330647, 61.3840553 ], [ -145.1330664, 61.3984969 ], [ -145.104514699999982, 61.398498 ], [ -145.104657399999979, 61.4273812 ], [ -145.0745086, 61.4273821 ], [ -145.0746814, 61.470706899999989 ], [ -145.0707069, 61.470707 ], [ -145.0707646, 61.4851485 ], [ -145.10096919999998, 61.4851475 ], [ -145.101040899999987, 61.499589 ], [ -145.1613098, 61.499586 ], [ -145.1613415, 61.5284697 ], [ -145.1915881, 61.5284681 ], [ -145.191708200000022, 61.5862357 ], [ -145.16140489999998, 61.5862368 ], [ -145.1614208, 61.6006785 ], [ -145.1311034, 61.6006796 ], [ -145.1311111, 61.6873274 ], [ -145.071574, 61.6873288 ], [ -145.0716318, 61.70177 ], [ -144.9955894, 61.701771799999989 ], [ -144.9209003, 61.7017726 ], [ -144.9207571, 61.6728902 ], [ -144.890368699999982, 61.6728905 ], [ -144.8903115, 61.6584493 ], [ -144.7991912, 61.6584503 ], [ -144.7091672, 61.6584518 ], [ -144.7091097, 61.6440105 ], [ -144.6787492, 61.6440112 ], [ -144.678705899999983, 61.6295699 ], [ -144.587667399999987, 61.6295718 ], [ -144.5876691, 61.658454399999989 ], [ -144.618043199999988, 61.6584539 ], [ -144.618073399999986, 61.6873365 ], [ -144.7092822, 61.687334299999989 ], [ -144.7093398, 61.7017755 ], [ -144.768819899999983, 61.7017743 ], [ -144.7688205, 61.7162155 ], [ -144.8296804, 61.7162147 ], [ -144.829709399999984, 61.7306561 ], [ -144.8601535, 61.7306557 ], [ -144.860196799999983, 61.7450968 ], [ -144.9211158, 61.7450961 ], [ -144.9211872, 61.7595374 ], [ -144.9499663, 61.7595371 ], [ -144.9499663, 61.7739784 ], [ -144.980454899999984, 61.773978099999987 ], [ -144.980469299999982, 61.7884193 ], [ -145.0109723, 61.7884189 ], [ -145.011001099999987, 61.8028601 ], [ -145.0720359, 61.8028587 ], [ -145.072093600000017, 61.8172998 ], [ -145.098548, 61.8172993 ], [ -145.0986201, 61.8317404 ], [ -145.1290802, 61.8317398 ], [ -145.1290807, 61.846181 ], [ -145.159641099999988, 61.8461806 ], [ -145.159656, 61.8606218 ], [ -145.190230899999989, 61.8606214 ], [ -145.1902603, 61.8750625 ], [ -145.22084959999998, 61.8750621 ], [ -145.2209823, 61.9183861 ], [ -145.251615, 61.9183857 ], [ -145.2519098, 61.9905919 ], [ -145.2826149, 61.9905916 ], [ -145.2826885, 62.0050328 ], [ -145.312281899999988, 62.0050325 ], [ -145.312283399999984, 62.0339149 ], [ -145.343032099999988, 62.0339145 ], [ -145.343047399999989, 62.0483556 ], [ -145.3738108, 62.0483553 ], [ -145.3738706, 62.0772373 ], [ -145.404662500000029, 62.0772373 ], [ -145.4051519, 62.2360844 ], [ -145.3741976, 62.2360844 ], [ -145.374227499999989, 62.2505247 ], [ -145.3122912, 62.2505274 ], [ -145.312293700000026, 62.2794095 ], [ -145.220009399999981, 62.2794137 ], [ -145.220055299999984, 62.2938547 ], [ -145.1580291, 62.2938577 ], [ -145.158078, 62.3371808 ], [ -145.1270204, 62.3371823 ], [ -145.1270218, 62.3516232 ], [ -145.0971041, 62.3516243 ], [ -145.0972567, 62.3805058 ], [ -145.0350499, 62.3805078 ], [ -145.0350972, 62.3949482 ], [ -144.9728613, 62.3949502 ], [ -144.972878800000018, 62.4093904 ], [ -144.880996499999981, 62.409393599999987 ], [ -144.8810589, 62.4238335 ], [ -144.84991119999998, 62.4238349 ], [ -144.849958599999979, 62.4382748 ], [ -144.818795699999981, 62.4382763 ], [ -144.818860600000022, 62.4671559 ], [ -144.7876675, 62.4671573 ], [ -144.787702199999984, 62.4960367 ], [ -144.7564789, 62.496038 ], [ -144.7564812, 62.5104777 ], [ -144.8189581, 62.5104752 ], [ -144.8814348, 62.5104728 ], [ -144.8813093, 62.4815932 ], [ -144.912517, 62.4815924 ], [ -144.912439299999988, 62.4671525 ], [ -144.9417561, 62.4671517 ], [ -144.9417536, 62.4527117 ], [ -145.004108799999983, 62.45271 ], [ -145.00407629999998, 62.4382698 ], [ -145.066402399999987, 62.4382684 ], [ -145.127033499999982, 62.4382672 ], [ -145.1270313, 62.4238266 ], [ -145.158178199999981, 62.4238251 ], [ -145.1581612, 62.4093846 ], [ -145.18929319999998, 62.4093831 ], [ -145.189229499999982, 62.3805018 ], [ -145.2203318, 62.3805003 ], [ -145.2202393, 62.3516187 ], [ -145.2513118, 62.3516171 ], [ -145.25125079999998, 62.337176199999988 ], [ -145.312298699999985, 62.3371737 ], [ -145.3123072, 62.4238181 ], [ -145.343454, 62.4238168 ], [ -145.3434705, 62.4382574 ], [ -145.374632199999979, 62.4382562 ], [ -145.3747583, 62.496018299999989 ], [ -145.4372037, 62.4960172 ], [ -145.4375115, 62.5682166 ], [ -145.4062132, 62.5682172 ], [ -145.4066336, 62.6981733 ], [ -145.3751981, 62.6981739 ], [ -145.3753245, 62.7559311 ], [ -145.4068215, 62.7559306 ] ], [ [ -145.1606306, 61.8172982 ], [ -145.16165, 61.8172981 ], [ -145.164447, 61.8172981 ], [ -145.1606306, 61.8172982 ] ], [ [ -145.168263699999983, 61.8172981 ], [ -145.169282899999985, 61.817298 ], [ -145.172079199999985, 61.8172981 ], [ -145.168263699999983, 61.8172981 ] ], [ [ -145.229326499999985, 61.8172974 ], [ -145.2303461, 61.8172973 ], [ -145.233143, 61.8172973 ], [ -145.229326499999985, 61.8172974 ] ], [ [ -145.23696, 61.8172973 ], [ -145.237979, 61.8172972 ], [ -145.2407752, 61.8172973 ], [ -145.23696, 61.8172973 ] ], [ [ -146.199385899999982, 61.1240727 ], [ -146.193630399999989, 61.124073 ], [ -146.198274199999986, 61.1240727 ], [ -146.199385899999982, 61.1240727 ] ] ] ] } },
{ "type": "Feature", "properties": { "certificate_number": 13, "entity": "GVEA", "certificate_name": "Golden Valley Electric Association, Inc.", "certificate_url": "https://rca.alaska.gov/RCAWeb/Certificate/CertificateDetails.aspx?id=6a907960-cadb-4d83-831d-4ed494e7cf66", "certificate_granted_year": 1964, "certificate_last_update_date": "2013-04-09", "certificate_last_update_order": "U-11-127(5EE)", "certificate_last_update_type": null, "geometry_last_update": "2013-04-09", "geometry_is_current": true, "geometry_cert_sync_status": "up_to_date" }, "geometry": { "type": "MultiPolygon", "coordinates": [ [ [ [ -148.0555919, 65.2098868 ], [ -148.0556327, 65.5562943 ], [ -148.160151, 65.5562924 ], [ -148.2619321, 65.5562905 ], [ -148.3664506, 65.5562883 ], [ -148.4682329, 65.5562864 ], [ -148.5727522, 65.5562844 ], [ -148.674534199999982, 65.5562823 ], [ -148.779053399999981, 65.5562803 ], [ -148.8808364, 65.5562785 ], [ -148.8808143, 65.3830774 ], [ -148.778342899999984, 65.3830792 ], [ -148.6745138, 65.3830811 ], [ -148.5720432, 65.383083 ], [ -148.468213599999984, 65.3830848 ], [ -148.468204499999985, 65.2964826 ], [ -148.3653922, 65.2964844 ], [ -148.261903, 65.2964865 ], [ -148.2618938, 65.209883 ], [ -148.2539171, 65.2098832 ], [ -148.2539079, 65.1232784 ], [ -148.1530795, 65.1232802 ], [ -148.050264299999981, 65.1232821 ], [ -148.050254599999988, 65.0366758 ], [ -148.1527362, 65.0366739 ], [ -148.253898199999981, 65.0366718 ], [ -148.356379799999985, 65.0366697 ], [ -148.457540599999987, 65.0366675 ], [ -148.4575213, 64.863452 ], [ -148.549005699999981, 64.8634497 ], [ -148.6482411, 64.8634474 ], [ -148.6482307, 64.7768394 ], [ -148.7497223, 64.7768375 ], [ -148.849282599999981, 64.7768358 ], [ -148.950774599999988, 64.7768341 ], [ -149.0503363, 64.7768323 ], [ -149.0503273, 64.690223 ], [ -149.1514963, 64.6902211 ], [ -149.251382399999983, 64.6902191 ], [ -149.251364699999982, 64.5169983 ], [ -149.2312679, 64.5169988 ], [ -149.2312389, 64.2571609 ], [ -149.3308227, 64.2571588 ], [ -149.429786, 64.2571572 ], [ -149.429774, 64.1705431 ], [ -149.4077859, 64.1705435 ], [ -149.407755899999984, 63.9973144 ], [ -149.3103132, 63.997316 ], [ -149.21166, 63.9973171 ], [ -149.2116433, 63.8240823 ], [ -149.1926305, 63.8240827 ], [ -149.192624, 63.7374637 ], [ -149.0966507, 63.7374655 ], [ -148.9989009, 63.7374674 ], [ -148.9988846, 63.4776 ], [ -149.087630499999989, 63.477599 ], [ -149.1741094, 63.4775979 ], [ -149.1741056, 63.390973 ], [ -149.2706777, 63.390972 ], [ -149.36552, 63.3909705 ], [ -149.3655159, 63.3043438 ], [ -149.294452899999982, 63.3043449 ], [ -149.2222413, 63.3043458 ], [ -149.151178, 63.3043464 ], [ -149.0789663, 63.3043471 ], [ -149.0067546, 63.3043479 ], [ -148.935692, 63.3043485 ], [ -148.8634807, 63.3043493 ], [ -148.791269199999988, 63.3043504 ], [ -148.7912792, 63.4776027 ], [ -148.700217399999985, 63.4776054 ], [ -148.6114222, 63.4776082 ], [ -148.6114593, 63.8240936 ], [ -148.6233423, 63.8240935 ], [ -148.6233526, 63.910711799999987 ], [ -148.7217054, 63.91071 ], [ -148.819453600000031, 63.910708 ], [ -148.8194729, 64.0839405 ], [ -148.9184358, 64.0839385 ], [ -149.015573099999983, 64.0839367 ], [ -149.0155829, 64.1705518 ], [ -149.0326837, 64.1705515 ], [ -149.0327034, 64.3437799 ], [ -148.934055699999988, 64.3437813 ], [ -148.834161, 64.3437829 ], [ -148.834181299999983, 64.5170068 ], [ -148.849253399999981, 64.5170065 ], [ -148.849263399999984, 64.6036168 ], [ -148.749056199999984, 64.6036186 ], [ -148.6482096, 64.6036208 ], [ -148.5480014, 64.6036233 ], [ -148.4471532, 64.603626 ], [ -148.4471638, 64.6902354 ], [ -148.3894305, 64.6902369 ], [ -148.3219834, 64.6902388 ], [ -148.2629671, 64.6902404 ], [ -148.1968029, 64.690242200000014 ], [ -148.1293557, 64.6902441 ], [ -148.0703397, 64.6902454 ], [ -148.0041757, 64.6902468 ], [ -147.94516, 64.6902479 ], [ -147.877713400000033, 64.6902491 ], [ -147.819980099999981, 64.6902502 ], [ -147.752533100000022, 64.6902515 ], [ -147.69351709999998, 64.6902527 ], [ -147.6273531, 64.6902539 ], [ -147.568337, 64.6902551 ], [ -147.50089, 64.6902564 ], [ -147.4418737, 64.6902575 ], [ -147.441863899999987, 64.6036477 ], [ -147.341653900000011, 64.6036495 ], [ -147.2408048, 64.6036514 ], [ -147.240795, 64.5170406 ], [ -147.2458192, 64.5170405 ], [ -147.2458097, 64.4304287 ], [ -147.1474766, 64.4304304 ], [ -147.04726549999998, 64.4304324 ], [ -147.047248, 64.2572056 ], [ -146.9731804, 64.2572073 ], [ -146.8984916, 64.2572089 ], [ -146.824424600000015, 64.2572103 ], [ -146.7497362, 64.2572116 ], [ -146.6750486, 64.2572127 ], [ -146.600982499999986, 64.257214 ], [ -146.526295299999987, 64.2572158 ], [ -146.451608599999986, 64.2572175 ], [ -146.451600499999984, 64.1706036 ], [ -146.360601800000012, 64.1706057 ], [ -146.2613307, 64.1706079 ], [ -146.1703317, 64.1706096 ], [ -146.0740583, 64.1706114 ], [ -146.074049299999984, 64.0839957 ], [ -145.97691039999998, 64.0839975 ], [ -145.8779451, 64.0839992 ], [ -145.8779276, 63.9107634 ], [ -145.976282900000029, 63.9107618 ], [ -146.0740334, 63.9107603 ], [ -146.0740252, 63.8241403 ], [ -146.0930386, 63.82414 ], [ -146.0930301, 63.7375187 ], [ -146.0052, 63.7375198 ], [ -145.923738899999989, 63.7375213 ], [ -145.8359084, 63.7375232 ], [ -145.75444779999998, 63.7375249 ], [ -145.666617699999989, 63.7375266 ], [ -145.5851576, 63.7375281 ], [ -145.4973282, 63.7375298 ], [ -145.41586940000002, 63.7375321 ], [ -145.3344105, 63.7375343 ], [ -145.2465818, 63.7375367 ], [ -145.1651229, 63.7375389 ], [ -145.0772944, 63.7375411 ], [ -144.9958356, 63.7375429 ], [ -144.908007199999986, 63.7375445 ], [ -144.826548100000025, 63.7375461 ], [ -144.736943, 63.737548 ], [ -144.7369516, 63.8241677 ], [ -144.701301799999982, 63.8241683 ], [ -144.701310299999989, 63.9107876 ], [ -144.799664299999989, 63.9107857 ], [ -144.8974139, 63.9107839 ], [ -144.8974317, 64.0840204 ], [ -144.9963972, 64.0840192 ], [ -145.0935361, 64.084017 ], [ -145.192501199999981, 64.0840146 ], [ -145.2896403, 64.0840121 ], [ -145.289650199999983, 64.1706285 ], [ -145.260333299999985, 64.1706293 ], [ -145.2603427, 64.2572441 ], [ -145.1862753, 64.2572461 ], [ -145.111586499999987, 64.2572481 ], [ -145.037519299999985, 64.2572502 ], [ -144.962830199999985, 64.2572513 ], [ -144.8881403, 64.2572515 ], [ -144.8140726, 64.2572522 ], [ -144.7393836, 64.2572531 ], [ -144.6646953, 64.2572546 ], [ -144.6647083, 64.5170877 ], [ -144.7652386, 64.5170849 ], [ -144.863256799999988, 64.5170826 ], [ -144.963789, 64.517082 ], [ -145.0618096, 64.5170816 ], [ -145.1623424, 64.5170807 ], [ -145.2603627, 64.5170795 ], [ -145.3608951, 64.5170777 ], [ -145.4589148, 64.5170757 ], [ -145.4589072, 64.4304648 ], [ -145.5591202, 64.4304625 ], [ -145.6574551, 64.4304602 ], [ -145.6574455, 64.3438477 ], [ -145.715718, 64.3438464 ], [ -145.782314899999989, 64.3438449 ], [ -145.840586900000034, 64.3438436 ], [ -145.9059364, 64.3438421 ], [ -145.972533699999985, 64.3438406 ], [ -146.0308067, 64.3438393 ], [ -146.0878329, 64.3438381 ], [ -146.1544302, 64.3438368 ], [ -146.2210265, 64.3438356 ], [ -146.278050899999982, 64.3438345 ], [ -146.344646499999982, 64.3438329 ], [ -146.4029179, 64.3438316 ], [ -146.4682665, 64.3438301 ], [ -146.5265382, 64.3438288 ], [ -146.584810399999981, 64.3438273 ], [ -146.6501604, 64.343826 ], [ -146.6501839, 64.5170513 ], [ -146.65228110000001, 64.5170513 ], [ -146.6376237, 64.5170515 ], [ -146.637633599999987, 64.6036624 ], [ -146.738480899999985, 64.6036608 ], [ -146.8386898, 64.603658900000013 ], [ -146.838699199999979, 64.6902691 ], [ -146.9398694, 64.6902672 ], [ -147.0397568, 64.6902653 ], [ -147.0397663, 64.7768746 ], [ -146.9402029, 64.7768765 ], [ -146.8387085, 64.7768784 ], [ -146.838717799999984, 64.8634865 ], [ -146.785956299999981, 64.8634875 ], [ -146.726561, 64.8634886 ], [ -146.6247405, 64.8634905 ], [ -146.6247496, 64.9500979 ], [ -146.726899299999985, 64.9500959 ], [ -146.8283913, 64.9500939 ], [ -146.828422300000028, 65.2099093 ], [ -146.723231799999979, 65.2099112 ], [ -146.671656399999989, 65.2099121 ], [ -146.611485099999982, 65.2099132 ], [ -146.611495, 65.2965165 ], [ -146.714984499999986, 65.2965147 ], [ -146.8177968, 65.296513 ], [ -146.9212857, 65.2965111 ], [ -147.0240977, 65.296509 ], [ -147.127587, 65.2965065 ], [ -147.230398799999989, 65.2965046 ], [ -147.333886100000029, 65.2965035 ], [ -147.4366973, 65.296502100000012 ], [ -147.4366882, 65.209898 ], [ -147.5167102, 65.209896300000011 ], [ -147.594073899999984, 65.2098935 ], [ -147.668777799999987, 65.2098918 ], [ -147.7461405, 65.2098908 ], [ -147.8235029, 65.2098902 ], [ -147.8982067, 65.2098895 ], [ -147.9755697, 65.2098882 ], [ -148.0555919, 65.2098868 ] ], [ [ -148.0572307, 65.2098868 ], [ -148.0588697, 65.2098867 ], [ -148.061529, 65.2098867 ], [ -148.0572307, 65.2098868 ] ], [ [ -148.0830188, 65.2098863 ], [ -148.0846574, 65.2098862 ], [ -148.087316499999986, 65.2098862 ], [ -148.0830188, 65.2098863 ] ], [ [ -148.1002102, 65.209886 ], [ -148.1018492, 65.2098859 ], [ -148.1045082, 65.2098859 ], [ -148.1002102, 65.209886 ] ], [ [ -148.1174015, 65.2098857 ], [ -148.1190411, 65.2098856 ], [ -148.1217006, 65.2098856 ], [ -148.1174015, 65.2098857 ] ], [ [ -148.160381500000028, 65.2098849 ], [ -148.1620207, 65.2098848 ], [ -148.164679399999983, 65.2098848 ], [ -148.160381500000028, 65.2098849 ] ], [ [ -148.1775735, 65.2098846 ], [ -148.1792125, 65.2098845 ], [ -148.181872, 65.2098845 ], [ -148.1775735, 65.2098846 ] ], [ [ -148.1947653, 65.2098843 ], [ -148.1964044, 65.2098842 ], [ -148.1990633, 65.2098842 ], [ -148.1947653, 65.2098843 ] ], [ [ -148.2377452, 65.2098835 ], [ -148.239384, 65.2098834 ], [ -148.242043, 65.2098835 ], [ -148.2377452, 65.2098835 ] ], [ [ -146.847202899999985, 64.8634863 ], [ -146.850521499999985, 64.8634863 ], [ -146.8462769, 64.8634864 ], [ -146.847202899999985, 64.8634863 ] ], [ [ -146.91508349999998, 64.863485 ], [ -146.9184013, 64.863485 ], [ -146.914157599999982, 64.8634851 ], [ -146.91508349999998, 64.863485 ] ], [ [ -146.940538799999985, 64.8634845 ], [ -146.943856499999981, 64.8634845 ], [ -146.9396132, 64.8634846 ], [ -146.940538799999985, 64.8634845 ] ], [ [ -147.373775099999989, 64.863475 ], [ -147.376597, 64.8634748 ], [ -147.378354299999984, 64.8634749 ], [ -147.373775099999989, 64.863475 ] ], [ [ -147.399467499999986, 64.8634745 ], [ -147.402052, 64.8634744 ], [ -147.4037109, 64.8634745 ], [ -147.399467499999986, 64.8634745 ] ], [ [ -147.4249228, 64.8634741 ], [ -147.427507099999985, 64.863474 ], [ -147.4291656, 64.8634741 ], [ -147.4249228, 64.8634741 ] ], [ [ -147.491511300000013, 64.8634731 ], [ -147.4928033, 64.863473 ], [ -147.4957542, 64.863473 ], [ -147.491511300000013, 64.8634731 ] ], [ [ -147.552198899999979, 64.8634717 ], [ -147.5551486, 64.8634717 ], [ -147.5509073, 64.8634718 ], [ -147.552198899999979, 64.8634717 ] ], [ [ -147.560683899999987, 64.863471500000017 ], [ -147.5636351, 64.863471500000017 ], [ -147.5593921, 64.8634716 ], [ -147.560683899999987, 64.863471500000017 ] ], [ [ -147.569169, 64.8634713 ], [ -147.572119099999981, 64.8634713 ], [ -147.567876899999987, 64.8634714 ], [ -147.569169, 64.8634713 ] ], [ [ -147.577654199999984, 64.8634711 ], [ -147.580604699999981, 64.8634711 ], [ -147.576362499999988, 64.8634712 ], [ -147.577654199999984, 64.8634711 ] ], [ [ -147.5861392, 64.8634709 ], [ -147.589089199999989, 64.8634709 ], [ -147.5848473, 64.863471 ], [ -147.5861392, 64.8634709 ] ], [ [ -147.5946243, 64.8634707 ], [ -147.597574399999985, 64.8634707 ], [ -147.5933327, 64.8634708 ], [ -147.5946243, 64.8634707 ] ], [ [ -147.8919683, 64.8634647 ], [ -147.8949198, 64.8634646 ], [ -147.896212099999985, 64.8634647 ], [ -147.8919683, 64.8634647 ] ], [ [ -147.9174252, 64.8634643 ], [ -147.9203748, 64.8634642 ], [ -147.921666700000031, 64.8634643 ], [ -147.9174252, 64.8634643 ] ], [ [ -148.022195, 64.8634624 ], [ -148.023487099999983, 64.8634624 ], [ -148.019245, 64.8634626 ], [ -148.022195, 64.8634624 ] ], [ [ -148.030680099999984, 64.8634622 ], [ -148.031972599999989, 64.8634622 ], [ -148.027729199999982, 64.8634624 ], [ -148.030680099999984, 64.8634622 ] ], [ [ -148.039165199999985, 64.863462 ], [ -148.04081979999998, 64.863462 ], [ -148.0362141, 64.8634622 ], [ -148.039165199999985, 64.863462 ] ], [ [ -148.087492, 64.8634608 ], [ -148.0900761, 64.8634608 ], [ -148.085833300000019, 64.8634609 ], [ -148.087492, 64.8634608 ] ], [ [ -148.0959771, 64.8634606 ], [ -148.09856019999998, 64.8634606 ], [ -148.094318900000019, 64.8634607 ], [ -148.0959771, 64.8634606 ] ], [ [ -148.1044622, 64.8634604 ], [ -148.107045699999986, 64.8634604 ], [ -148.1028043, 64.8634605 ], [ -148.1044622, 64.8634604 ] ], [ [ -148.1129474, 64.8634602 ], [ -148.115530899999982, 64.8634602 ], [ -148.111289200000016, 64.8634603 ], [ -148.1129474, 64.8634602 ] ], [ [ -148.163858300000015, 64.8634588 ], [ -148.1664414, 64.8634588 ], [ -148.1622, 64.8634589 ], [ -148.163858300000015, 64.8634588 ] ], [ [ -148.180828599999984, 64.8634583 ], [ -148.1834125, 64.8634583 ], [ -148.1791704, 64.8634584 ], [ -148.180828599999984, 64.8634583 ] ], [ [ -148.2232544, 64.8634571 ], [ -148.2258388, 64.8634571 ], [ -148.2215957, 64.8634572 ], [ -148.2232544, 64.8634571 ] ], [ [ -148.2402247, 64.8634566 ], [ -148.2453928, 64.8634565 ], [ -148.238565599999987, 64.8634567 ], [ -148.2402247, 64.8634566 ] ], [ [ -148.892822, 64.5170056 ], [ -148.8961702, 64.5170056 ], [ -148.8919807, 64.5170057 ], [ -148.892822, 64.5170056 ] ], [ [ -148.90957659999998, 64.5170053 ], [ -148.9129237, 64.5170053 ], [ -148.908735300000018, 64.5170054 ], [ -148.90957659999998, 64.5170053 ] ], [ [ -148.984972, 64.5170039 ], [ -148.9883169, 64.5170039 ], [ -148.9841315, 64.517004 ], [ -148.984972, 64.5170039 ] ], [ [ -149.0101039, 64.5170034 ], [ -149.013450799999987, 64.5170034 ], [ -149.0092575, 64.5170035 ], [ -149.0101039, 64.5170034 ] ], [ [ -149.244773800000019, 64.1705464 ], [ -149.2462415, 64.1705464 ], [ -149.2421368, 64.1705466 ], [ -149.244773800000019, 64.1705464 ] ], [ [ -149.25013629999998, 64.1705464 ], [ -149.253046399999988, 64.1705462 ], [ -149.2547324, 64.1705462 ], [ -149.25013629999998, 64.1705464 ] ], [ [ -149.2835007, 64.1705457 ], [ -149.286137199999985, 64.1705456 ], [ -149.2876367, 64.1705457 ], [ -149.2835007, 64.1705457 ] ], [ [ -149.3579541, 64.1705444 ], [ -149.3605914, 64.170544300000017 ], [ -149.3620909, 64.1705444 ], [ -149.3579541, 64.1705444 ] ], [ [ -148.805184699999984, 63.8240901 ], [ -148.80822820000003, 63.8240901 ], [ -148.8038918, 63.8240902 ], [ -148.805184699999984, 63.8240901 ] ], [ [ -148.8215265, 63.8240898 ], [ -148.824570599999987, 63.8240898 ], [ -148.8204857, 63.8240899 ], [ -148.8215265, 63.8240898 ] ], [ [ -148.8378683, 63.8240895 ], [ -148.8409116, 63.8240895 ], [ -148.83682779999998, 63.8240896 ], [ -148.8378683, 63.8240895 ] ], [ [ -148.85421, 63.8240892 ], [ -148.8572552, 63.8240892 ], [ -148.8531687, 63.8240893 ], [ -148.85421, 63.8240892 ] ], [ [ -148.903235199999983, 63.8240883 ], [ -148.9062801, 63.8240883 ], [ -148.902194, 63.8240884 ], [ -148.903235199999983, 63.8240883 ] ], [ [ -148.919576799999987, 63.824088 ], [ -148.9226227, 63.824088 ], [ -148.9185353, 63.8240881 ], [ -148.919576799999987, 63.824088 ] ], [ [ -148.935918499999985, 63.8240877 ], [ -148.938962799999985, 63.8240877 ], [ -148.934878, 63.8240878 ], [ -148.935918499999985, 63.8240877 ] ], [ [ -148.806289699999979, 63.4776025 ], [ -148.807423299999982, 63.4776024 ], [ -148.810326299999986, 63.4776024 ], [ -148.806289699999979, 63.4776025 ] ], [ [ -148.83050609999998, 63.4776021 ], [ -148.8316394, 63.477602 ], [ -148.834541699999988, 63.477602 ], [ -148.83050609999998, 63.4776021 ] ], [ [ -148.8547221, 63.4776017 ], [ -148.8558555, 63.4776016 ], [ -148.858757299999979, 63.4776017 ], [ -148.8547221, 63.4776017 ] ], [ [ -148.919298, 63.4776009 ], [ -148.9204316, 63.4776008 ], [ -148.9233343, 63.4776009 ], [ -148.919298, 63.4776009 ] ], [ [ -148.92737, 63.4776008 ], [ -148.9285036, 63.4776007 ], [ -148.9314066, 63.4776008 ], [ -148.92737, 63.4776008 ] ], [ [ -146.842863, 64.517048 ], [ -146.845861499999984, 64.517048 ], [ -146.8407707, 64.5170481 ], [ -146.842863, 64.517048 ] ], [ [ -146.9241252, 64.5170464 ], [ -146.9274797, 64.5170464 ], [ -146.923289499999981, 64.5170465 ], [ -146.9241252, 64.5170464 ] ], [ [ -146.9827673, 64.5170452 ], [ -146.986119299999984, 64.5170452 ], [ -146.9819324, 64.5170453 ], [ -146.9827673, 64.5170452 ] ], [ [ -147.0078996, 64.5170447 ], [ -147.0112528, 64.5170447 ], [ -147.0070795, 64.5170448 ], [ -147.0078996, 64.5170447 ] ], [ [ -147.02465429999998, 64.5170444 ], [ -147.0280085, 64.5170444 ], [ -147.023819, 64.5170445 ], [ -147.02465429999998, 64.5170444 ] ], [ [ -147.041409, 64.5170441 ], [ -147.047274499999986, 64.517044 ], [ -147.0405738, 64.5170442 ], [ -147.041409, 64.5170441 ] ], [ [ -145.4857525, 64.1706232 ], [ -145.4888613, 64.1706232 ], [ -145.4844732, 64.1706233 ], [ -145.4857525, 64.1706232 ] ], [ [ -145.51884339999998, 64.1706224 ], [ -145.521952700000014, 64.1706224 ], [ -145.5178158, 64.1706225 ], [ -145.51884339999998, 64.1706224 ] ], [ [ -145.5271161, 64.1706222 ], [ -145.5302249, 64.1706222 ], [ -145.5260884, 64.1706223 ], [ -145.5271161, 64.1706222 ] ], [ [ -145.5767525, 64.1706211 ], [ -145.5798614, 64.1706211 ], [ -145.5757247, 64.1706212 ], [ -145.5767525, 64.1706211 ] ], [ [ -145.6252436, 64.1706201 ], [ -145.626389, 64.17062 ], [ -145.6297854, 64.17062 ], [ -145.6252436, 64.1706201 ] ], [ [ -145.6667249, 64.1706195 ], [ -145.667752399999983, 64.1706194 ], [ -145.6708614, 64.1706194 ], [ -145.6667249, 64.1706195 ] ], [ [ -144.753293499999984, 63.8241674 ], [ -144.755773399999981, 63.8241674 ], [ -144.751846, 63.824167499999987 ], [ -144.753293499999984, 63.8241674 ] ], [ [ -144.785977299999985, 63.8241667 ], [ -144.7885809, 63.8241667 ], [ -144.7844938, 63.8241668 ], [ -144.785977299999985, 63.8241667 ] ], [ [ -144.818661099999986, 63.824166 ], [ -144.8212639, 63.824166 ], [ -144.8171781, 63.8241661 ], [ -144.818661099999986, 63.824166 ] ], [ [ -144.843174, 63.8241655 ], [ -144.8457759, 63.8241655 ], [ -144.841691600000019, 63.8241656 ], [ -144.843174, 63.8241655 ] ], [ [ -144.874270699999983, 63.8241649 ], [ -144.8758579, 63.8241648 ], [ -144.878571199999982, 63.8241648 ], [ -144.874270699999983, 63.8241649 ] ], [ [ -144.8988881, 63.824164499999988 ], [ -144.9003707, 63.8241644 ], [ -144.9029732, 63.824164499999988 ], [ -144.8988881, 63.824164499999988 ] ], [ [ -144.9070585, 63.8241644 ], [ -144.9085416, 63.8241643 ], [ -144.911143899999985, 63.8241643 ], [ -144.9070585, 63.8241644 ] ], [ [ -145.527381099999985, 63.8241501 ], [ -145.528196, 63.82415 ], [ -145.531464299999982, 63.82415 ], [ -145.527381099999985, 63.8241501 ] ], [ [ -145.568235099999981, 63.8241495 ], [ -145.5690506, 63.8241494 ], [ -145.5723212, 63.8241494 ], [ -145.568235099999981, 63.8241495 ] ], [ [ -145.6090901, 63.8241489 ], [ -145.6099054, 63.8241488 ], [ -145.613176399999986, 63.8241489 ], [ -145.6090901, 63.8241489 ] ], [ [ -145.6752736, 63.8241476 ], [ -145.6785433, 63.8241476 ], [ -145.6744584, 63.8241477 ], [ -145.6752736, 63.8241476 ] ], [ [ -145.6997867, 63.8241471 ], [ -145.705581099999989, 63.824147 ], [ -145.698971799999981, 63.8241472 ], [ -145.6997867, 63.8241471 ] ], [ [ -145.913127400000036, 63.8241428 ], [ -145.9156518, 63.8241427 ], [ -145.917213799999985, 63.8241428 ], [ -145.913127400000036, 63.8241428 ] ], [ [ -146.0193515, 63.824141 ], [ -146.021875800000032, 63.8241409 ], [ -146.0234376, 63.824141 ], [ -146.0193515, 63.824141 ] ], [ [ -146.027522299999987, 63.8241409 ], [ -146.0300469, 63.824140799999988 ], [ -146.031608399999982, 63.8241409 ], [ -146.027522299999987, 63.8241409 ] ], [ [ -147.366282399999989, 65.2098991 ], [ -147.361984399999983, 65.2098991 ], [ -147.3646436, 65.209899 ], [ -147.366282399999989, 65.2098991 ] ], [ [ -147.3576875, 65.2098992 ], [ -147.3533878, 65.2098992 ], [ -147.3560479, 65.2098991 ], [ -147.3576875, 65.2098992 ] ], [ [ -147.288920900000022, 65.2098999 ], [ -147.2846228, 65.2098999 ], [ -147.287282, 65.2098998 ], [ -147.288920900000022, 65.2098999 ] ], [ [ -147.2803255, 65.2099 ], [ -147.276027, 65.2099 ], [ -147.2786863, 65.2098999 ], [ -147.2803255, 65.2099 ] ], [ [ -147.0320645, 65.2099052 ], [ -147.025107, 65.2099054 ], [ -147.0261276, 65.2099053 ], [ -147.0320645, 65.2099052 ] ], [ [ -146.9950213, 65.2099061 ], [ -146.990724199999988, 65.2099062 ], [ -146.991744, 65.2099061 ], [ -146.9950213, 65.2099061 ] ], [ [ -146.969234700000015, 65.2099066 ], [ -146.9649363, 65.2099067 ], [ -146.965956399999982, 65.2099066 ], [ -146.969234700000015, 65.2099066 ] ], [ [ -146.909063799999984, 65.2099078 ], [ -146.9047655, 65.2099079 ], [ -146.9057852, 65.2099078 ], [ -146.909063799999984, 65.2099078 ] ] ] ] } },
{ "type": "Feature", "properties": { "certificate_number": 16, "entity": "KEA", "certificate_name": "KODIAK ELECTRIC ASSOCIATION, INC.", "certificate_url": "https://rca.alaska.gov/RCAWeb/Certificate/CertificateDetails.aspx?id=cffad89c-cd41-458f-93ec-d478c2428184", "certificate_granted_year": 1964, "certificate_last_update_date": "2004-11-30", "certificate_last_update_order": "U-04-072(2)", "certificate_last_update_type": "Deregulated", "geometry_last_update": "2000-07-28", "geometry_is_current": true, "geometry_cert_sync_status": "up_to_date" }, "geometry": { "type": "MultiPolygon", "coordinates": [ [ [ [ -152.301268199999981, 57.7568549 ], [ -152.301327599999979, 57.8435624 ], [ -152.3826272, 57.8435648 ], [ -152.4632776, 57.8435661 ], [ -152.4632483, 57.8002118 ], [ -152.4903152, 57.8002121 ], [ -152.4902946, 57.7857606 ], [ -152.54440649999998, 57.785761 ], [ -152.5442372, 57.7279549 ], [ -152.598133099999984, 57.727955 ], [ -152.5981337, 57.7135035 ], [ -152.625135299999982, 57.7135035 ], [ -152.625125199999985, 57.699052 ], [ -152.6215167, 57.6990521 ], [ -152.6214958, 57.6846004 ], [ -152.5675359, 57.6846005 ], [ -152.5150414, 57.6846007 ], [ -152.5149993, 57.6701493 ], [ -152.5419685, 57.6701492 ], [ -152.541810100000021, 57.6267946 ], [ -152.4879359, 57.6267951 ], [ -152.487715, 57.525629599999988 ], [ -152.460852099999983, 57.525629599999988 ], [ -152.46079, 57.4822734 ], [ -152.487621099999984, 57.4822735 ], [ -152.487558899999982, 57.4533703 ], [ -152.4607489, 57.4533702 ], [ -152.4607284, 57.4389185 ], [ -152.407129699999984, 57.4389181 ], [ -152.407130199999983, 57.4244664 ], [ -152.327079199999986, 57.4244657 ], [ -152.3272038, 57.4822727 ], [ -152.3540353, 57.482273 ], [ -152.35399350000003, 57.4678213 ], [ -152.4071285, 57.4678216 ], [ -152.4071291, 57.4533699 ], [ -152.433939, 57.45337 ], [ -152.434029899999985, 57.5834391 ], [ -152.4071243, 57.5834393 ], [ -152.4071238, 57.5978916 ], [ -152.3543712, 57.5978912 ], [ -152.3544133, 57.6123435 ], [ -152.3005585, 57.6123417 ], [ -152.2467034, 57.6123399 ], [ -152.246704099999988, 57.5978879 ], [ -152.2208666, 57.597887199999988 ], [ -152.220708699999989, 57.5545316 ], [ -152.1938233, 57.5545312 ], [ -152.1938652, 57.568983 ], [ -152.166969, 57.5689825 ], [ -152.1670002, 57.5834342 ], [ -152.140093399999984, 57.5834336 ], [ -152.140155, 57.6267881 ], [ -152.220972, 57.626790799999988 ], [ -152.300579199999987, 57.6267936 ], [ -152.3005995, 57.641245 ], [ -152.354497399999985, 57.6412468 ], [ -152.3544555, 57.626795599999987 ], [ -152.4071227, 57.6267961 ], [ -152.40712019999998, 57.6701497 ], [ -152.461059899999981, 57.6701495 ], [ -152.4611012, 57.6990522 ], [ -152.463179599999989, 57.6990523 ], [ -152.4632192, 57.75685720000002 ], [ -152.4361848, 57.7568569 ], [ -152.436183699999987, 57.7713084 ], [ -152.3553705, 57.7713073 ], [ -152.3553392, 57.7568559 ], [ -152.301268199999981, 57.7568549 ] ], [ [ -152.4127665, 57.7874636 ], [ -152.409214, 57.7882834 ], [ -152.4091209, 57.7883609 ], [ -152.4086944, 57.7879849 ], [ -152.4088524, 57.787944 ], [ -152.4082952, 57.7874803 ], [ -152.408050799999984, 57.7875654 ], [ -152.4072075, 57.78696 ], [ -152.407361400000013, 57.7867202 ], [ -152.4081448, 57.7864164 ], [ -152.4083853, 57.7865447 ], [ -152.409238099999982, 57.7860738 ], [ -152.4095155, 57.7860045 ], [ -152.4109081, 57.7857597 ], [ -152.4128479, 57.7873435 ], [ -152.4127665, 57.7874636 ] ], [ [ -152.4089305, 57.7822159 ], [ -152.4085968, 57.7824354 ], [ -152.4081984, 57.7824855 ], [ -152.4074655, 57.7827408 ], [ -152.407058, 57.7831144 ], [ -152.4065392, 57.7831145 ], [ -152.4058804, 57.7830689 ], [ -152.4057585, 57.7828436 ], [ -152.4065675, 57.7819731 ], [ -152.406337399999984, 57.7817209 ], [ -152.4075315, 57.7808785 ], [ -152.408441, 57.7804757 ], [ -152.408959, 57.7802101 ], [ -152.408501199999989, 57.7797635 ], [ -152.408433699999989, 57.779551399999988 ], [ -152.408626199999986, 57.7792207 ], [ -152.408923099999981, 57.7792579 ], [ -152.409488899999985, 57.7787213 ], [ -152.4108247, 57.7775174 ], [ -152.4119507, 57.7767412 ], [ -152.411940499999986, 57.7762865 ], [ -152.4133607, 57.775541 ], [ -152.414051799999982, 57.7754221 ], [ -152.414302300000031, 57.7751614 ], [ -152.41545960000002, 57.774443 ], [ -152.4154642, 57.7742127 ], [ -152.416708799999981, 57.7734953 ], [ -152.4236895, 57.7770343 ], [ -152.421976299999983, 57.7778485 ], [ -152.4167923, 57.7788128 ], [ -152.4150884, 57.7789583 ], [ -152.4144808, 57.7790834 ], [ -152.413682699999981, 57.779567599999986 ], [ -152.413613699999985, 57.7797395 ], [ -152.413140799999979, 57.7798763 ], [ -152.4125215, 57.7802292 ], [ -152.4124905, 57.7805711 ], [ -152.4120673, 57.78065 ], [ -152.4116201, 57.7807721 ], [ -152.410930399999984, 57.780870299999989 ], [ -152.409862899999979, 57.781331 ], [ -152.4098502, 57.781544599999989 ], [ -152.4095001, 57.7817972 ], [ -152.409499899999986, 57.7817266 ], [ -152.408969899999988, 57.7820018 ], [ -152.4089305, 57.7822159 ] ] ], [ [ [ -152.8414105, 57.8580225 ], [ -152.841474, 57.8869243 ], [ -152.9220287, 57.886927 ], [ -152.9220312, 57.8291228 ], [ -152.949120099999988, 57.8291242 ], [ -152.9490676, 57.7568672 ], [ -152.92203330000001, 57.756866 ], [ -152.922033199999987, 57.7279629 ], [ -152.8951497, 57.7279618 ], [ -152.895041599999985, 57.6990586 ], [ -152.915364499999981, 57.6990594 ], [ -152.91534249999998, 57.6701559 ], [ -152.8628038, 57.6701539 ], [ -152.862911699999984, 57.6990574 ], [ -152.8680501, 57.6990576 ], [ -152.8682229, 57.7568638 ], [ -152.895257599999979, 57.7568648 ], [ -152.8953645, 57.7857676 ], [ -152.8683081, 57.7857665 ], [ -152.868350699999979, 57.8002179 ], [ -152.895418, 57.8002189 ], [ -152.89552519999998, 57.8291215 ], [ -152.8684361, 57.8291204 ], [ -152.8685217, 57.8580228 ], [ -152.8414105, 57.8580225 ] ] ] ] } },
{ "type": "Feature", "properties": { "certificate_number": 17, "entity": "KOTZEBUE", "certificate_name": "Kotzebue Electric Association, Inc.", "certificate_url": "https://rca.alaska.gov/RCAWeb/Certificate/CertificateDetails.aspx?id=a2255e26-17e0-47b3-a1ff-2c43ad24fbdf", "certificate_granted_year": 1964, "certificate_last_update_date": "1964-06-01", "certificate_last_update_order": null, "certificate_last_update_type": "Service Area Expansion", "geometry_last_update": "1964-06-01", "geometry_is_current": true, "geometry_cert_sync_status": "up_to_date" }, "geometry": { "type": "MultiPolygon", "coordinates": [ [ [ [ -162.6442912, 66.8804069 ], [ -162.534150899999986, 66.8804091 ], [ -162.534196799999989, 66.9092706 ], [ -162.6077105, 66.9092691 ], [ -162.607644099999987, 66.8948384 ], [ -162.6443793, 66.8948377 ], [ -162.6442912, 66.8804069 ] ] ] ] } },
{ "type": "Feature", "properties": { "certificate_number": 18, "entity": "MEA", "certificate_name": "Matanuska Electric Association, Inc.", "certificate_url": "https://rca.alaska.gov/RCAWeb/Certificate/CertificateDetails.aspx?id=6020eaa0-26db-48c5-a050-f319bf1ab24e", "certificate_granted_year": 1964, "certificate_last_update_date": "2011-12-14", "certificate_last_update_order": "U-11-059(3)", "certificate_last_update_type": "Service Area Deletion", "geometry_last_update": "1988-04-28", "geometry_is_current": false, "geometry_cert_sync_status": "outdated" }, "geometry": { "type": "MultiPolygon", "coordinates": [ [ [ [ -149.556915299999986, 62.9578209 ], [ -149.556917199999987, 63.0011368 ], [ -149.65220069999998, 63.0011368 ], [ -149.748333, 63.0011349 ], [ -149.7483311, 62.957819 ], [ -149.8344421, 62.9578171 ], [ -149.9291992, 62.9578152 ], [ -149.9291973, 62.8991871 ], [ -150.017511399999989, 62.8991852 ], [ -150.017231, 62.8125534 ], [ -150.088232, 62.8125496 ], [ -150.1575775, 62.812547699999989 ], [ -150.2206898, 62.8125458 ], [ -150.2979259, 62.8125439 ], [ -150.2979317, 62.5526409 ], [ -150.3810062, 62.5526371 ], [ -150.3807335, 62.4660015 ], [ -150.4275208, 62.4659996 ], [ -150.488294599999989, 62.465997699999988 ], [ -150.566272700000013, 62.4659958 ], [ -150.566410099999985, 62.5093155 ], [ -150.658237499999984, 62.5093136 ], [ -150.658237499999984, 62.5526314 ], [ -150.673317, 62.5526295 ], [ -150.673317, 62.5815086 ], [ -150.7281151, 62.5815067 ], [ -150.7985668, 62.5815048 ], [ -150.861007700000016, 62.5815029 ], [ -150.923629799999986, 62.5815029 ], [ -150.9235687, 62.5526237 ], [ -150.9688988, 62.5526218 ], [ -151.0293083, 62.5526199 ], [ -151.0293007, 62.4659843 ], [ -151.115074199999981, 62.4659824 ], [ -151.214832299999983, 62.4659786 ], [ -151.2148209, 62.379343 ], [ -151.161464699999982, 62.379343 ], [ -151.1148148, 62.3793449 ], [ -151.022583, 62.3793468 ], [ -150.9292831, 62.3793488 ], [ -150.8437576, 62.3793526 ], [ -150.8437462, 62.2927132 ], [ -150.751249299999984, 62.2927151 ], [ -150.658220299999982, 62.292717 ], [ -150.65821649999998, 62.2493973 ], [ -150.565584199999989, 62.2493992 ], [ -150.4726868, 62.2494011 ], [ -150.472683, 62.2060795 ], [ -150.4340305, 62.2060795 ], [ -150.372184799999985, 62.2060814 ], [ -150.2766552, 62.2060833 ], [ -150.276638, 61.8595009 ], [ -150.266412699999989, 61.8595009 ], [ -150.266407, 61.7150841 ], [ -150.296836900000017, 61.7150841 ], [ -150.296806299999986, 61.6862011 ], [ -150.32720759999998, 61.6862011 ], [ -150.3271503, 61.6573181 ], [ -150.357523, 61.6573181 ], [ -150.357393299999984, 61.6139927 ], [ -150.3877239, 61.6139927 ], [ -150.387666699999983, 61.5995522 ], [ -150.3270359, 61.5995502 ], [ -150.266401299999984, 61.5995502 ], [ -150.266399399999983, 61.5128975 ], [ -150.256431599999985, 61.5128975 ], [ -150.256424, 61.2529411 ], [ -150.211946499999982, 61.2529411 ], [ -150.159481, 61.252943 ], [ -150.077034, 61.2529469 ], [ -150.077034, 61.2385044 ], [ -150.017509499999989, 61.2385063 ], [ -150.01745219999998, 61.2240639 ], [ -149.927578, 61.224062 ], [ -149.9275932, 61.2385044 ], [ -149.89761919999998, 61.2385044 ], [ -149.8976269, 61.3395977 ], [ -149.86855319999998, 61.3395977 ], [ -149.8687649, 61.3829231 ], [ -149.80856129999998, 61.382925 ], [ -149.7182446, 61.3829288 ], [ -149.7182369, 61.3396015 ], [ -149.7483044, 61.3396015 ], [ -149.74827, 61.3107166 ], [ -149.6890163, 61.3107166 ], [ -149.6889458, 61.2962761 ], [ -149.628894799999983, 61.2962761 ], [ -149.6288528, 61.2818336 ], [ -149.561340299999983, 61.2818356 ], [ -149.509491, 61.2818375 ], [ -149.5093555, 61.2529545 ], [ -149.479377699999986, 61.2529545 ], [ -149.479263299999985, 61.2240696 ], [ -149.449310299999979, 61.2240715 ], [ -149.4492683, 61.2096272 ], [ -149.4193287, 61.2096291 ], [ -149.419387799999981, 61.2385139 ], [ -149.3298969, 61.2385139 ], [ -149.3298244, 61.2240715 ], [ -149.2998695, 61.2240715 ], [ -149.299757, 61.1951866 ], [ -149.2698288, 61.1951866 ], [ -149.2697849, 61.1807423 ], [ -149.239872, 61.1807423 ], [ -149.239841499999983, 61.1662998 ], [ -149.181982, 61.166296 ], [ -149.1819801, 61.1518517 ], [ -149.1539536, 61.1518497 ], [ -149.15388489999998, 61.1374073 ], [ -149.1240101, 61.1374054 ], [ -149.123952900000035, 61.122961 ], [ -149.064235699999983, 61.122961 ], [ -149.0642929, 61.1518478 ], [ -149.094179199999985, 61.1518478 ], [ -149.094223, 61.1662903 ], [ -149.120235399999984, 61.166292199999987 ], [ -149.1202927, 61.1807346 ], [ -149.1800404, 61.1807384 ], [ -149.1800442, 61.2096252 ], [ -149.2099876, 61.2096252 ], [ -149.2100029, 61.2240696 ], [ -149.239959699999986, 61.2240715 ], [ -149.2400169, 61.2529564 ], [ -149.270000499999981, 61.2529564 ], [ -149.270122499999985, 61.2962837 ], [ -149.359451299999989, 61.2962837 ], [ -149.359441799999985, 61.4118176 ], [ -149.2704468, 61.4118176 ], [ -149.270364799999982, 61.3829346 ], [ -149.1800442, 61.3829327 ], [ -149.0909653, 61.3829308 ], [ -149.090923299999986, 61.3684883 ], [ -149.06083110000003, 61.3684883 ], [ -149.060775799999988, 61.3396034 ], [ -149.030710199999987, 61.3396034 ], [ -149.0306683, 61.2962761 ], [ -149.000644699999981, 61.2962761 ], [ -149.000644699999981, 61.2818336 ], [ -148.9712944, 61.2818356 ], [ -148.9713631, 61.296278 ], [ -148.9413414, 61.296278 ], [ -148.9414539, 61.3251629 ], [ -148.9715042, 61.3251629 ], [ -148.9717121, 61.3684902 ], [ -149.000646599999982, 61.3684883 ], [ -149.000646599999982, 61.3973732 ], [ -149.0307655, 61.3973732 ], [ -149.0307789, 61.4118137 ], [ -149.091047299999985, 61.4118137 ], [ -149.0910892, 61.4262562 ], [ -149.1800423, 61.4262581 ], [ -149.1800423, 61.4551411 ], [ -149.091171299999985, 61.4551392 ], [ -149.0912113, 61.4695816 ], [ -149.00064279999998, 61.4695816 ], [ -149.00064279999998, 61.484024 ], [ -148.9420643, 61.484026 ], [ -148.942009, 61.4695835 ], [ -148.91182139999998, 61.4695854 ], [ -148.91169739999998, 61.42626 ], [ -148.828796399999987, 61.4262619 ], [ -148.7323132, 61.4262657 ], [ -148.7320576, 61.3396149 ], [ -148.6794415, 61.339613 ], [ -148.6203003, 61.339613 ], [ -148.5676861, 61.339613 ], [ -148.507555, 61.339613 ], [ -148.4484138, 61.339613 ], [ -148.3957958, 61.339613 ], [ -148.3356609, 61.3396149 ], [ -148.2830429, 61.3396149 ], [ -148.2830734, 61.5129223 ], [ -148.343542099999979, 61.5129223 ], [ -148.4115658, 61.5129204 ], [ -148.477594399999987, 61.5129185 ], [ -148.545618099999984, 61.5129166 ], [ -148.6060848, 61.5129147 ], [ -148.6796646, 61.5129128 ], [ -148.7476768, 61.5129128 ], [ -148.8152771, 61.5129128 ], [ -148.8152752, 61.5417957 ], [ -148.8757896, 61.5417976 ], [ -148.8758163, 61.5562382 ], [ -148.9060898, 61.5562382 ], [ -148.9061317, 61.570680599999989 ], [ -148.9364185, 61.570680599999989 ], [ -148.936473799999987, 61.5851231 ], [ -148.966775899999988, 61.5851212 ], [ -148.966985699999981, 61.6284485 ], [ -148.8987122, 61.6284485 ], [ -148.8152676, 61.6284485 ], [ -148.8152637, 61.6862106 ], [ -148.755479799999989, 61.6862106 ], [ -148.6946831, 61.6862125 ], [ -148.6947365, 61.7150955 ], [ -148.649097399999988, 61.7150974 ], [ -148.574214899999987, 61.7151012 ], [ -148.5742702, 61.7295418 ], [ -148.5057735, 61.7295437 ], [ -148.4524975, 61.7295456 ], [ -148.4524975, 61.7584267 ], [ -148.362524, 61.7584305 ], [ -148.362566, 61.7728691 ], [ -148.2711067, 61.7728691 ], [ -148.271108600000019, 61.7873077 ], [ -148.196470299999987, 61.7873096 ], [ -148.1202164, 61.7873096 ], [ -148.1202011, 61.772871 ], [ -148.060754799999984, 61.772871 ], [ -148.007402399999989, 61.7728729 ], [ -147.9616699, 61.7728729 ], [ -147.8946037, 61.7728748 ], [ -147.8336315, 61.7728767 ], [ -147.780283, 61.7728786 ], [ -147.720836599999984, 61.7728786 ], [ -147.667482399999983, 61.7728786 ], [ -147.667654, 61.8161983 ], [ -147.7134514, 61.8161983 ], [ -147.7727261, 61.8161983 ], [ -147.8719444, 61.8161945 ], [ -147.96937939999998, 61.8161907 ], [ -148.0228081, 61.8161907 ], [ -148.076236699999981, 61.8161888 ], [ -148.166042299999987, 61.8161888 ], [ -148.211837799999984, 61.8161869 ], [ -148.2652645, 61.8161869 ], [ -148.3550644, 61.8161888 ], [ -148.4524975, 61.816185 ], [ -148.4524975, 61.859504699999988 ], [ -148.536567700000035, 61.8595009 ], [ -148.6338768, 61.8595028 ], [ -148.6338787, 61.787302 ], [ -148.6643772, 61.787302 ], [ -148.664362, 61.7728615 ], [ -148.7329502, 61.7728558 ], [ -148.7863007, 61.7728558 ], [ -148.883852, 61.7728577 ], [ -148.9829369, 61.7728577 ], [ -149.080488200000019, 61.7728558 ], [ -149.1262169, 61.772853899999987 ], [ -149.178043400000035, 61.7728558 ], [ -149.1780415, 61.8161793 ], [ -149.254367799999983, 61.8161793 ], [ -149.3594398, 61.8161812 ], [ -149.4510307, 61.8161831 ], [ -149.5408382, 61.8161831 ], [ -149.632431, 61.8161831 ], [ -149.7222347, 61.8161831 ], [ -149.8138237, 61.8161812 ], [ -149.9036274, 61.8161793 ], [ -149.9036274, 61.859504699999988 ], [ -149.90976329999998, 61.859504699999988 ], [ -149.90977479999998, 62.2060852 ], [ -149.9160709, 62.2060852 ], [ -149.9160862, 62.5526466 ], [ -149.922548299999988, 62.5526466 ], [ -149.922554, 62.6392841 ], [ -149.8289814, 62.6392841 ], [ -149.7348595, 62.639286 ], [ -149.6569748, 62.639286 ], [ -149.6020699, 62.6392879 ], [ -149.547166799999985, 62.6392879 ], [ -149.547182099999986, 62.8991928 ], [ -149.5493946, 62.8991928 ], [ -149.5493965, 62.9578209 ], [ -149.556915299999986, 62.9578209 ] ] ] ] } },
{ "type": "Feature", "properties": { "certificate_number": 22, "entity": "NEA", "certificate_name": "Naknek Electric Association, Inc.", "certificate_url": "https://rca.alaska.gov/RCAWeb/Certificate/CertificateDetails.aspx?id=597c90db-076b-4637-ae54-0b98e8e49aa5", "certificate_granted_year": 1964, "certificate_last_update_date": "1988-08-04", "certificate_last_update_order": "U-88-011(1)", "certificate_last_update_type": "Service Area Expansion", "geometry_last_update": "1988-08-04", "geometry_is_current": true, "geometry_cert_sync_status": "up_to_date" }, "geometry": { "type": "MultiPolygon", "coordinates": [ [ [ [ -157.0295429, 58.7682838 ], [ -157.0295448, 58.782732 ], [ -157.071281400000032, 58.782732 ], [ -157.071228, 58.7393875 ], [ -157.0652695, 58.7393875 ], [ -157.065176, 58.7104931 ], [ -157.1068268, 58.7104912 ], [ -157.106763799999982, 58.6960449 ], [ -157.023494699999986, 58.6960449 ], [ -156.948597, 58.6960468 ], [ -156.8653297, 58.6960468 ], [ -156.788999599999983, 58.6960487 ], [ -156.788997699999982, 58.6671524 ], [ -156.7348251, 58.6671543 ], [ -156.679359399999981, 58.6671543 ], [ -156.6793346, 58.6527061 ], [ -156.6238918, 58.6527081 ], [ -156.623888, 58.6093636 ], [ -156.569534299999987, 58.6093636 ], [ -156.5141582, 58.6093636 ], [ -156.4587822, 58.609365499999988 ], [ -156.4044285, 58.609365499999988 ], [ -156.404848099999981, 58.739397 ], [ -156.4726849, 58.739397 ], [ -156.549110399999989, 58.7393951 ], [ -156.6185875, 58.7393951 ], [ -156.6960526, 58.7393932 ], [ -156.6960545, 58.7682896 ], [ -156.779495199999985, 58.7682877 ], [ -156.862798699999985, 58.7682858 ], [ -156.9462395, 58.7682858 ], [ -157.0295429, 58.7682838 ] ] ] ] } },
{ "type": "Feature", "properties": { "certificate_number": 24, "entity": "Pelican", "certificate_name": "City of Pelican", "certificate_url": "https://rca.alaska.gov/RCAWeb/Certificate/CertificateDetails.aspx?id=4a427477-92c5-4e7d-82ef-411cbfb0be51", "certificate_granted_year": 1964, "certificate_last_update_date": "2012-05-31", "certificate_last_update_order": "U-11-131(3)", "certificate_last_update_type": "Transfer", "geometry_last_update": "2012-04-17", "geometry_is_current": false, "geometry_cert_sync_status": "outdated" }, "geometry": { "type": "MultiPolygon", "coordinates": [ [ [ [ -136.25412369999998, 57.946146 ], [ -136.2010708, 57.946146 ], [ -136.201156600000019, 57.9750423 ], [ -136.25412369999998, 57.9750423 ], [ -136.25412369999998, 57.946146 ] ] ] ] } },
{ "type": "Feature", "properties": { "certificate_number": 32, "entity": "HEA", "certificate_name": "Homer Electric Association, Inc.", "certificate_url": "https://rca.alaska.gov/RCAWeb/Certificate/CertificateDetails.aspx?id=fa9d9acf-b67c-4629-b614-3a88d409bdeb", "certificate_granted_year": 1964, "certificate_last_update_date": "1972-11-17", "certificate_last_update_order": "U-72-069", "certificate_last_update_type": "Service Area Expansion", "geometry_last_update": "1972-11-17", "geometry_is_current": true, "geometry_cert_sync_status": "up_to_date" }, "geometry": { "type": "MultiPolygon", "coordinates": [ [ [ [ -150.8320084, 60.9065113 ], [ -150.8913231, 60.9065113 ], [ -150.95759959999998, 60.9065113 ], [ -150.95759959999998, 60.9063263 ], [ -151.0391579, 60.9063244 ], [ -151.1281281, 60.906322499999987 ], [ -151.1721325, 60.9063244 ], [ -151.2388573, 60.9063244 ], [ -151.3114414, 60.9063244 ], [ -151.3114376, 60.8198509 ], [ -151.3878479, 60.8198509 ], [ -151.466146499999979, 60.8198509 ], [ -151.466133099999979, 60.4733334 ], [ -151.4446144, 60.4733334 ], [ -151.4446106, 60.2130795 ], [ -151.531703900000025, 60.2130775 ], [ -151.618326199999984, 60.2130737 ], [ -151.618309, 60.1264038 ], [ -151.688875199999984, 60.1264019 ], [ -151.7666874, 60.1264019 ], [ -151.766660699999989, 59.9528217 ], [ -151.853059799999983, 59.9528217 ], [ -151.9379539, 59.952823599999988 ], [ -151.937929199999985, 59.77948 ], [ -151.9115105, 59.77948 ], [ -151.911479899999989, 59.6061497 ], [ -151.8277493, 59.6061478 ], [ -151.735988599999985, 59.606144 ], [ -151.657602299999979, 59.6061401 ], [ -151.5720901, 59.6061401 ], [ -151.5720806, 59.5194664 ], [ -151.657371499999982, 59.5194664 ], [ -151.7422276, 59.5194721 ], [ -151.813299199999989, 59.519474 ], [ -151.911464699999982, 59.519475899999989 ], [ -151.911449399999981, 59.4327927 ], [ -151.9787292, 59.4327908 ], [ -152.0540981, 59.4327869 ], [ -152.0540924, 59.2593822 ], [ -151.9853134, 59.259378399999989 ], [ -151.9006748, 59.2593861 ], [ -151.8098392, 59.259388 ], [ -151.718145400000026, 59.259388 ], [ -151.7181339, 59.346096 ], [ -151.6557808, 59.3460922 ], [ -151.592140199999989, 59.3460941 ], [ -151.5297832, 59.3460999 ], [ -151.459070199999985, 59.346105599999987 ], [ -151.416641199999987, 59.3461075 ], [ -151.3472137, 59.3461113 ], [ -151.276496899999984, 59.3461151 ], [ -151.2128525, 59.3461189 ], [ -151.2128525, 59.4327965 ], [ -151.2317677, 59.4327965 ], [ -151.231771499999979, 59.5194721 ], [ -151.146911599999981, 59.519474 ], [ -151.0616226, 59.519475899999989 ], [ -151.0616493, 59.6928253 ], [ -150.991527599999984, 59.6928272 ], [ -150.9486637, 59.6928291 ], [ -150.891513799999984, 59.6928329 ], [ -150.891531, 59.7794971 ], [ -150.9070854, 59.7794971 ], [ -150.9071026, 59.8661709 ], [ -150.986093499999981, 59.8661671 ], [ -151.079006199999981, 59.8661652 ], [ -151.0790615, 60.1264172 ], [ -151.097169900000011, 60.1264172 ], [ -151.0971851, 60.2997532 ], [ -151.0253429, 60.2997532 ], [ -150.9234753, 60.2997551 ], [ -150.923477199999979, 60.3864212 ], [ -150.8737907, 60.3864212 ], [ -150.8227196, 60.3864212 ], [ -150.7716503, 60.3864212 ], [ -150.721962, 60.3864212 ], [ -150.6635952, 60.3864231 ], [ -150.605228399999987, 60.3864231 ], [ -150.548244499999981, 60.3864231 ], [ -150.4898777, 60.3864231 ], [ -150.4315109, 60.3864231 ], [ -150.374527, 60.3864212 ], [ -150.323452, 60.3864193 ], [ -150.265083299999986, 60.3864174 ], [ -150.208089799999982, 60.3864117 ], [ -150.157009099999982, 60.3864059 ], [ -150.0986347, 60.3864002 ], [ -150.054857299999981, 60.3863983 ], [ -150.054861099999982, 60.4733238 ], [ -150.0919743, 60.4733257 ], [ -150.092001, 60.5022125 ], [ -150.0627136, 60.5022125 ], [ -150.0627213, 60.5599899 ], [ -150.1360722, 60.5599899 ], [ -150.2314472, 60.5600014 ], [ -150.3263378, 60.5600052 ], [ -150.413887, 60.5600071 ], [ -150.413888899999989, 60.6466656 ], [ -150.5021439, 60.6466675 ], [ -150.5894566, 60.6466694 ], [ -150.58946229999998, 60.8198452 ], [ -150.6026459, 60.8198452 ], [ -150.6026497, 60.9065056 ], [ -150.6990337, 60.9065075 ], [ -150.7657604, 60.9065094 ], [ -150.8320084, 60.9065113 ] ] ] ] } },
{ "type": "Feature", "properties": { "certificate_number": 44, "entity": "MLPC", "certificate_name": "McGrath Light & Power Company", "certificate_url": "https://rca.alaska.gov/RCAWeb/Certificate/CertificateDetails.aspx?id=1d8176b6-ae92-46d5-ae69-3cc02f7fdc65", "certificate_granted_year": 1964, "certificate_last_update_date": "1980-02-25", "certificate_last_update_order": "U-79-019", "certificate_last_update_type": "Amendment", "geometry_last_update": "1993-12-28", "geometry_is_current": null, "geometry_cert_sync_status": "unknown" }, "geometry": { "type": "MultiPolygon", "coordinates": [ [ [ [ -155.563163799999984, 62.9568024 ], [ -155.5632267, 62.971241 ], [ -155.6262169, 62.971241 ], [ -155.6262169, 62.9279251 ], [ -155.531354900000025, 62.9279251 ], [ -155.531450299999989, 62.9568024 ], [ -155.563163799999984, 62.9568024 ] ] ] ] } },
{ "type": "Feature", "properties": { "certificate_number": 45, "entity": null, "certificate_name": "Nushagak Electric & Telephone Cooperative, Inc. (Electric)", "certificate_url": "https://rca.alaska.gov/RCAWeb/Certificate/CertificateDetails.aspx?id=e4d83421-c4cd-4c03-8d8d-59df13e1a0a6", "certificate_granted_year": 1964, "certificate_last_update_date": "2002-03-06", "certificate_last_update_order": "U-01-110(1)", "certificate_last_update_type": "Transfer", "geometry_last_update": "2002-03-06", "geometry_is_current": true, "geometry_cert_sync_status": "up_to_date" }, "geometry": { "type": "MultiPolygon", "coordinates": [ [ [ [ -158.5953941, 59.2883587 ], [ -158.5954533, 59.3028049 ], [ -158.650880799999982, 59.302803 ], [ -158.6508446, 59.2594643 ], [ -158.6790581, 59.2594643 ], [ -158.6788616, 59.1438904 ], [ -158.6507435, 59.1438904 ], [ -158.6507187, 59.1149979 ], [ -158.6226254, 59.1149979 ], [ -158.622623399999981, 59.0861034 ], [ -158.614488599999987, 59.0861034 ], [ -158.614379899999989, 59.0427628 ], [ -158.586345699999981, 59.0427628 ], [ -158.5863209, 59.0283165 ], [ -158.5582981, 59.0283165 ], [ -158.5582848, 59.0138683 ], [ -158.5862961, 59.0138683 ], [ -158.586248399999988, 58.9849739 ], [ -158.5302715, 58.9849739 ], [ -158.530273400000027, 59.0138683 ], [ -158.5035858, 59.0138702 ], [ -158.5036469, 59.0283165 ], [ -158.4195747, 59.0283184 ], [ -158.419672, 59.0861073 ], [ -158.503885299999979, 59.0861053 ], [ -158.5038242, 59.0716591 ], [ -158.5302753, 59.0716572 ], [ -158.5302753, 59.0572109 ], [ -158.558322899999979, 59.0572109 ], [ -158.558347699999985, 59.0861053 ], [ -158.5664825, 59.0861034 ], [ -158.5665779, 59.1149979 ], [ -158.5946712, 59.1149979 ], [ -158.5948505, 59.1583385 ], [ -158.6226273, 59.158338500000021 ], [ -158.6226273, 59.187231100000012 ], [ -158.650781599999988, 59.1872311 ], [ -158.6508198, 59.2305717 ], [ -158.6226292, 59.2305717 ], [ -158.6226311, 59.2594643 ], [ -158.5670586, 59.2594662 ], [ -158.5671558, 59.2883587 ], [ -158.5953941, 59.2883587 ] ] ] ] } },
{ "type": "Feature", "properties": { "certificate_number": 63, "entity": "GZUC", "certificate_name": "Gwitchyaa Zhee Utility Company", "certificate_url": "https://rca.alaska.gov/RCAWeb/Certificate/CertificateDetails.aspx?id=4cdb4eba-4346-4adf-96f2-0f6953b4cc84", "certificate_granted_year": 1965, "certificate_last_update_date": "1983-10-26", "certificate_last_update_order": "U-83-068(1)", "certificate_last_update_type": "Transfer", "geometry_last_update": "1983-10-26", "geometry_is_current": true, "geometry_cert_sync_status": "up_to_date" }, "geometry": { "type": "MultiPolygon", "coordinates": [ [ [ [ -145.3170261, 66.5521908 ], [ -145.2109509, 66.5521927 ], [ -145.211124399999989, 66.5810547 ], [ -145.3170719, 66.5810528 ], [ -145.3170261, 66.5521908 ] ] ] ] } },
{ "type": "Feature", "properties": { "certificate_number": 72, "entity": "TMG", "certificate_name": "TDX Manley Generating, LLC", "certificate_url": "https://rca.alaska.gov/RCAWeb/Certificate/CertificateDetails.aspx?id=59d16085-29d7-4742-b30d-0c54d73f5c1d", "certificate_granted_year": 1965, "certificate_last_update_date": "2008-12-31", "certificate_last_update_order": "U-08-079(2)", "certificate_last_update_type": "Transfer", "geometry_last_update": "1977-11-25", "geometry_is_current": false, "geometry_cert_sync_status": "outdated" }, "geometry": { "type": "MultiPolygon", "coordinates": [ [ [ [ -150.664472599999982, 64.9933167 ], [ -150.596262, 64.9933186 ], [ -150.596319199999982, 65.0077534 ], [ -150.664566, 65.0077515 ], [ -150.664472599999982, 64.9933167 ] ] ] ] } },
{ "type": "Feature", "properties": { "certificate_number": 88, "entity": "G&K", "certificate_name": "G & K, Inc.", "certificate_url": "https://rca.alaska.gov/RCAWeb/Certificate/CertificateDetails.aspx?id=22648b7d-28cd-475b-9072-b9280d05c5c9", "certificate_granted_year": 1967, "certificate_last_update_date": "1985-03-15", "certificate_last_update_order": "U-78-083(1)", "certificate_last_update_type": "Service Area Expansion", "geometry_last_update": "1985-03-15", "geometry_is_current": true, "geometry_cert_sync_status": "up_to_date" }, "geometry": { "type": "MultiPolygon", "coordinates": [ [ [ [ -162.7510834, 55.2511082 ], [ -162.751121499999982, 55.2800198 ], [ -162.8017712, 55.2800179 ], [ -162.8016968, 55.2511063 ], [ -162.776390099999986, 55.2511082 ], [ -162.7762775, 55.1932831 ], [ -162.751007099999981, 55.193285 ], [ -162.750988, 55.1788292 ], [ -162.7004662, 55.1788292 ], [ -162.6508694, 55.1788311 ], [ -162.650907499999988, 55.1932869 ], [ -162.7004662, 55.193285 ], [ -162.70047, 55.2511101 ], [ -162.7510834, 55.2511082 ] ] ] ] } },
{ "type": "Feature", "properties": { "certificate_number": 92, "entity": "TPC", "certificate_name": "TANANA POWER COMPANY, INC.", "certificate_url": "https://rca.alaska.gov/RCAWeb/Certificate/CertificateDetails.aspx?id=f68bcf16-233a-442e-bd83-36ce5cb75fbd", "certificate_granted_year": 1968, "certificate_last_update_date": "2015-03-23", "certificate_last_update_order": "U-14-110(3)", "certificate_last_update_type": "Controlling Interest", "geometry_last_update": "2004-12-30", "geometry_is_current": true, "geometry_cert_sync_status": "up_to_date" }, "geometry": { "type": "MultiPolygon", "coordinates": [ [ [ [ -152.326746, 65.1664886 ], [ -152.2604141, 65.1664906 ], [ -152.208923299999981, 65.1664925 ], [ -152.1168461, 65.1664944 ], [ -152.013868299999984, 65.1664963 ], [ -151.9194698, 65.1664982 ], [ -151.919475600000027, 65.2098007 ], [ -152.0140285, 65.2097988 ], [ -152.0656033, 65.2097969 ], [ -152.123111699999981, 65.209795 ], [ -152.226261099999988, 65.2097931 ], [ -152.326751700000017, 65.2097912 ], [ -152.326746, 65.1664886 ] ] ] ] } },
{ "type": "Feature", "properties": { "certificate_number": 100, "entity": "SITKA", "certificate_name": "City and Borough of Sitka", "certificate_url": "https://rca.alaska.gov/RCAWeb/Certificate/CertificateDetails.aspx?id=b43e313e-09c6-408f-a364-d0aa5a1a8afb", "certificate_granted_year": 1970, "certificate_last_update_date": "1989-04-26", "certificate_last_update_order": "U-88-057(1)", "certificate_last_update_type": "Name Change", "geometry_last_update": "1989-04-26", "geometry_is_current": true, "geometry_cert_sync_status": "up_to_date" }, "geometry": { "type": "MultiPolygon", "coordinates": [ [ [ [ -135.3650322, 57.1224976 ], [ -135.3384628, 57.1224976 ], [ -135.3384724, 57.1369495 ], [ -135.391632099999981, 57.1369495 ], [ -135.3916016, 57.1224976 ], [ -135.4181709, 57.1224995 ], [ -135.4180489, 57.0791454 ], [ -135.39151, 57.0791435 ], [ -135.391418499999986, 57.0357895 ], [ -135.364912, 57.0357895 ], [ -135.3648911, 57.0213375 ], [ -135.3118992, 57.0213375 ], [ -135.3118973, 57.0357895 ], [ -135.2856979, 57.0357895 ], [ -135.2856483, 57.0213375 ], [ -135.2591515, 57.0213356 ], [ -135.232654599999989, 57.0213356 ], [ -135.2326851, 57.0357876 ], [ -135.206178699999981, 57.0357895 ], [ -135.2061577, 57.0213375 ], [ -135.1796627, 57.0213375 ], [ -135.1796417, 56.9924316 ], [ -135.153165799999982, 56.9924316 ], [ -135.153165799999982, 56.9779797 ], [ -135.100296, 56.9779797 ], [ -135.100378, 57.0068855 ], [ -135.126865399999986, 57.0068855 ], [ -135.126915, 57.0213375 ], [ -135.153165799999982, 57.0213375 ], [ -135.153165799999982, 57.0357895 ], [ -135.1796722, 57.0357895 ], [ -135.1796913, 57.0646935 ], [ -135.232744199999985, 57.0646915 ], [ -135.232715600000034, 57.0502396 ], [ -135.285749399999986, 57.0502396 ], [ -135.285799, 57.0646915 ], [ -135.3384247, 57.0646915 ], [ -135.3384342, 57.0791435 ], [ -135.364971199999985, 57.0791435 ], [ -135.3650322, 57.1224976 ] ] ] ] } },
{ "type": "Feature", "properties": { "certificate_number": 103, "entity": "KETCHIKAN", "certificate_name": "City of Ketchikan", "certificate_url": "https://rca.alaska.gov/RCAWeb/Certificate/CertificateDetails.aspx?id=b16fed35-77ce-48ce-acff-9014d29294e3", "certificate_granted_year": 1970, "certificate_last_update_date": "1970-12-31", "certificate_last_update_order": "U-70-035", "certificate_last_update_type": "Initial", "geometry_last_update": "1970-12-31", "geometry_is_current": true, "geometry_cert_sync_status": "up_to_date" }, "geometry": { "type": "MultiPolygon", "coordinates": [ [ [ [ -131.6841049, 55.2271767 ], [ -131.685014699999982, 55.2513199 ], [ -131.6400166, 55.2663212 ], [ -131.618351, 55.2879868 ], [ -131.5241852, 55.2913208 ], [ -131.460022, 55.3779869 ], [ -131.501688, 55.4313183 ], [ -131.5058556, 55.5046482 ], [ -131.578352, 55.5913086 ], [ -131.6988144, 55.6134586 ], [ -131.846681599999982, 55.5296383 ], [ -131.8800144, 55.4463062 ], [ -131.8816814, 55.3813095 ], [ -131.8629379, 55.2891808 ], [ -131.833292, 55.1934376 ], [ -131.7783432, 55.1379871 ], [ -131.705009499999989, 55.1129875 ], [ -131.71493719999998, 55.1864262 ], [ -131.6841049, 55.2271767 ] ] ] ] } },
{ "type": "Feature", "properties": { "certificate_number": 106, "entity": "UNALASKA", "certificate_name": "City of Unalaska", "certificate_url": "https://rca.alaska.gov/RCAWeb/Certificate/CertificateDetails.aspx?id=f5177ab5-48b7-4d7a-9cd0-5e02502378cf", "certificate_granted_year": 1970, "certificate_last_update_date": "2015-08-07", "certificate_last_update_order": "U-82-016(8E)", "certificate_last_update_type": "Amendment", "geometry_last_update": null, "geometry_is_current": null, "geometry_cert_sync_status": "unknown" }, "geometry": { "type": "MultiPolygon", "coordinates": [ [ [ [ -166.506777400000033, 53.911491 ], [ -166.5063729, 53.911456 ], [ -166.506237699999986, 53.911295 ], [ -166.5065313, 53.9109913 ], [ -166.5070121, 53.910611 ], [ -166.507658, 53.9097852 ], [ -166.5082306, 53.9088394 ], [ -166.5087929, 53.9082356 ], [ -166.509136499999983, 53.9077001 ], [ -166.5092886, 53.9075528 ], [ -166.5094576, 53.9074928 ], [ -166.5095302, 53.9075295 ], [ -166.5096533, 53.9075172 ], [ -166.509777, 53.907486 ], [ -166.5101345, 53.906897 ], [ -166.510142699999989, 53.9068492 ], [ -166.5101448, 53.906786 ], [ -166.5101023, 53.9067476 ], [ -166.509956499999987, 53.9067072 ], [ -166.509927399999981, 53.9065823 ], [ -166.5099578, 53.9063894 ], [ -166.510149399999989, 53.9061098 ], [ -166.510372099999984, 53.9059081 ], [ -166.51054449999998, 53.9057903 ], [ -166.5106759, 53.9057272 ], [ -166.5107114, 53.9056173 ], [ -166.510730099999989, 53.9052831 ], [ -166.51102, 53.904941 ], [ -166.511338199999983, 53.9046532 ], [ -166.5115389, 53.9043031 ], [ -166.511601899999988, 53.9041719 ], [ -166.511802499999988, 53.9035547 ], [ -166.5118654, 53.903310499999989 ], [ -166.511886899999979, 53.9030526 ], [ -166.5125171, 53.901709 ], [ -166.5130103, 53.9010098 ], [ -166.51378010000002, 53.900468 ], [ -166.5142961, 53.8995656 ], [ -166.5148051, 53.8985282 ], [ -166.5150931, 53.8983668 ], [ -166.5153406, 53.8983405 ], [ -166.5156643, 53.8983269 ], [ -166.5166868, 53.898338 ], [ -166.516975299999984, 53.8982866 ], [ -166.517194499999988, 53.898111 ], [ -166.517306800000028, 53.8979208 ], [ -166.5172351, 53.897660099999989 ], [ -166.517078799999979, 53.8972415 ], [ -166.516861799999987, 53.8969415 ], [ -166.5163463, 53.8968072 ], [ -166.5156724, 53.8967946 ], [ -166.5151378, 53.8970214 ], [ -166.5147658, 53.897277 ], [ -166.514386799999983, 53.8975984 ], [ -166.5139431, 53.8982389 ], [ -166.513401500000015, 53.8988732 ], [ -166.5128693, 53.8999622 ], [ -166.5120887, 53.9005175 ], [ -166.5114159, 53.9012078 ], [ -166.5112053, 53.901642 ], [ -166.511047, 53.9021706 ], [ -166.5110604, 53.9027372 ], [ -166.5108785, 53.903445 ], [ -166.5104117, 53.9037254 ], [ -166.509487899999982, 53.9052332 ], [ -166.50892170000003, 53.9059729 ], [ -166.5085004, 53.9067248 ], [ -166.5079245, 53.9079995 ], [ -166.507011399999982, 53.9090206 ], [ -166.506530799999979, 53.9096769 ], [ -166.5053661, 53.9106957 ], [ -166.505159, 53.9109852 ], [ -166.504228800000021, 53.9120706 ], [ -166.5033075, 53.9129585 ], [ -166.5031047, 53.913534 ], [ -166.502802, 53.9141261 ], [ -166.502607399999988, 53.9146309 ], [ -166.502015699999987, 53.9159137 ], [ -166.5019011, 53.9164343 ], [ -166.501893, 53.9166667 ], [ -166.538328299999989, 53.9166667 ], [ -166.5393885, 53.9159817 ], [ -166.5405213, 53.9154104 ], [ -166.542145, 53.9146523 ], [ -166.543333099999984, 53.9138186 ], [ -166.5438044, 53.9136768 ], [ -166.5447557, 53.9129782 ], [ -166.545522799999986, 53.9126604 ], [ -166.5463222, 53.9121868 ], [ -166.547223, 53.9117765 ], [ -166.547781599999979, 53.9114083 ], [ -166.549513499999989, 53.9106642 ], [ -166.5499998, 53.9102211 ], [ -166.550591199999985, 53.9099257 ], [ -166.550993, 53.9095554 ], [ -166.5510799, 53.9093068 ], [ -166.5510559, 53.9088588 ], [ -166.5506867, 53.9086116 ], [ -166.550499799999983, 53.9083689 ], [ -166.5500208, 53.9080835 ], [ -166.54968359999998, 53.9080696 ], [ -166.54932359999998, 53.9077881 ], [ -166.54944279999998, 53.9076126 ], [ -166.549518399999982, 53.9074285 ], [ -166.549857, 53.9069196 ], [ -166.550074, 53.9066576 ], [ -166.550360399999988, 53.906454 ], [ -166.5506643, 53.9063005 ], [ -166.551628400000027, 53.9058995 ], [ -166.5522777, 53.9053544 ], [ -166.552532, 53.9042549 ], [ -166.552699599999983, 53.9039183 ], [ -166.553199799999987, 53.9034462 ], [ -166.5532414, 53.9031874 ], [ -166.5531272, 53.9030363 ], [ -166.55255889999998, 53.9025311 ], [ -166.551525799999979, 53.9018741 ], [ -166.5510239, 53.9015783 ], [ -166.550650599999983, 53.9012629 ], [ -166.5499462, 53.9008037 ], [ -166.5493803, 53.9004785 ], [ -166.5488552, 53.9001109 ], [ -166.5483736, 53.8998356 ], [ -166.5482692, 53.8997187 ], [ -166.5480083, 53.8995676 ], [ -166.5477893, 53.8993698 ], [ -166.547713099999982, 53.8990813 ], [ -166.5473048, 53.8988101 ], [ -166.5467028, 53.8987014 ], [ -166.546476899999988, 53.8986034 ], [ -166.545694799999978, 53.898439599999989 ], [ -166.5453272, 53.8982617 ], [ -166.544774499999988, 53.8977894 ], [ -166.5446278, 53.8975417 ], [ -166.5447015, 53.8965282 ], [ -166.544800899999984, 53.8962572 ], [ -166.544754499999982, 53.8958593 ], [ -166.5446857, 53.8956009 ], [ -166.5444846, 53.8953426 ], [ -166.5440796, 53.8946901 ], [ -166.543686, 53.8943884 ], [ -166.54335020000002, 53.8940647 ], [ -166.543307, 53.893917 ], [ -166.54328719999998, 53.8937288 ], [ -166.5434047, 53.8931392 ], [ -166.5440566, 53.8915561 ], [ -166.544414599999982, 53.8909016 ], [ -166.544922899999989, 53.8901136 ], [ -166.54551, 53.8895281 ], [ -166.546118299999989, 53.8889938 ], [ -166.5473321, 53.887763 ], [ -166.5479781, 53.8873254 ], [ -166.548867799999982, 53.886947 ], [ -166.550685499999986, 53.886311 ], [ -166.5516706, 53.8859942 ], [ -166.5529239, 53.8857281 ], [ -166.5538755, 53.8856049 ], [ -166.554799399999979, 53.8856785 ], [ -166.5555593, 53.8858673 ], [ -166.5564937, 53.8859169 ], [ -166.557239, 53.8858913 ], [ -166.557806, 53.8854961 ], [ -166.557803300000018, 53.8847996 ], [ -166.558282599999984, 53.8845364 ], [ -166.558815399999986, 53.884391 ], [ -166.5590876, 53.8842064 ], [ -166.558969, 53.8837684 ], [ -166.558718199999987, 53.8833041 ], [ -166.5589372, 53.8830559 ], [ -166.5594092, 53.882874 ], [ -166.559584199999989, 53.8827357 ], [ -166.5598324, 53.8826018 ], [ -166.559721699999983, 53.882350699999989 ], [ -166.559785299999987, 53.8821474 ], [ -166.559644699999978, 53.8818107 ], [ -166.559743799999978, 53.8815559 ], [ -166.5599853, 53.8813645 ], [ -166.560235300000016, 53.8812487 ], [ -166.560363699999982, 53.8811189 ], [ -166.560347299999989, 53.8809986 ], [ -166.5595644, 53.879942 ], [ -166.5596363, 53.879508 ], [ -166.559990200000016, 53.8789243 ], [ -166.560289200000028, 53.8786974 ], [ -166.560685299999989, 53.8785678 ], [ -166.561195, 53.8783666 ], [ -166.561651499999982, 53.8782204 ], [ -166.5622476, 53.8780654 ], [ -166.5628812, 53.8780611 ], [ -166.563963, 53.8780014 ], [ -166.564708, 53.877874 ], [ -166.565141499999982, 53.8778697 ], [ -166.5662472, 53.8775363 ], [ -166.566655, 53.8771762 ], [ -166.567059799999981, 53.8765746 ], [ -166.566542199999986, 53.8760076 ], [ -166.5658162, 53.8747804 ], [ -166.564818299999985, 53.8741459 ], [ -166.564658399999985, 53.8735001 ], [ -166.5644623, 53.8730551 ], [ -166.5638103, 53.8726207 ], [ -166.5626991, 53.8722716 ], [ -166.562172299999986, 53.8720116 ], [ -166.5615879, 53.8716128 ], [ -166.5614338, 53.8712441 ], [ -166.561437399999988, 53.8710223 ], [ -166.561240199999986, 53.870623 ], [ -166.5607772, 53.8698762 ], [ -166.5602577, 53.8696017 ], [ -166.559901, 53.869221 ], [ -166.559788799999978, 53.8688984 ], [ -166.559788699999984, 53.8685244 ], [ -166.559928899999989, 53.8679964 ], [ -166.5598109, 53.867505599999987 ], [ -166.5587037, 53.8670029 ], [ -166.55776849999998, 53.8664904 ], [ -166.5574284, 53.8662503 ], [ -166.5569262, 53.8661046 ], [ -166.556487799999985, 53.8660722 ], [ -166.556054099999983, 53.8661066 ], [ -166.5557518, 53.8662125 ], [ -166.555711799999983, 53.8664893 ], [ -166.5557322, 53.866680599999988 ], [ -166.555804199999983, 53.8670114 ], [ -166.555896900000022, 53.8671311 ], [ -166.555783199999979, 53.8673066 ], [ -166.556084699999985, 53.867743 ], [ -166.5559984, 53.8678141 ], [ -166.556005, 53.867861 ], [ -166.5565594, 53.8682604 ], [ -166.5564454, 53.8683203 ], [ -166.5559269, 53.8681016 ], [ -166.5559011, 53.8681229 ], [ -166.5564124, 53.868341 ], [ -166.556659699999983, 53.8685785 ], [ -166.556674499999986, 53.8688194 ], [ -166.556621799999988, 53.868883 ], [ -166.555288500000017, 53.8696912 ], [ -166.555162, 53.8698415 ], [ -166.5550068, 53.8698995 ], [ -166.553721199999984, 53.8702419 ], [ -166.5530987, 53.870349 ], [ -166.552826399999987, 53.8704108 ], [ -166.5526889, 53.8704782 ], [ -166.5526405, 53.8705888 ], [ -166.552629199999984, 53.8708777 ], [ -166.552585600000015, 53.8710887 ], [ -166.5524625, 53.871254 ], [ -166.5520731, 53.8715188 ], [ -166.5517793, 53.8716738 ], [ -166.55093309999998, 53.871915 ], [ -166.5494373, 53.8724424 ], [ -166.549134899999984, 53.8725841 ], [ -166.5483793, 53.8732453 ], [ -166.548166399999985, 53.8733491 ], [ -166.5480001, 53.8735809 ], [ -166.5476689, 53.8736891 ], [ -166.547580900000014, 53.8737868 ], [ -166.547572699999989, 53.874151499999989 ], [ -166.5478541, 53.8743847 ], [ -166.5484017, 53.8744698 ], [ -166.54872469999998, 53.8745989 ], [ -166.549295200000017, 53.8749916 ], [ -166.5496981, 53.8750455 ], [ -166.5498322, 53.8751143 ], [ -166.5498072, 53.8752744 ], [ -166.55031649999998, 53.8754155 ], [ -166.550589299999984, 53.8755202 ], [ -166.5510189, 53.8756302 ], [ -166.551448099999988, 53.8757921 ], [ -166.5519549, 53.8760191 ], [ -166.5523476, 53.8761483 ], [ -166.5528658, 53.876240499999987 ], [ -166.5530584, 53.8762211 ], [ -166.5535601, 53.8763502 ], [ -166.554118099999982, 53.8765568 ], [ -166.554373699999985, 53.876683799999988 ], [ -166.5549254, 53.8768647 ], [ -166.5563903, 53.8772745 ], [ -166.556564899999984, 53.8776255 ], [ -166.5565958, 53.8778163 ], [ -166.556365, 53.8777533 ], [ -166.5561, 53.8776218 ], [ -166.5558599, 53.8775647 ], [ -166.5556853, 53.8775506 ], [ -166.555550499999981, 53.8775939 ], [ -166.5552692, 53.8778035 ], [ -166.5551557, 53.8778425 ], [ -166.5550336, 53.8779111 ], [ -166.554779, 53.877927 ], [ -166.5545448, 53.878045 ], [ -166.554287, 53.8781104 ], [ -166.5541316, 53.8781888 ], [ -166.553960599999982, 53.8784203 ], [ -166.553715399999987, 53.8784694 ], [ -166.5534892, 53.8784003 ], [ -166.553291699999988, 53.87832 ], [ -166.552716, 53.8780203 ], [ -166.552695799999981, 53.8778672 ], [ -166.5528051, 53.877676099999988 ], [ -166.5528679, 53.8774284 ], [ -166.5527936, 53.8772165 ], [ -166.5524255, 53.8769686 ], [ -166.5520917, 53.8766473 ], [ -166.551536699999986, 53.8764276 ], [ -166.5507361, 53.8761447 ], [ -166.5504383, 53.8761179 ], [ -166.5499611, 53.8761188 ], [ -166.5496599, 53.8759688 ], [ -166.54948090000002, 53.8759578 ], [ -166.549308100000019, 53.8759942 ], [ -166.549072199999983, 53.8761223 ], [ -166.5486503, 53.87623 ], [ -166.548535, 53.876224 ], [ -166.548160599999989, 53.8763221 ], [ -166.5480049, 53.8765127 ], [ -166.5479971, 53.8766176 ], [ -166.54829620000001, 53.8769185 ], [ -166.548514399999988, 53.8770706 ], [ -166.5495713, 53.877936 ], [ -166.5503181, 53.8782114 ], [ -166.550794199999984, 53.8783651 ], [ -166.552287299999989, 53.8787952 ], [ -166.5523034, 53.8788838 ], [ -166.550199699999979, 53.8800451 ], [ -166.550175199999984, 53.8801401 ], [ -166.5500372, 53.8802276 ], [ -166.5496839, 53.8802304 ], [ -166.5494779, 53.8802054 ], [ -166.549234499999983, 53.8801359 ], [ -166.548993599999989, 53.8801709 ], [ -166.548701, 53.8804646 ], [ -166.54848819999998, 53.8806387 ], [ -166.548377400000021, 53.8808303 ], [ -166.548365599999983, 53.8811564 ], [ -166.5481786, 53.8817061 ], [ -166.548036, 53.881809 ], [ -166.547902400000027, 53.8819401 ], [ -166.547751399999981, 53.8820189 ], [ -166.5477194, 53.8821343 ], [ -166.5477359, 53.8822385 ], [ -166.5478048, 53.8823179 ], [ -166.5479253, 53.8823694 ], [ -166.548157, 53.8823261 ], [ -166.5483261, 53.8823269 ], [ -166.548636499999986, 53.8823975 ], [ -166.548888, 53.8823647 ], [ -166.5492257, 53.8823746 ], [ -166.549522599999989, 53.8824011 ], [ -166.5496545, 53.8824395 ], [ -166.5498389, 53.8825499 ], [ -166.5499419, 53.8827071 ], [ -166.550130199999984, 53.8827487 ], [ -166.5502458, 53.88288 ], [ -166.550566799999984, 53.882961099999989 ], [ -166.550884, 53.8832592 ], [ -166.550894299999982, 53.8833701 ], [ -166.550786499999987, 53.8834675 ], [ -166.5505661, 53.8836066 ], [ -166.550599299999988, 53.883773899999987 ], [ -166.550486899999981, 53.8838524 ], [ -166.550092299999989, 53.8839208 ], [ -166.5498196, 53.884003 ], [ -166.54958929999998, 53.884011099999988 ], [ -166.5494969, 53.8839722 ], [ -166.549454, 53.8839249 ], [ -166.549343099999987, 53.8838736 ], [ -166.5492635, 53.8837974 ], [ -166.5492107, 53.8837396 ], [ -166.5491935, 53.8836551 ], [ -166.5491127, 53.8835976 ], [ -166.5487621, 53.8834848 ], [ -166.5482815, 53.8831622 ], [ -166.5482106, 53.883041 ], [ -166.5479985, 53.8828823 ], [ -166.547777199999985, 53.882566 ], [ -166.5477546, 53.8823396 ], [ -166.547661399999981, 53.8822654 ], [ -166.5475545, 53.8822243 ], [ -166.5473826, 53.8822369 ], [ -166.5470353, 53.8823273 ], [ -166.54686049999998, 53.8823064 ], [ -166.5468066, 53.8822672 ], [ -166.5467392, 53.882112 ], [ -166.546674199999984, 53.882045 ], [ -166.5463083, 53.8818628 ], [ -166.546111800000034, 53.8818273 ], [ -166.5459282, 53.8818569 ], [ -166.545263800000015, 53.882014 ], [ -166.5450241, 53.8820522 ], [ -166.544774499999988, 53.882069 ], [ -166.544527099999982, 53.8820574 ], [ -166.5443526, 53.8820085 ], [ -166.5441042, 53.8819918 ], [ -166.5439448, 53.8820043 ], [ -166.543781599999988, 53.8820491 ], [ -166.5436499, 53.882133 ], [ -166.543566299999981, 53.8822686 ], [ -166.5434823, 53.882323 ], [ -166.5434371, 53.882341 ], [ -166.5433212, 53.8823358 ], [ -166.5432356, 53.8823103 ], [ -166.543033399999985, 53.8821934 ], [ -166.542814599999986, 53.8820933 ], [ -166.5426415, 53.8819371 ], [ -166.5424075, 53.8818169 ], [ -166.5422209, 53.8817486 ], [ -166.5416531, 53.8816066 ], [ -166.541345, 53.8815678 ], [ -166.541193, 53.881526 ], [ -166.541088699999989, 53.8812913 ], [ -166.541003499999988, 53.8811822 ], [ -166.5407887, 53.8810496 ], [ -166.539853099999988, 53.8807333 ], [ -166.5397099, 53.8799096 ], [ -166.538500699999986, 53.8793472 ], [ -166.538109599999984, 53.8796172 ], [ -166.5365128, 53.8795272 ], [ -166.534652, 53.8804772 ], [ -166.534285900000015, 53.8812919 ], [ -166.5335757, 53.8821059 ], [ -166.5323268, 53.8828469 ], [ -166.531931599999979, 53.8827085 ], [ -166.5309365, 53.8829342 ], [ -166.529692399999988, 53.8835857 ], [ -166.528777199999979, 53.8842561 ], [ -166.528982499999984, 53.8856551 ], [ -166.5285279, 53.8861393 ], [ -166.527927399999982, 53.8865124 ], [ -166.5278352, 53.8871391 ], [ -166.527661599999988, 53.8874541 ], [ -166.5273439, 53.887679 ], [ -166.52698479999998, 53.8879886 ], [ -166.5265412, 53.8884258 ], [ -166.526421699999986, 53.8886627 ], [ -166.526611799999984, 53.8890001 ], [ -166.526900399999988, 53.8891183 ], [ -166.527519899999987, 53.889219 ], [ -166.5286773, 53.8890728 ], [ -166.5294561, 53.8889098 ], [ -166.5301385, 53.8888629 ], [ -166.531015599999989, 53.8889133 ], [ -166.531800299999986, 53.8891897 ], [ -166.532359899999989, 53.8894305 ], [ -166.5329567, 53.8897281 ], [ -166.5332381, 53.8898339 ], [ -166.5336639, 53.8900743 ], [ -166.5341283, 53.8901014 ], [ -166.534647799999988, 53.8900892 ], [ -166.535001300000033, 53.8901749 ], [ -166.5353001, 53.8903287 ], [ -166.535741, 53.8906613 ], [ -166.5358326, 53.890848 ], [ -166.5360316, 53.8917587 ], [ -166.536260299999981, 53.8922778 ], [ -166.536341599999986, 53.8924057 ], [ -166.5365349, 53.892515599999989 ], [ -166.536694, 53.8926393 ], [ -166.5367206, 53.8928037 ], [ -166.536671499999983, 53.8930301 ], [ -166.5367589, 53.8931739 ], [ -166.536837599999984, 53.8933843 ], [ -166.5370222, 53.8936749 ], [ -166.5369715, 53.8937421 ], [ -166.5366204, 53.8939513 ], [ -166.536457499999983, 53.8941077 ], [ -166.536367, 53.8942221 ], [ -166.53630339999998, 53.8944027 ], [ -166.536385300000035, 53.8946305 ], [ -166.536802, 53.8951675 ], [ -166.537217, 53.8955773 ], [ -166.5372722, 53.8957244 ], [ -166.5372811, 53.8958859 ], [ -166.5371773, 53.8960407 ], [ -166.5369679, 53.8961074 ], [ -166.536909499999979, 53.8962844 ], [ -166.5371259, 53.8965364 ], [ -166.5371098, 53.8966778 ], [ -166.537009, 53.8969139 ], [ -166.536910799999987, 53.8970257 ], [ -166.536042399999985, 53.8978384 ], [ -166.535419599999983, 53.8983002 ], [ -166.5351752, 53.8984297 ], [ -166.534774199999987, 53.8985109 ], [ -166.534416, 53.8986322 ], [ -166.533274299999988, 53.8991859 ], [ -166.5323564, 53.8996854 ], [ -166.53205029999998, 53.899827099999989 ], [ -166.5304394, 53.9002856 ], [ -166.527901300000025, 53.9019431 ], [ -166.525162599999987, 53.9031816 ], [ -166.524329199999983, 53.90354 ], [ -166.523994499999986, 53.903726 ], [ -166.5225629, 53.9043325 ], [ -166.521963, 53.9046386 ], [ -166.521293599999979, 53.9048852 ], [ -166.520954, 53.9051193 ], [ -166.5205396, 53.9053411 ], [ -166.519893599999989, 53.905815 ], [ -166.5195852, 53.9061032 ], [ -166.5190351, 53.9064352 ], [ -166.518164899999988, 53.9067383 ], [ -166.5174447, 53.9069465 ], [ -166.51676, 53.9071851 ], [ -166.5163435, 53.9073075 ], [ -166.514891, 53.9074645 ], [ -166.5132194, 53.9085104 ], [ -166.511087899999978, 53.9101586 ], [ -166.5108338, 53.9104011 ], [ -166.510776199999981, 53.9106101 ], [ -166.5105232, 53.9107728 ], [ -166.510185299999989, 53.910925399999989 ], [ -166.5092412, 53.911457 ], [ -166.5083601, 53.9118919 ], [ -166.508208199999984, 53.9119587 ], [ -166.5080994, 53.9119838 ], [ -166.5079178, 53.9119214 ], [ -166.5076109, 53.9117388 ], [ -166.5072528, 53.9115691 ], [ -166.506777400000033, 53.911491 ] ] ], [ [ [ -166.565613, 53.8540631 ], [ -166.5660101, 53.8538867 ], [ -166.566838099999984, 53.8536925 ], [ -166.567440799999986, 53.8528859 ], [ -166.5682622, 53.8526446 ], [ -166.569503, 53.8522393 ], [ -166.569540499999988, 53.852245 ], [ -166.5704604, 53.8519902 ], [ -166.5708143, 53.8517905 ], [ -166.5712034, 53.8517669 ], [ -166.5715928, 53.851541399999988 ], [ -166.5722787, 53.8512336 ], [ -166.572497799999979, 53.8510962 ], [ -166.5727633, 53.8509903 ], [ -166.5728105, 53.8509309 ], [ -166.5729503, 53.8509166 ], [ -166.573104300000011, 53.8509835 ], [ -166.573173299999979, 53.8509472 ], [ -166.5731601, 53.8508674 ], [ -166.573040099999986, 53.8507486 ], [ -166.573086, 53.8505869 ], [ -166.5736387, 53.8503156 ], [ -166.573606499999983, 53.8501334 ], [ -166.57372909999998, 53.85 ], [ -166.566666699999985, 53.8500056 ], [ -166.566666699999985, 53.8333333 ], [ -166.4833333, 53.8333333 ], [ -166.4833333, 53.8970253 ], [ -166.4838992, 53.8968646 ], [ -166.4847575, 53.8965447 ], [ -166.4854487, 53.8957256 ], [ -166.486727699999989, 53.8949262 ], [ -166.487477499999983, 53.8944904 ], [ -166.4891605, 53.893769399999989 ], [ -166.4909084, 53.8930902 ], [ -166.4915409, 53.8930629 ], [ -166.4918532, 53.8929188 ], [ -166.4925902, 53.8922889 ], [ -166.493086299999987, 53.8918244 ], [ -166.494017, 53.891411 ], [ -166.4949839, 53.8911724 ], [ -166.4963381, 53.8909794 ], [ -166.497244, 53.8910694 ], [ -166.4975404, 53.8910288 ], [ -166.498021599999987, 53.8904505 ], [ -166.498418800000024, 53.8900402 ], [ -166.500246799999985, 53.889715 ], [ -166.5013193, 53.8892056 ], [ -166.5035791, 53.888486 ], [ -166.5047754, 53.8877674 ], [ -166.505823, 53.8870905 ], [ -166.5072472, 53.8862113 ], [ -166.5091074, 53.885338900000015 ], [ -166.509677499999981, 53.884525 ], [ -166.5107922, 53.8837849 ], [ -166.5118024, 53.8825004 ], [ -166.5118654, 53.8823577 ], [ -166.5115477, 53.8816833 ], [ -166.5115061, 53.8813823 ], [ -166.512097499999982, 53.880412299999989 ], [ -166.5140499, 53.8786872 ], [ -166.5153057, 53.8779365 ], [ -166.5159119, 53.8774864 ], [ -166.5167031, 53.8770039 ], [ -166.5173533, 53.8764264 ], [ -166.518138099999987, 53.875982099999987 ], [ -166.5194132, 53.8750127 ], [ -166.520168399999989, 53.8746083 ], [ -166.5209743, 53.8739618 ], [ -166.521357599999988, 53.8737341 ], [ -166.5221338, 53.8734892 ], [ -166.5230627, 53.873107 ], [ -166.5235578, 53.873005 ], [ -166.5244188, 53.8729697 ], [ -166.5253358, 53.8729803 ], [ -166.5258962, 53.8730167 ], [ -166.527963, 53.8733769 ], [ -166.52930379999998, 53.8736744 ], [ -166.5302467, 53.8739212 ], [ -166.532820800000025, 53.8747089 ], [ -166.533942800000034, 53.8751103 ], [ -166.5352437, 53.8756756 ], [ -166.535693399999985, 53.875848499999989 ], [ -166.53689989999998, 53.8766111 ], [ -166.5372648, 53.8767983 ], [ -166.538505, 53.8778155 ], [ -166.5387945, 53.878081599999987 ], [ -166.538284299999987, 53.8784232 ], [ -166.5393867, 53.8790942 ], [ -166.5408526, 53.8794973 ], [ -166.54179019999998, 53.8788989 ], [ -166.541760499999981, 53.8788293 ], [ -166.5413601, 53.8786093 ], [ -166.5417421, 53.8783247 ], [ -166.5418278, 53.8780789 ], [ -166.5419312, 53.8779783 ], [ -166.5420863, 53.8779037 ], [ -166.5422702, 53.8778633 ], [ -166.5425386, 53.8778637 ], [ -166.543183699999986, 53.8779607 ], [ -166.543959699999988, 53.8780349 ], [ -166.544190599999979, 53.8779921 ], [ -166.544414499999988, 53.8778518 ], [ -166.54461329999998, 53.8775853 ], [ -166.5446885, 53.8774016 ], [ -166.5447088, 53.8772254 ], [ -166.544832, 53.8770139 ], [ -166.544883199999987, 53.876774 ], [ -166.544904799999983, 53.8764628 ], [ -166.544945600000034, 53.8763405 ], [ -166.5451588, 53.876206 ], [ -166.5452953, 53.8760945 ], [ -166.545382800000027, 53.8759123 ], [ -166.5453752, 53.8756188 ], [ -166.545458, 53.8753159 ], [ -166.5454533, 53.8751008 ], [ -166.5448513, 53.8744717 ], [ -166.5448691, 53.8743787 ], [ -166.5450558, 53.8740464 ], [ -166.545068500000014, 53.8739337 ], [ -166.545037799999989, 53.8735605 ], [ -166.5451309, 53.8734471 ], [ -166.5452114, 53.873219 ], [ -166.545079800000025, 53.8729217 ], [ -166.544902399999984, 53.8727017 ], [ -166.5447255, 53.8725465 ], [ -166.544595499999986, 53.8724621 ], [ -166.5444482, 53.8722872 ], [ -166.544211, 53.8721017 ], [ -166.544046, 53.8719244 ], [ -166.54396749999998, 53.8717851 ], [ -166.5440183, 53.8716759 ], [ -166.544260499999979, 53.8714894 ], [ -166.544395800000018, 53.8714099 ], [ -166.5445666, 53.8713453 ], [ -166.5447629, 53.8713167 ], [ -166.544867499999981, 53.8711648 ], [ -166.5450069, 53.8710367 ], [ -166.545135099999982, 53.8709759 ], [ -166.545204499999983, 53.870755 ], [ -166.545157099999983, 53.8705618 ], [ -166.5451568, 53.870307 ], [ -166.545236099999983, 53.8702088 ], [ -166.5452506, 53.8698755 ], [ -166.54568759999998, 53.8689348 ], [ -166.5459457, 53.8682976 ], [ -166.5464902, 53.867725099999987 ], [ -166.5466377, 53.8675258 ], [ -166.5467021, 53.8671573 ], [ -166.546718199999987, 53.8668315 ], [ -166.547101699999985, 53.8650015 ], [ -166.5471071, 53.8646061 ], [ -166.546981599999981, 53.8643007 ], [ -166.546737, 53.8638121 ], [ -166.5466619, 53.8634609 ], [ -166.546710099999984, 53.8627333 ], [ -166.54679059999998, 53.8623537 ], [ -166.547074899999984, 53.8619583 ], [ -166.5476088, 53.8613803 ], [ -166.5477616, 53.8607972 ], [ -166.548003599999987, 53.860169299999988 ], [ -166.5483874, 53.8595275 ], [ -166.5494358, 53.858994499999987 ], [ -166.5508806, 53.8585995 ], [ -166.5517945, 53.8583234 ], [ -166.552357199999989, 53.8583512 ], [ -166.5525614, 53.8586546 ], [ -166.5527143, 53.8587048 ], [ -166.555977499999983, 53.8578542 ], [ -166.5559314, 53.8577853 ], [ -166.5560477, 53.8573821 ], [ -166.5559968, 53.857308499999988 ], [ -166.556092799999988, 53.8571661 ], [ -166.556265299999978, 53.8570891 ], [ -166.557873200000017, 53.8566118 ], [ -166.558704, 53.8567788 ], [ -166.560012799999981, 53.8569813 ], [ -166.561214399999983, 53.8569646 ], [ -166.562635299999982, 53.8567777 ], [ -166.563308299999989, 53.8566105 ], [ -166.564161899999988, 53.8560725 ], [ -166.564338, 53.8552863 ], [ -166.5651345, 53.8548062 ], [ -166.565613, 53.8540631 ] ] ] ] } },
{ "type": "Feature", "properties": { "certificate_number": 108, "entity": "SEWARD", "certificate_name": "The City of Seward", "certificate_url": "https://rca.alaska.gov/RCAWeb/Certificate/CertificateDetails.aspx?id=d581788c-3cb2-4c23-b877-9b1de2e1430d", "certificate_granted_year": 1970, "certificate_last_update_date": "1987-04-16", "certificate_last_update_order": "U-86-058(1)", "certificate_last_update_type": "Service Area Expansion", "geometry_last_update": "2013-01-25", "geometry_is_current": null, "geometry_cert_sync_status": "unknown" }, "geometry": { "type": "MultiPolygon", "coordinates": [ [ [ [ -149.3320642, 60.0974817 ], [ -149.27424449999998, 60.0974847 ], [ -149.274283299999979, 60.1119293 ], [ -149.3321283, 60.1119265 ], [ -149.3320642, 60.0974817 ] ] ], [ [ [ -149.366380199999981, 60.4307095 ], [ -149.368457899999981, 60.4303282 ], [ -149.3690464, 60.4304949 ], [ -149.370804199999981, 60.4302698 ], [ -149.3712922, 60.430439 ], [ -149.3721688, 60.430466599999988 ], [ -149.373094200000025, 60.4306414 ], [ -149.374163399999986, 60.4305818 ], [ -149.3743907, 60.4301805 ], [ -149.374122, 60.4298575 ], [ -149.3737011, 60.4296866 ], [ -149.38858, 60.4296873 ], [ -149.38856389999998, 60.4008004 ], [ -149.3739659, 60.4008007 ], [ -149.3739492, 60.3430325 ], [ -149.388521299999979, 60.3430323 ], [ -149.388389599999982, 60.1985925 ], [ -149.4174046, 60.1985919 ], [ -149.4173515, 60.1697028 ], [ -149.446341, 60.1697022 ], [ -149.4463017, 60.1552577 ], [ -149.4752785, 60.155257 ], [ -149.475018799999987, 60.082869 ], [ -149.460562399999986, 60.0828692 ], [ -149.460494499999982, 60.0612021 ], [ -149.431600799999984, 60.0612022 ], [ -149.4316495, 60.0828695 ], [ -149.359367, 60.0828705 ], [ -149.359367, 60.0830355 ], [ -149.274202799999983, 60.083037499999989 ], [ -149.274241499999988, 60.097482199999988 ], [ -149.2959362, 60.0974817 ], [ -149.317630900000012, 60.0974813 ], [ -149.339325699999989, 60.0974809 ], [ -149.3593678, 60.0974805 ], [ -149.332065, 60.0974898 ], [ -149.332129100000031, 60.1119346 ], [ -149.3466277, 60.1119343 ], [ -149.3466982, 60.1263704 ], [ -149.344893499999984, 60.1263704 ], [ -149.3451412, 60.1769261 ], [ -149.330643, 60.1769262 ], [ -149.330836799999986, 60.2202592 ], [ -149.3593755, 60.2202593 ], [ -149.359377, 60.2419259 ], [ -149.3309339, 60.2419256 ], [ -149.331347, 60.3358083 ], [ -149.3022063, 60.3358067 ], [ -149.302256699999987, 60.3502498 ], [ -149.3314107, 60.3502516 ], [ -149.33162729999998, 60.4007983 ], [ -149.346227, 60.4007991 ], [ -149.3462935, 60.4152397 ], [ -149.3593615, 60.4152403 ], [ -149.359356599999984, 60.4300705 ], [ -149.36023849999998, 60.4301367 ], [ -149.36205529999998, 60.4301576 ], [ -149.3631517, 60.4303611 ], [ -149.364256499999982, 60.4306469 ], [ -149.365191300000021, 60.4304754 ], [ -149.366380199999981, 60.4307095 ] ] ] ] } },
{ "type": "Feature", "properties": { "certificate_number": 111, "entity": "WRANGELL", "certificate_name": "City of Wrangell", "certificate_url": "https://rca.alaska.gov/RCAWeb/Certificate/CertificateDetails.aspx?id=e7168686-489a-4da5-9a23-2f7a886cd6b1", "certificate_granted_year": 1970, "certificate_last_update_date": "1995-09-11", "certificate_last_update_order": "U-95-028(1)", "certificate_last_update_type": "Service Area Expansion", "geometry_last_update": "1995-09-11", "geometry_is_current": true, "geometry_cert_sync_status": "up_to_date" }, "geometry": { "type": "MultiPolygon", "coordinates": [ [ [ [ -132.2401161, 56.4556065 ], [ -132.2500229, 56.4627571 ], [ -132.258485799999988, 56.4676342 ], [ -132.2668152, 56.4709377 ], [ -132.275049199999984, 56.4737358 ], [ -132.2845097, 56.475523 ], [ -132.308176, 56.4783974 ], [ -132.317979799999989, 56.480493499999987 ], [ -132.328523599999983, 56.483902 ], [ -132.3352528, 56.4870872 ], [ -132.3361626, 56.4875889 ], [ -132.3435059, 56.4921703 ], [ -132.349075299999981, 56.4959488 ], [ -132.376594499999982, 56.5076332 ], [ -132.38296889999998, 56.5100117 ], [ -132.3918438, 56.5120068 ], [ -132.396820099999985, 56.5124054 ], [ -132.4017963, 56.5124264 ], [ -132.40658, 56.5118465 ], [ -132.4142914, 56.5099716 ], [ -132.4215164, 56.5071697 ], [ -132.431671099999988, 56.5019035 ], [ -132.433820699999984, 56.5002804 ], [ -132.4371433, 56.495451 ], [ -132.4378281, 56.4937954 ], [ -132.4388103, 56.4890671 ], [ -132.439008699999988, 56.4864025 ], [ -132.4393997, 56.484228099999989 ], [ -132.4395046, 56.479414 ], [ -132.4392147, 56.476965 ], [ -132.436590199999983, 56.470892 ], [ -132.432504699999981, 56.4655457 ], [ -132.429487199999983, 56.462244 ], [ -132.426178, 56.4591866 ], [ -132.422674199999989, 56.4570522 ], [ -132.4192696, 56.4539394 ], [ -132.4164505, 56.4500389 ], [ -132.4128571, 56.4446945 ], [ -132.4119339, 56.4432697 ], [ -132.4122753, 56.4432697 ], [ -132.4112988, 56.441906 ], [ -132.4101868, 56.4396877 ], [ -132.408483499999988, 56.4376354 ], [ -132.4071693, 56.4356022 ], [ -132.4048386, 56.4325676 ], [ -132.402349499999985, 56.4294357 ], [ -132.400323899999989, 56.4266338 ], [ -132.3982868, 56.4243317 ], [ -132.3963642, 56.4219589 ], [ -132.394277599999981, 56.4196339 ], [ -132.3928013, 56.4177055 ], [ -132.3910713, 56.4151478 ], [ -132.388607, 56.4121666 ], [ -132.3860435, 56.4098606 ], [ -132.383459099999982, 56.4065285 ], [ -132.3810444, 56.4027386 ], [ -132.377655, 56.3972416 ], [ -132.376592599999981, 56.3954811 ], [ -132.376592599999981, 56.3959484 ], [ -132.3763199, 56.395359 ], [ -132.376049, 56.394685699999989 ], [ -132.3757248, 56.3936634 ], [ -132.3754959, 56.3926353 ], [ -132.375398599999983, 56.3919468 ], [ -132.3753433, 56.3912563 ], [ -132.3753433, 56.3902187 ], [ -132.375396699999982, 56.3895283 ], [ -132.375494, 56.3888397 ], [ -132.3757229, 56.3878117 ], [ -132.3760452, 56.3867893 ], [ -132.3763161, 56.386116 ], [ -132.376592599999981, 56.3855171 ], [ -132.377235399999989, 56.3854561 ], [ -132.3789368, 56.3822937 ], [ -132.3809547, 56.3796864 ], [ -132.384782799999982, 56.3760757 ], [ -132.3884315, 56.3730087 ], [ -132.389972699999987, 56.3706741 ], [ -132.38980669999998, 56.3674335 ], [ -132.3893871, 56.3647518 ], [ -132.389596899999987, 56.3626976 ], [ -132.3896427, 56.3609066 ], [ -132.389473, 56.3588543 ], [ -132.3885441, 56.3565483 ], [ -132.388401, 56.3565483 ], [ -132.388029099999983, 56.3552265 ], [ -132.3877373, 56.3544693 ], [ -132.3873577, 56.3538818 ], [ -132.3869209, 56.353302 ], [ -132.3866787, 56.3528442 ], [ -132.386465099999981, 56.3525639 ], [ -132.3860722, 56.3522167 ], [ -132.3857765, 56.3518467 ], [ -132.3834114, 56.3482132 ], [ -132.3827305, 56.3473167 ], [ -132.3819923, 56.3465786 ], [ -132.3814754, 56.345651599999989 ], [ -132.3808937, 56.3447914 ], [ -132.380455, 56.3443356 ], [ -132.379734, 56.3437233 ], [ -132.379022599999985, 56.3429451 ], [ -132.378292099999982, 56.342186 ], [ -132.377805699999982, 56.3414326 ], [ -132.37659069999998, 56.3400173 ], [ -132.376384699999988, 56.3399887 ], [ -132.374897, 56.3381748 ], [ -132.374713899999989, 56.337574 ], [ -132.373022099999986, 56.3350372 ], [ -132.372657799999985, 56.3341675 ], [ -132.3684883, 56.3276386 ], [ -132.298784300000023, 56.3276405 ], [ -132.2467556, 56.3276424 ], [ -132.2467957, 56.3854599 ], [ -132.220745099999988, 56.3854618 ], [ -132.220745099999988, 56.4234505 ], [ -132.2228737, 56.4328766 ], [ -132.2232132, 56.4341431 ], [ -132.223630899999989, 56.4354019 ], [ -132.2241268, 56.4366531 ], [ -132.2244053, 56.4372749 ], [ -132.2250195, 56.438509 ], [ -132.2257118, 56.4397316 ], [ -132.2264805, 56.4409389 ], [ -132.2268925, 56.4415379 ], [ -132.2277737, 56.4427204 ], [ -132.2281494, 56.4432735 ], [ -132.228307699999988, 56.4432735 ], [ -132.2401161, 56.4556065 ] ] ] ] } },
{ "type": "Feature", "properties": { "certificate_number": 150, "entity": "NOME", "certificate_name": "Nome Joint Utility System", "certificate_url": "https://rca.alaska.gov/RCAWeb/Certificate/CertificateDetails.aspx?id=4149b067-cf0e-410f-bacd-9882cd7d74db", "certificate_granted_year": 1971, "certificate_last_update_date": "1987-08-20", "certificate_last_update_order": null, "certificate_last_update_type": "Name Change", "geometry_last_update": "1987-08-20", "geometry_is_current": true, "geometry_cert_sync_status": "up_to_date" }, "geometry": { "type": "MultiPolygon", "coordinates": [ [ [ [ -165.4931393, 64.5525627 ], [ -165.493124, 64.5056171 ], [ -165.3492641, 64.4906235 ], [ -165.349269900000024, 64.5525684 ], [ -165.4931393, 64.5525627 ] ] ] ] } },
{ "type": "Feature", "properties": { "certificate_number": 160, "entity": "CECI", "certificate_name": "Cordova Electric Cooperative, Inc.", "certificate_url": "https://rca.alaska.gov/RCAWeb/Certificate/CertificateDetails.aspx?id=d6fb49f2-2e0c-4f8a-aaed-8aa2dd3002b6", "certificate_granted_year": 1971, "certificate_last_update_date": "1986-08-08", "certificate_last_update_order": "U-86-038(1)", "certificate_last_update_type": "Service Area Expansion", "geometry_last_update": "1986-08-08", "geometry_is_current": true, "geometry_cert_sync_status": "up_to_date" }, "geometry": { "type": "MultiPolygon", "coordinates": [ [ [ [ -145.604942300000033, 60.6041031 ], [ -145.6050644, 60.640209199999987 ], [ -145.6921558, 60.640209199999987 ], [ -145.6921329, 60.6041012 ], [ -145.7068214, 60.6041012 ], [ -145.706806199999988, 60.5896587 ], [ -145.7361717, 60.5896606 ], [ -145.736145, 60.575218199999988 ], [ -145.7508202, 60.575218199999988 ], [ -145.750787699999989, 60.5607777 ], [ -145.765459099999987, 60.5607758 ], [ -145.765438099999983, 60.5535545 ], [ -145.780105599999985, 60.5535526 ], [ -145.7800598, 60.5391121 ], [ -145.7947197, 60.5391102 ], [ -145.794693, 60.531889 ], [ -145.809351, 60.5318871 ], [ -145.8093204, 60.5246658 ], [ -145.8381214, 60.5246639 ], [ -145.8381233, 60.5174427 ], [ -145.8527737, 60.5174408 ], [ -145.8527718, 60.5102196 ], [ -145.8674183, 60.5102177 ], [ -145.8674068, 60.4957752 ], [ -145.882047699999987, 60.4957733 ], [ -145.882036199999988, 60.4885502 ], [ -145.9259529, 60.488554 ], [ -145.925909, 60.4741077 ], [ -145.882011399999982, 60.4741039 ], [ -145.8381233, 60.4741096 ], [ -145.8381252, 60.4885559 ], [ -145.794529, 60.4885597 ], [ -145.728662499999984, 60.4885635 ], [ -145.648468, 60.4885578 ], [ -145.575288799999981, 60.4885578 ], [ -145.4874763, 60.4885616 ], [ -145.4874744, 60.4813385 ], [ -145.4438457, 60.4813385 ], [ -145.443815200000017, 60.4741154 ], [ -145.399921399999982, 60.4741154 ], [ -145.3999653, 60.4885616 ], [ -145.414602299999984, 60.4885616 ], [ -145.4146271, 60.4957848 ], [ -145.4585476, 60.4957848 ], [ -145.45858, 60.503006 ], [ -145.4874763, 60.503006 ], [ -145.4874744, 60.510227199999989 ], [ -145.531410199999982, 60.510227199999989 ], [ -145.531417799999986, 60.5174484 ], [ -145.5607147, 60.5174465 ], [ -145.56073, 60.5246677 ], [ -145.5900326, 60.5246677 ], [ -145.5900517, 60.531889 ], [ -145.6340179, 60.531889 ], [ -145.6340466, 60.5391102 ], [ -145.64870639999998, 60.5391102 ], [ -145.648740799999985, 60.5463314 ], [ -145.662778900000035, 60.5463314 ], [ -145.6627655, 60.5752163 ], [ -145.5755005, 60.575218199999988 ], [ -145.5755692, 60.6041031 ], [ -145.604942300000033, 60.6041031 ] ] ] ] } },
{ "type": "Feature", "properties": { "certificate_number": 169, "entity": "AVEC", "certificate_name": "Alaska Village Electric Cooperative, Inc.", "certificate_url": "https://rca.alaska.gov/RCAWeb/Certificate/CertificateDetails.aspx?id=15bc0a40-2e44-49d7-b074-97b41b4d716b", "certificate_granted_year": 1972, "certificate_last_update_date": "2017-06-01", "certificate_last_update_order": "U-16-084(3)", "certificate_last_update_type": "Acquire Certificate", "geometry_last_update": "2002-03-26", "geometry_is_current": false, "geometry_cert_sync_status": "outdated" }, "geometry": { "type": "MultiPolygon", "coordinates": [ [ [ [ -153.3132915, 57.2510643 ], [ -153.3588943, 57.2510643 ], [ -153.3588753, 57.2221622 ], [ -153.332233400000035, 57.2221622 ], [ -153.332233400000035, 57.1932583 ], [ -153.2797985, 57.1932583 ], [ -153.2798405, 57.2077084 ], [ -153.2532101, 57.2077084 ], [ -153.2532406, 57.2221603 ], [ -153.226600599999983, 57.2221603 ], [ -153.226621599999987, 57.2366104 ], [ -153.2532711, 57.2366104 ], [ -153.253303499999987, 57.2510624 ], [ -153.3132915, 57.2510643 ] ] ], [ [ [ -160.4765625, 59.0282936 ], [ -160.420517, 59.0282936 ], [ -160.4205399, 59.0427399 ], [ -160.364469499999984, 59.0427418 ], [ -160.364471399999985, 59.0860825 ], [ -160.4486828, 59.0860825 ], [ -160.448610299999984, 59.057188 ], [ -160.4766579, 59.0571861 ], [ -160.4765625, 59.0282936 ] ] ], [ [ [ -161.5701523, 59.1294117 ], [ -161.5701885, 59.143858 ], [ -161.6264229, 59.143858 ], [ -161.6263046, 59.1149635 ], [ -161.5982094, 59.1149635 ], [ -161.5981617, 59.1005173 ], [ -161.5700798, 59.1005173 ], [ -161.570116, 59.1149635 ], [ -161.542020799999989, 59.1149635 ], [ -161.542045600000023, 59.1294117 ], [ -161.5701523, 59.1294117 ] ] ], [ [ [ -157.299345, 59.4328384 ], [ -157.299444200000011, 59.461731 ], [ -157.356061899999986, 59.461729 ], [ -157.4128246, 59.461729 ], [ -157.412799799999988, 59.4472828 ], [ -157.384429899999986, 59.4472828 ], [ -157.38441659999998, 59.4328365 ], [ -157.299345, 59.4328384 ] ] ], [ [ [ -161.8657169, 59.7650414 ], [ -161.8657551, 59.7794857 ], [ -161.9230576, 59.7794857 ], [ -161.922994599999981, 59.7650394 ], [ -161.949945400000018, 59.7650394 ], [ -161.949945400000018, 59.7361488 ], [ -161.865642499999979, 59.7361488 ], [ -161.865678799999984, 59.7505951 ], [ -161.83705329999998, 59.7505951 ], [ -161.837059, 59.7542076 ], [ -161.837078099999985, 59.7650414 ], [ -161.8657169, 59.7650414 ] ] ], [ [ [ -162.0691414, 60.1983891 ], [ -161.982477200000034, 60.1983891 ], [ -161.9825802, 60.2272778 ], [ -162.069168099999985, 60.2272778 ], [ -162.0691414, 60.1983891 ] ] ], [ [ [ -166.0937557, 60.3861237 ], [ -166.035394699999983, 60.3861256 ], [ -166.035398499999985, 60.4727859 ], [ -166.1231766, 60.4727859 ], [ -166.2091045, 60.472784 ], [ -166.2968807, 60.472784 ], [ -166.3828106, 60.4727821 ], [ -166.3828049, 60.3861217 ], [ -166.2966442, 60.3861217 ], [ -166.296566, 60.357235 ], [ -166.2090988, 60.357235 ], [ -166.2090988, 60.3716793 ], [ -166.1520672, 60.3716793 ], [ -166.0937309, 60.3716812 ], [ -166.0937557, 60.3861237 ] ] ], [ [ [ -164.632953599999979, 60.4728031 ], [ -164.632953599999979, 60.4872475 ], [ -164.6988106, 60.4872456 ], [ -164.750034299999982, 60.4872456 ], [ -164.7499809, 60.4728031 ], [ -164.762798299999986, 60.4728031 ], [ -164.7627468, 60.4583588 ], [ -164.704258, 60.4583588 ], [ -164.7042313, 60.4439163 ], [ -164.6457691, 60.4439163 ], [ -164.6457691, 60.4583607 ], [ -164.6182957, 60.4583607 ], [ -164.6183624, 60.472805 ], [ -164.632953599999979, 60.4728031 ] ] ], [ [ [ -165.218334199999987, 60.5883427 ], [ -165.2183609, 60.6027851 ], [ -165.277113, 60.6027851 ], [ -165.2770596, 60.5883427 ], [ -165.335159299999987, 60.5883427 ], [ -165.335159299999987, 60.5594559 ], [ -165.2769547, 60.5594559 ], [ -165.2182808, 60.5594559 ], [ -165.218227399999989, 60.530571 ], [ -165.159605, 60.530571 ], [ -165.1596031, 60.5016842 ], [ -165.130476, 60.5016842 ], [ -165.1305408, 60.5161285 ], [ -165.101244, 60.5161285 ], [ -165.1012974, 60.530571 ], [ -165.042675, 60.530571 ], [ -165.042728399999987, 60.5594578 ], [ -165.1014023, 60.5594578 ], [ -165.1596069, 60.5594578 ], [ -165.1596069, 60.5739002 ], [ -165.1889572, 60.5739002 ], [ -165.1889706, 60.5883427 ], [ -165.218334199999987, 60.5883427 ] ] ], [ [ [ -162.5502243, 60.8627968 ], [ -162.49099350000003, 60.8627968 ], [ -162.49099350000003, 60.8772411 ], [ -162.4320564, 60.8772411 ], [ -162.4322186, 60.9205704 ], [ -162.4618874, 60.9205704 ], [ -162.461820599999982, 60.906126 ], [ -162.550306299999988, 60.906126 ], [ -162.5502243, 60.8627968 ] ] ], [ [ [ -166.077602399999989, 61.5126305 ], [ -166.0776176, 61.527071 ], [ -166.0473728, 61.527071 ], [ -166.0473728, 61.5415134 ], [ -166.107891099999989, 61.5415115 ], [ -166.1684113, 61.5415115 ], [ -166.168296799999979, 61.5126286 ], [ -166.1642971, 61.5126305 ], [ -166.164239899999984, 61.498188 ], [ -166.07358739999998, 61.498188 ], [ -166.073602699999981, 61.5126305 ], [ -166.077602399999989, 61.5126305 ] ] ], [ [ [ -165.624136, 61.5126362 ], [ -165.563673, 61.5126381 ], [ -165.563758899999982, 61.5559616 ], [ -165.594032299999981, 61.5559616 ], [ -165.5939903, 61.5415211 ], [ -165.6242504, 61.5415192 ], [ -165.624136, 61.5126362 ] ] ], [ [ [ -160.3336143, 61.5127144 ], [ -160.3336582, 61.5271568 ], [ -160.2731667, 61.5271587 ], [ -160.2731972, 61.5560398 ], [ -160.333744, 61.5560398 ], [ -160.33370020000001, 61.5415974 ], [ -160.3942204, 61.5415974 ], [ -160.3940773, 61.5127144 ], [ -160.423635499999989, 61.5127144 ], [ -160.4235783, 61.4982719 ], [ -160.393362, 61.4982719 ], [ -160.393318199999982, 61.4838314 ], [ -160.3631153, 61.4838314 ], [ -160.363143899999983, 61.4982738 ], [ -160.3329258, 61.4982738 ], [ -160.3329411, 61.5127144 ], [ -160.3336143, 61.5127144 ] ] ], [ [ [ -161.3617535, 61.758207299999988 ], [ -161.3022518, 61.758207299999988 ], [ -161.302467299999989, 61.8015308 ], [ -161.3617973, 61.8015308 ], [ -161.3617535, 61.758207299999988 ] ] ], [ [ [ -165.533784900000029, 61.8447857 ], [ -165.5338001, 61.8592262 ], [ -165.625518799999981, 61.8592243 ], [ -165.6253433, 61.8159008 ], [ -165.5642853, 61.8159027 ], [ -165.5643139, 61.8303432 ], [ -165.5032272, 61.8303452 ], [ -165.5032272, 61.8447857 ], [ -165.533784900000029, 61.8447857 ] ] ], [ [ [ -162.047168699999986, 61.8881683 ], [ -162.047184, 61.9026089 ], [ -162.1084156, 61.902607 ], [ -162.108284, 61.8592854 ], [ -162.0471382, 61.8592854 ], [ -161.985992399999986, 61.8592873 ], [ -161.9860649, 61.8737278 ], [ -162.0165672, 61.8737278 ], [ -162.0165672, 61.8881683 ], [ -162.047168699999986, 61.8881683 ] ] ], [ [ [ -162.9337387, 61.917034099999988 ], [ -162.8728237, 61.917034099999988 ], [ -162.872882800000014, 61.9314747 ], [ -162.842237499999982, 61.9314747 ], [ -162.8422813, 61.945915199999988 ], [ -162.9337406, 61.945915199999988 ], [ -162.9337387, 61.917034099999988 ] ] ], [ [ [ -163.638149299999981, 62.1047459 ], [ -163.6382236, 62.1191864 ], [ -163.6983204, 62.1191845 ], [ -163.7445717, 62.1191845 ], [ -163.7985306, 62.1191826 ], [ -163.8509197, 62.1191826 ], [ -163.8509178, 62.0903015 ], [ -163.7907028, 62.0903034 ], [ -163.7906437, 62.0758629 ], [ -163.7136688, 62.0758648 ], [ -163.638000500000032, 62.0758667 ], [ -163.5610256, 62.0758667 ], [ -163.4840508, 62.0758686 ], [ -163.4840508, 62.0614281 ], [ -163.423717499999981, 62.06143 ], [ -163.4236584, 62.046989399999987 ], [ -163.3621368, 62.046989399999987 ], [ -163.3621082, 62.0325508 ], [ -163.3313618, 62.0325508 ], [ -163.3313465, 62.0181103 ], [ -163.278520599999979, 62.0181103 ], [ -163.209375400000027, 62.0181122 ], [ -163.209419299999979, 62.0325527 ], [ -163.1479263, 62.0325546 ], [ -163.1479416, 62.0469952 ], [ -163.117181800000026, 62.0469952 ], [ -163.117181800000026, 62.075876199999989 ], [ -163.194156599999985, 62.0758743 ], [ -163.2711334, 62.0758724 ], [ -163.271205899999984, 62.090313 ], [ -163.3468246, 62.0903111 ], [ -163.3930321, 62.0903111 ], [ -163.393075899999985, 62.1047516 ], [ -163.44701, 62.1047497 ], [ -163.5148716, 62.1047478 ], [ -163.576509499999986, 62.1047478 ], [ -163.638149299999981, 62.1047459 ] ] ], [ [ [ -159.749424, 62.2058773 ], [ -159.7494259, 62.2203178 ], [ -159.842237499999982, 62.2203159 ], [ -159.8421917, 62.2058773 ], [ -159.815343899999988, 62.2058773 ], [ -159.8153419, 62.1625576 ], [ -159.7245407, 62.1625576 ], [ -159.724676099999982, 62.2058773 ], [ -159.749424, 62.2058773 ] ] ], [ [ [ -160.2147751, 62.6679363 ], [ -160.214853299999987, 62.682375 ], [ -160.2454491, 62.682375 ], [ -160.2454472, 62.639057199999989 ], [ -160.1518764, 62.6390591 ], [ -160.151969899999983, 62.6679363 ], [ -160.2147751, 62.6679363 ] ] ], [ [ [ -164.656576199999989, 62.6967449 ], [ -164.6566238, 62.7111835 ], [ -164.719520599999981, 62.7111835 ], [ -164.7193661, 62.6823063 ], [ -164.687948200000022, 62.6823063 ], [ -164.6878853, 62.6678677 ], [ -164.593677499999984, 62.6678677 ], [ -164.5937099, 62.6967468 ], [ -164.656576199999989, 62.6967449 ] ] ], [ [ [ -159.557539, 62.6823807 ], [ -159.5576, 62.7112598 ], [ -159.5890503, 62.7112598 ], [ -159.58886339999998, 62.6535034 ], [ -159.557476, 62.6535034 ], [ -159.5574436, 62.6390648 ], [ -159.4946995, 62.6390648 ], [ -159.4947014, 62.667944 ], [ -159.526104, 62.667942 ], [ -159.526119199999982, 62.6823826 ], [ -159.557539, 62.6823807 ] ] ], [ [ [ -164.593776700000035, 62.7545013 ], [ -164.524196599999982, 62.7545033 ], [ -164.46908, 62.7545033 ], [ -164.469270699999981, 62.8122578 ], [ -164.5008259, 62.8122578 ], [ -164.500762899999984, 62.7978191 ], [ -164.593826299999989, 62.7978172 ], [ -164.593776700000035, 62.7545013 ] ] ], [ [ [ -160.0893898, 62.8700809 ], [ -160.057769799999988, 62.8700809 ], [ -160.057771699999989, 62.898958199999988 ], [ -160.0572338, 62.898958199999988 ], [ -160.0572987, 62.9278355 ], [ -160.088979699999982, 62.9278355 ], [ -160.088884399999984, 62.898958199999988 ], [ -160.08942220000003, 62.898958199999988 ], [ -160.0893898, 62.8700809 ] ] ], [ [ [ -162.233705499999985, 63.5316925 ], [ -162.233703599999984, 63.5461311 ], [ -162.3307915, 63.5461311 ], [ -162.330699899999985, 63.5172539 ], [ -162.298370399999982, 63.5172539 ], [ -162.29833979999998, 63.5028133 ], [ -162.2498703, 63.5028133 ], [ -162.2023659, 63.5028172 ], [ -162.202283900000026, 63.4883785 ], [ -162.16998289999998, 63.4883804 ], [ -162.169916199999989, 63.4739437 ], [ -162.0730648, 63.4739456 ], [ -162.0730476, 63.459507 ], [ -162.040781, 63.459508899999989 ], [ -162.040781, 63.4739456 ], [ -161.976993599999986, 63.4739475 ], [ -161.9770603, 63.4883842 ], [ -162.040782899999982, 63.4883842 ], [ -162.040782899999982, 63.517261499999989 ], [ -162.137777299999982, 63.5172577 ], [ -162.1378269, 63.5316963 ], [ -162.233705499999985, 63.5316925 ] ] ], [ [ [ -170.4308815, 63.7052135 ], [ -170.526165, 63.7052155 ], [ -170.5261669, 63.6907768 ], [ -170.558696699999985, 63.6907787 ], [ -170.5586815, 63.6763401 ], [ -170.5261669, 63.6763401 ], [ -170.5261688, 63.6619034 ], [ -170.495727499999987, 63.6619034 ], [ -170.4958096, 63.6763401 ], [ -170.4307823, 63.6763382 ], [ -170.4308815, 63.7052135 ] ] ], [ [ [ -171.744138699999979, 63.7918453 ], [ -171.743988, 63.7485332 ], [ -171.7113914, 63.7485332 ], [ -171.711423900000028, 63.76297 ], [ -171.678812, 63.76297 ], [ -171.6788445, 63.7918434 ], [ -171.744138699999979, 63.7918453 ] ] ], [ [ [ -158.6962795, 64.2968903 ], [ -158.696563699999984, 64.3546371 ], [ -158.729875600000014, 64.3546371 ], [ -158.7297878, 64.3402004 ], [ -158.794393499999984, 64.3402004 ], [ -158.7943554, 64.311327 ], [ -158.761095, 64.311327 ], [ -158.761093099999982, 64.2968903 ], [ -158.6962795, 64.2968903 ] ] ], [ [ [ -161.200191499999988, 64.3690395 ], [ -161.2002277, 64.3834763 ], [ -161.2669239, 64.3834743 ], [ -161.26685329999998, 64.3690376 ], [ -161.2335224, 64.3690395 ], [ -161.233467099999984, 64.3546028 ], [ -161.2001534, 64.3546028 ], [ -161.200080899999989, 64.3257294 ], [ -161.1668034, 64.3257294 ], [ -161.166784299999989, 64.3112926 ], [ -161.133522, 64.3112946 ], [ -161.1335278, 64.3546028 ], [ -161.1668415, 64.3546028 ], [ -161.1668606, 64.3690395 ], [ -161.200191499999988, 64.3690395 ] ] ], [ [ [ -162.3645363, 64.5711174 ], [ -162.256681400000019, 64.5711193 ], [ -162.164346699999982, 64.5711212 ], [ -162.164356199999986, 64.657732 ], [ -162.2738266, 64.6577301 ], [ -162.3645458, 64.6577301 ], [ -162.3645363, 64.5711174 ] ] ], [ [ [ -158.1605568, 64.7010994 ], [ -158.095315900000031, 64.7010994 ], [ -158.0953884, 64.7155361 ], [ -158.0616322, 64.7155361 ], [ -158.0616875, 64.7299709 ], [ -158.027914, 64.729972800000013 ], [ -158.027950299999986, 64.7444077 ], [ -158.07864, 64.7444057 ], [ -158.129329700000028, 64.7444057 ], [ -158.129238099999981, 64.729969 ], [ -158.1605606, 64.729969 ], [ -158.1605568, 64.7010994 ] ] ], [ [ [ -161.194149, 64.9175816 ], [ -161.127437599999979, 64.9175835 ], [ -161.127584499999983, 64.9464531 ], [ -161.194149, 64.9464512 ], [ -161.194149, 64.9175816 ] ] ], [ [ [ -149.475748100000033, 65.1232548 ], [ -149.3663521, 65.1232567 ], [ -149.2721062, 65.1232586 ], [ -149.2721195, 65.2098618 ], [ -149.375270799999981, 65.2098618 ], [ -149.475763300000011, 65.2098598 ], [ -149.475748100000033, 65.1232548 ] ] ], [ [ [ -166.5329437, 65.3216438 ], [ -166.429353699999979, 65.3216457 ], [ -166.4294338, 65.3505135 ], [ -166.533136399999989, 65.3505116 ], [ -166.5329437, 65.3216438 ] ] ], [ [ [ -168.021946, 65.5958633 ], [ -168.0221233, 65.6391659 ], [ -168.074552499999982, 65.639164 ], [ -168.1253643, 65.639164 ], [ -168.1253605, 65.5958633 ], [ -168.056839, 65.5958633 ], [ -168.0567608, 65.5814304 ], [ -168.0218849, 65.5814304 ], [ -168.0217667, 65.5525627 ], [ -167.97822, 65.5525627 ], [ -167.917257299999989, 65.5525646 ], [ -167.917255399999988, 65.5381298 ], [ -167.8484249, 65.5381317 ], [ -167.848583199999979, 65.5669994 ], [ -167.88344, 65.5669994 ], [ -167.8835373, 65.5814323 ], [ -167.9172611, 65.5814323 ], [ -167.917263, 65.5958652 ], [ -168.021946, 65.5958633 ] ] ], [ [ [ -156.3693027, 65.7115269 ], [ -156.3693638, 65.7259598 ], [ -156.4044323, 65.7259598 ], [ -156.404352200000034, 65.711525 ], [ -156.4722443, 65.711525 ], [ -156.472242400000027, 65.6826572 ], [ -156.3954391, 65.6826591 ], [ -156.334173199999981, 65.6826611 ], [ -156.3342552, 65.7115269 ], [ -156.3693027, 65.7115269 ] ] ], [ [ [ -166.028965, 66.2598133 ], [ -166.0289669, 66.2742443 ], [ -166.0647964, 66.2742443 ], [ -166.0647736, 66.2598114 ], [ -166.1363926, 66.2598114 ], [ -166.1363297, 66.2453785 ], [ -166.1721191, 66.2453785 ], [ -166.172035199999982, 66.2309456 ], [ -166.1004982, 66.2309475 ], [ -166.100542099999984, 66.2453785 ], [ -165.99415209999998, 66.2453823 ], [ -165.9942551, 66.2598133 ], [ -166.028965, 66.2598133 ] ] ], [ [ [ -159.9901638, 66.6062641 ], [ -159.9902496, 66.6206951 ], [ -160.0616474, 66.6206932 ], [ -160.0616436, 66.5918312 ], [ -160.026365299999981, 66.5918312 ], [ -160.026258499999983, 66.5774002 ], [ -159.9537258, 66.5774021 ], [ -159.9538555, 66.6062641 ], [ -159.9901638, 66.6062641 ] ] ], [ [ [ -160.885807, 66.8227139 ], [ -160.885984399999984, 66.8515759 ], [ -160.959068299999984, 66.8515739 ], [ -160.959066399999983, 66.8371429 ], [ -160.9773903, 66.8371429 ], [ -160.995716099999981, 66.8371429 ], [ -160.995739, 66.8515739 ], [ -161.0690804, 66.851572 ], [ -161.0689487, 66.82271 ], [ -161.075048399999986, 66.82271 ], [ -161.0749607, 66.808279 ], [ -161.0292034, 66.808279 ], [ -160.9651432, 66.8082809 ], [ -160.9651661, 66.8227119 ], [ -160.885807, 66.8227139 ] ] ], [ [ [ -157.18668169999998, 66.8660851 ], [ -157.113294599999989, 66.866087 ], [ -157.113493, 66.90938 ], [ -157.1502533, 66.9093781 ], [ -157.150163699999979, 66.8949471 ], [ -157.1869011, 66.8949471 ], [ -157.18668169999998, 66.8660851 ] ] ], [ [ [ -160.519542699999988, 66.9381695 ], [ -160.4837799, 66.9381695 ], [ -160.4838905, 66.9526005 ], [ -160.410244, 66.9526024 ], [ -160.410310700000025, 66.9670334 ], [ -160.3734665, 66.9670334 ], [ -160.373558, 66.9958954 ], [ -160.428890199999984, 66.9958935 ], [ -160.4842243, 66.9958935 ], [ -160.4841118, 66.9814625 ], [ -160.5195484, 66.9814606 ], [ -160.519542699999988, 66.9381695 ] ] ], [ [ [ -157.847667699999988, 67.0825367 ], [ -157.810646099999985, 67.0825367 ], [ -157.8108273, 67.1113987 ], [ -157.8823395, 67.1113968 ], [ -157.8823376, 67.0969658 ], [ -157.9193802, 67.0969639 ], [ -157.9193573, 67.0825329 ], [ -157.8823357, 67.0825348 ], [ -157.8823338, 67.0681038 ], [ -157.847555199999988, 67.0681057 ], [ -157.847667699999988, 67.0825367 ] ] ], [ [ [ -163.021095299999985, 67.5441837 ], [ -162.945621499999987, 67.5441856 ], [ -162.945835099999982, 67.5874748 ], [ -163.021448099999986, 67.5874729 ], [ -163.021095299999985, 67.5441837 ] ] ], [ [ [ -164.5297737, 67.7461681 ], [ -164.52984619999998, 67.7605972 ], [ -164.60602, 67.7605972 ], [ -164.6057835, 67.731739 ], [ -164.567741399999989, 67.731739 ], [ -164.567646, 67.71731 ], [ -164.4916115, 67.71731 ], [ -164.4917088, 67.74617 ], [ -164.5297737, 67.7461681 ] ] ], [ [ [ -166.327177, 65.2639122 ], [ -166.3272743, 65.2783451 ], [ -166.394762, 65.2783451 ], [ -166.394720100000029, 65.2494774 ], [ -166.360284799999988, 65.2494774 ], [ -166.360281, 65.2206097 ], [ -166.309692399999989, 65.2206097 ], [ -166.258094799999981, 65.2206116 ], [ -166.2582703, 65.2639141 ], [ -166.327177, 65.2639122 ] ] ], [ [ [ -163.7175045, 63.0119114 ], [ -163.606300399999981, 63.0119114 ], [ -163.518926599999986, 63.0119152 ], [ -163.423608799999982, 63.0119152 ], [ -163.336235, 63.0119152 ], [ -163.336240799999985, 63.098547 ], [ -163.4318409, 63.098547 ], [ -163.5268726, 63.0985432 ], [ -163.622472800000025, 63.0985432 ], [ -163.7175064, 63.0985432 ], [ -163.7175045, 63.0119114 ] ] ], [ [ [ -157.5002346, 59.346159 ], [ -157.443662599999982, 59.346159 ], [ -157.4436646, 59.3606052 ], [ -157.5002594, 59.3606052 ], [ -157.5002346, 59.346159 ] ] ], [ [ [ -156.8753395, 66.9093838 ], [ -156.8569603, 66.9093838 ], [ -156.8570061, 66.9238148 ], [ -156.8937855, 66.9238148 ], [ -156.8937511, 66.9165974 ], [ -156.9121361, 66.9165974 ], [ -156.9120979, 66.9093838 ], [ -156.889873500000022, 66.9093838 ], [ -156.8883209, 66.9087009 ], [ -156.8866615, 66.9078655 ], [ -156.8860703, 66.9072742 ], [ -156.8853321, 66.9067707 ], [ -156.88404079999998, 66.9061642 ], [ -156.883194, 66.9058475 ], [ -156.882860199999982, 66.9050961 ], [ -156.8829308, 66.9048672 ], [ -156.8827076, 66.9042606 ], [ -156.882997499999988, 66.9035244 ], [ -156.883470499999987, 66.9026699 ], [ -156.883541100000031, 66.9021702 ], [ -156.875310899999988, 66.9021702 ], [ -156.8753395, 66.9093838 ] ] ], [ [ [ -161.73716349999998, 60.8050308 ], [ -161.737203599999987, 60.8194733 ], [ -161.7963543, 60.8194733 ], [ -161.853611, 60.8194733 ], [ -161.8535957, 60.8050289 ], [ -161.9127216, 60.8050289 ], [ -161.9126396, 60.7761421 ], [ -161.883104299999985, 60.7761421 ], [ -161.8830757, 60.7616997 ], [ -161.853553799999986, 60.7616997 ], [ -161.853569, 60.7761421 ], [ -161.7961521, 60.776144 ], [ -161.737081499999988, 60.776144 ], [ -161.7371216, 60.7905865 ], [ -161.7075729, 60.7905865 ], [ -161.7075863, 60.7978096 ], [ -161.707601499999981, 60.8050308 ], [ -161.73716349999998, 60.8050308 ] ] ], [ [ [ -139.733496799999983, 59.4889776 ], [ -139.7334974, 59.4817541 ], [ -139.705321699999985, 59.481752799999988 ], [ -139.7052919, 59.4745296 ], [ -139.6769041, 59.4745296 ], [ -139.676928, 59.4817514 ], [ -139.62014, 59.4817495 ], [ -139.6202793, 59.5684289 ], [ -139.677209799999986, 59.5684299 ], [ -139.7619523, 59.5684318 ], [ -139.7619378, 59.5467629 ], [ -139.790393199999983, 59.5467629 ], [ -139.790404199999983, 59.5539864 ], [ -139.8188658, 59.553987 ], [ -139.8188831, 59.5612102 ], [ -139.861588, 59.5612108 ], [ -139.861588, 59.5539888 ], [ -139.8615346, 59.5539884 ], [ -139.8615346, 59.5395432 ], [ -139.8614814, 59.5395428 ], [ -139.8614814, 59.5323195 ], [ -139.8472568, 59.5323195 ], [ -139.8472333, 59.5250963 ], [ -139.8187967, 59.5250953 ], [ -139.818762199999981, 59.5106494 ], [ -139.790338, 59.5106482 ], [ -139.7903269, 59.503424599999988 ], [ -139.76190889999998, 59.5034246 ], [ -139.761904, 59.496201 ], [ -139.7477001, 59.496201 ], [ -139.7477001, 59.4889776 ], [ -139.733496799999983, 59.4889776 ] ] ], [ [ [ -160.227731, 59.0860838 ], [ -160.194579600000026, 59.086084 ], [ -160.194603799999982, 59.100531 ], [ -160.2507685, 59.1005307 ], [ -160.250720799999982, 59.0860837 ], [ -160.270258, 59.0860835 ], [ -160.2706451, 59.0855775 ], [ -160.270449, 59.0847728 ], [ -160.2695009, 59.0839792 ], [ -160.2690671, 59.0831691 ], [ -160.2687503, 59.0822774 ], [ -160.2677885, 59.0817503 ], [ -160.267546, 59.0806356 ], [ -160.268158699999987, 59.0800083 ], [ -160.2694176, 59.0799571 ], [ -160.2712377, 59.0805129 ], [ -160.2733063, 59.081266199999988 ], [ -160.274743, 59.0814904 ], [ -160.275494399999985, 59.0811657 ], [ -160.2753233, 59.0806002 ], [ -160.2741557, 59.080017 ], [ -160.274005599999981, 59.0792087 ], [ -160.275292, 59.0786245 ], [ -160.2774186, 59.0778533 ], [ -160.279035199999981, 59.0775808 ], [ -160.280329599999988, 59.077647299999988 ], [ -160.281916199999984, 59.0775859 ], [ -160.281916199999984, 59.0775749 ], [ -160.2827182, 59.0775549 ], [ -160.2864984, 59.0775695 ], [ -160.2874785, 59.0783122 ], [ -160.2884664, 59.079392 ], [ -160.289211599999987, 59.079670799999988 ], [ -160.2902751, 59.0794419 ], [ -160.2918158, 59.0784514 ], [ -160.293126, 59.0774792 ], [ -160.2943224, 59.0764436 ], [ -160.294817099999989, 59.0755841 ], [ -160.294233599999984, 59.074593 ], [ -160.293087200000031, 59.074080599999988 ], [ -160.2922544, 59.0742913 ], [ -160.2919006, 59.0746812 ], [ -160.290767099999982, 59.0753017 ], [ -160.2897927, 59.0756683 ], [ -160.2879491, 59.0758142 ], [ -160.28636, 59.075554 ], [ -160.285539699999987, 59.074871 ], [ -160.285814499999987, 59.0739084 ], [ -160.286243, 59.0736091 ], [ -160.287040199999979, 59.0732807 ], [ -160.287471399999987, 59.0725228 ], [ -160.2884286, 59.0716361 ], [ -160.281901399999981, 59.0716361 ], [ -160.2818656, 59.057189 ], [ -160.2538184, 59.0571893 ], [ -160.2538424, 59.0716364 ], [ -160.2257836, 59.0716366 ], [ -160.225796, 59.0860838 ], [ -160.227731, 59.0860838 ] ], [ [ -160.2312411, 59.0860838 ], [ -160.232813599999986, 59.0860837 ], [ -160.234749699999981, 59.0860838 ], [ -160.2312411, 59.0860838 ] ], [ [ -160.245275, 59.0860837 ], [ -160.246848799999981, 59.0860836 ], [ -160.248855, 59.0860837 ], [ -160.245275, 59.0860837 ] ] ] ] } },
{ "type": "Feature", "properties": { "certificate_number": 212, "entity": "PETERSBURG", "certificate_name": "PETERSBURG, CITY OF", "certificate_url": "https://rca.alaska.gov/RCAWeb/Certificate/CertificateDetails.aspx?id=cbc5a412-97eb-4474-8e74-9df850b6b082", "certificate_granted_year": 1974, "certificate_last_update_date": "1974-03-14", "certificate_last_update_order": "U-74-002(1)", "certificate_last_update_type": "Initial", "geometry_last_update": "1974-03-14", "geometry_is_current": true, "geometry_cert_sync_status": "up_to_date" }, "geometry": { "type": "MultiPolygon", "coordinates": [ [ [ [ -132.8697357, 56.6057186 ], [ -132.818691299999983, 56.6057224 ], [ -132.8187408, 56.6201744 ], [ -132.8697453, 56.6201706 ], [ -132.8697357, 56.6057186 ] ] ], [ [ [ -132.9133492, 56.8080559 ], [ -132.9133587, 56.8225079 ], [ -132.966074, 56.8225079 ], [ -132.966043499999984, 56.8080559 ], [ -132.9923916, 56.8080559 ], [ -132.9923134, 56.7791481 ], [ -132.9659863, 56.7791481 ], [ -132.9658947, 56.7357903 ], [ -132.939598099999984, 56.7357903 ], [ -132.939470299999982, 56.6490765 ], [ -132.9132366, 56.6490746 ], [ -132.9132252, 56.6346226 ], [ -132.887001, 56.6346226 ], [ -132.8870029, 56.6779804 ], [ -132.91325759999998, 56.6779804 ], [ -132.913311, 56.7502422 ], [ -132.939619099999987, 56.7502422 ], [ -132.939657200000028, 56.7791481 ], [ -132.9133301, 56.7791481 ], [ -132.9133396, 56.793602 ], [ -132.8870029, 56.793602 ], [ -132.8870029, 56.8080559 ], [ -132.9133492, 56.8080559 ] ] ] ] } },
{ "type": "Feature", "properties": { "certificate_number": 214, "entity": "BUECI", "certificate_name": "Barrow Utilities and Electric Cooperative, Inc.", "certificate_url": "https://rca.alaska.gov/RCAWeb/Certificate/CertificateDetails.aspx?id=6e48be1b-ba4a-436a-a99d-a5c4f6502c8e", "certificate_granted_year": 1964, "certificate_last_update_date": "1986-07-24", "certificate_last_update_order": "U-86-044(1)", "certificate_last_update_type": "Service Area Expansion", "geometry_last_update": "1986-07-24", "geometry_is_current": true, "geometry_cert_sync_status": "up_to_date" }, "geometry": { "type": "MultiPolygon", "coordinates": [ [ [ [ -156.281251, 71.2951957 ], [ -156.281261799999982, 71.3817358 ], [ -156.348979899999989, 71.3817343 ], [ -156.41669779999998, 71.3817333 ], [ -156.484415399999989, 71.3817326 ], [ -156.548544099999987, 71.3817318 ], [ -156.5485424, 71.3673073 ], [ -156.638766799999985, 71.367306 ], [ -156.6386976, 71.3528828 ], [ -156.683777099999986, 71.3528823 ], [ -156.6836744, 71.3384591 ], [ -156.7287203, 71.3384586 ], [ -156.7285842, 71.3240353 ], [ -156.7735961, 71.3240346 ], [ -156.773426699999987, 71.3096113 ], [ -156.8158224, 71.3096104 ], [ -156.815820299999984, 71.295187 ], [ -156.8607648, 71.2951861 ], [ -156.860694, 71.2663388 ], [ -156.9055717, 71.266337800000017 ], [ -156.9055031, 71.2519144 ], [ -156.9503474, 71.2519135 ], [ -156.9501434, 71.2230664 ], [ -156.9949215, 71.2230655 ], [ -156.9947867, 71.2086419 ], [ -157.0830915, 71.2086399 ], [ -157.0830823, 71.1509458 ], [ -157.1276958, 71.1509448 ], [ -157.127625599999988, 71.1220975 ], [ -157.0496669, 71.1220991 ], [ -156.9828449, 71.1221005 ], [ -156.916022699999985, 71.1221019 ], [ -156.849200699999983, 71.1221033 ], [ -156.78237919999998, 71.1221048 ], [ -156.70442060000002, 71.1221063 ], [ -156.6375988, 71.1221074 ], [ -156.5707787, 71.1221088 ], [ -156.492822099999984, 71.1221104 ], [ -156.4260021, 71.1221116 ], [ -156.359181899999982, 71.1221128 ], [ -156.292361199999988, 71.1221139 ], [ -156.2255399, 71.122115 ], [ -156.1587184, 71.1221161 ], [ -156.091896599999984, 71.1221171 ], [ -156.01393790000003, 71.1221182 ], [ -156.013963499999988, 71.2952009 ], [ -156.081381199999981, 71.2951996 ], [ -156.1487989, 71.2951983 ], [ -156.21621589999998, 71.2951969 ], [ -156.281251, 71.2951957 ] ] ] ] } },
{ "type": "Feature", "properties": { "certificate_number": 227, "entity": "TNSG", "certificate_name": "TDX NORTH SLOPE GENERATING, LLC", "certificate_url": "https://rca.alaska.gov/RCAWeb/Certificate/CertificateDetails.aspx?id=49885b33-2e41-4807-9678-a7b17714f313", "certificate_granted_year": 1975, "certificate_last_update_date": "2020-11-20", "certificate_last_update_order": "U-20-025(2)", "certificate_last_update_type": "Transfer", "geometry_last_update": "1983-11-23", "geometry_is_current": false, "geometry_cert_sync_status": "outdated" }, "geometry": { "type": "MultiPolygon", "coordinates": [ [ [ [ -148.4925251, 70.1846943 ], [ -148.4087238, 70.1846962 ], [ -148.4088745, 70.1991215 ], [ -148.3663235, 70.1991215 ], [ -148.3666897, 70.2423992 ], [ -148.409330399999988, 70.2423973 ], [ -148.409177799999981, 70.227972 ], [ -148.492622400000016, 70.2279701 ], [ -148.4925251, 70.1846943 ] ] ] ] } },
{ "type": "Feature", "properties": { "certificate_number": 230, "entity": "SPG", "certificate_name": "SAND POINT GENERATING, LLC", "certificate_url": "https://rca.alaska.gov/RCAWeb/Certificate/CertificateDetails.aspx?id=7e1e4b1e-0f5e-4b24-8fd7-5a6bf94e9c8a", "certificate_granted_year": 1975, "certificate_last_update_date": "2008-12-24", "certificate_last_update_order": "U-08-144(1)", "certificate_last_update_type": "Transfer", "geometry_last_update": "2001-04-03", "geometry_is_current": false, "geometry_cert_sync_status": "outdated" }, "geometry": { "type": "MultiPolygon", "coordinates": [ [ [ [ -160.4607658, 55.3595753 ], [ -160.4988289, 55.3595753 ], [ -160.4987659, 55.3378925 ], [ -160.5241299, 55.3378906 ], [ -160.5240307, 55.308979 ], [ -160.511356399999983, 55.308979 ], [ -160.5113335, 55.3017521 ], [ -160.4986629, 55.3017521 ], [ -160.498642, 55.2945251 ], [ -160.4859753, 55.2945251 ], [ -160.4859581, 55.2872963 ], [ -160.4479675, 55.2872963 ], [ -160.4480667, 55.3523483 ], [ -160.460752499999984, 55.3523483 ], [ -160.4607658, 55.3595753 ] ] ] ] } },
{ "type": "Feature", "properties": { "certificate_number": 240, "entity": "IPEC", "certificate_name": "INSIDE PASSAGE ELECTRIC COOPERATIVE, INC.", "certificate_url": "https://rca.alaska.gov/RCAWeb/Certificate/CertificateDetails.aspx?id=5c6fa3ae-3f26-499e-b798-072a57205aab", "certificate_granted_year": 1977, "certificate_last_update_date": "2018-09-18", "certificate_last_update_order": "U-18-013(3)", "certificate_last_update_type": "Deregulated", "geometry_last_update": "2013-09-19", "geometry_is_current": true, "geometry_cert_sync_status": "up_to_date" }, "geometry": { "type": "MultiPolygon", "coordinates": [ [ [ [ -133.909748899999983, 56.9745336 ], [ -133.9097597, 56.988985299999989 ], [ -133.962706199999985, 56.988985 ], [ -133.9626513, 56.9635566 ], [ -133.9368215, 56.9635567 ], [ -133.9367801, 56.949104899999988 ], [ -133.910335, 56.949105 ], [ -133.910327199999983, 56.9454921 ], [ -133.897106, 56.9454921 ], [ -133.8970974, 56.940759 ], [ -133.888258399999984, 56.9346534 ], [ -133.883869, 56.9346534 ], [ -133.883910899999989, 56.9635571 ], [ -133.8832855, 56.9635571 ], [ -133.8832859, 56.9745338 ], [ -133.909748899999983, 56.9745336 ] ] ], [ [ [ -134.551450499999987, 57.4803467 ], [ -134.551584599999984, 57.5165465 ], [ -134.6178768, 57.5165462 ], [ -134.617860399999984, 57.5020959 ], [ -134.5910158, 57.502096 ], [ -134.591004, 57.4731213 ], [ -134.5648354, 57.473121399999989 ], [ -134.564806, 57.4658962 ], [ -134.551397, 57.4658962 ], [ -134.5513703, 57.458671 ], [ -134.537964, 57.4586711 ], [ -134.5380362, 57.4803468 ], [ -134.551450499999987, 57.4803467 ] ] ], [ [ [ -135.3232788, 58.0979032 ], [ -135.32333509999998, 58.1123524 ], [ -135.350140399999987, 58.1123525 ], [ -135.3501416, 58.1340263 ], [ -135.4116058, 58.134026 ], [ -135.4730705, 58.134025199999989 ], [ -135.4729697, 58.1051266 ], [ -135.486617599999988, 58.1051265 ], [ -135.4865615, 58.0906771 ], [ -135.513450799999987, 58.0906766 ], [ -135.51345, 58.0762272 ], [ -135.4319581, 58.0762284 ], [ -135.350137499999988, 58.0762292 ], [ -135.3501392, 58.0979032 ], [ -135.3232788, 58.0979032 ] ] ], [ [ [ -136.1363236, 59.4095589 ], [ -136.1646614, 59.409559099999989 ], [ -136.164650199999983, 59.3951116 ], [ -136.1734639, 59.3951116 ], [ -136.173403, 59.3765185 ], [ -136.1167829, 59.3765179 ], [ -136.0601638, 59.3765171 ], [ -136.060163499999987, 59.3807 ], [ -136.03427, 59.3806997 ], [ -136.0343289, 59.3951099 ], [ -136.0357573, 59.39511 ], [ -136.0035138, 59.3951095 ], [ -136.0060037, 59.3951095 ], [ -136.005957, 59.380699299999989 ], [ -135.977644699999985, 59.3806986 ], [ -135.9776793, 59.3951089 ], [ -135.9663744, 59.3951087 ], [ -135.966372799999988, 59.4095563 ], [ -135.9381085, 59.4095558 ], [ -135.93805, 59.395108 ], [ -135.8927061, 59.395107 ], [ -135.892708299999981, 59.3806965 ], [ -135.8661477, 59.380697 ], [ -135.866088599999983, 59.3662495 ], [ -135.8377825, 59.3662521 ], [ -135.8377347, 59.351805 ], [ -135.781146399999983, 59.3518106 ], [ -135.7810988, 59.3229167 ], [ -135.752828599999987, 59.3229198 ], [ -135.7528168, 59.308473 ], [ -135.7245619, 59.3084733 ], [ -135.7245624, 59.2795683 ], [ -135.6974707, 59.2795685 ], [ -135.697530299999983, 59.2940153 ], [ -135.6692876, 59.2940155 ], [ -135.669335200000035, 59.3084737 ], [ -135.6975899, 59.3084735 ], [ -135.6976496, 59.3229202 ], [ -135.724561699999981, 59.3229201 ], [ -135.7245613, 59.3518134 ], [ -135.7528523, 59.3518133 ], [ -135.752864099999982, 59.3662601 ], [ -135.7811702, 59.3662574 ], [ -135.781193699999989, 59.3807043 ], [ -135.837829699999986, 59.3806995 ], [ -135.837876, 59.3951096 ], [ -135.8530725, 59.3951085 ], [ -135.8530946, 59.409556099999989 ], [ -135.881435100000033, 59.4095546 ], [ -135.8814691, 59.4240024 ], [ -135.938167, 59.4240035 ], [ -135.9947201, 59.4240045 ], [ -135.994752299999988, 59.467347 ], [ -136.051524299999983, 59.4673478 ], [ -136.051418899999987, 59.4240053 ], [ -136.0797684, 59.4240057 ], [ -136.079815699999983, 59.4384533 ], [ -136.1646838, 59.4384541 ], [ -136.24977, 59.4384544 ], [ -136.2498177, 59.4529017 ], [ -136.3085116, 59.4528997 ], [ -136.365261, 59.4528977 ], [ -136.3652376, 59.4384501 ], [ -136.336875, 59.4384512 ], [ -136.3368638, 59.4240037 ], [ -136.285160599999983, 59.4240057 ], [ -136.23554740000003, 59.424007 ], [ -136.185935, 59.4240067 ], [ -136.1363227, 59.4240065 ], [ -136.1363236, 59.4095589 ] ], [ [ -136.1363236, 59.4095589 ], [ -136.0797212, 59.4095582 ], [ -136.079674, 59.3951106 ], [ -136.1363245, 59.3951113 ], [ -136.1363236, 59.4095589 ] ], [ [ -136.1513535, 59.3951115 ], [ -136.1522196, 59.3951114 ], [ -136.1548948, 59.3951115 ], [ -136.1513535, 59.3951115 ] ], [ [ -136.046379700000017, 59.3951101 ], [ -136.048491499999983, 59.3951101 ], [ -136.0499202, 59.3951102 ], [ -136.046379700000017, 59.3951101 ] ], [ [ -136.0392984, 59.39511 ], [ -136.0414102, 59.39511 ], [ -136.0428387, 59.3951101 ], [ -136.0392984, 59.39511 ] ], [ [ -135.9932705, 59.3951093 ], [ -135.989729499999981, 59.3951092 ], [ -135.9918414, 59.3951092 ], [ -135.9932705, 59.3951093 ] ], [ [ -135.877661099999983, 59.3951068 ], [ -135.880369699999989, 59.3951067 ], [ -135.88110960000003, 59.3951068 ], [ -135.877661099999983, 59.3951068 ] ] ] ] } },
{ "type": "Feature", "properties": { "certificate_number": 242, "entity": "UMNAK", "certificate_name": "The Native Village of Nikolski d/b/a Umnak Power Company", "certificate_url": "https://rca.alaska.gov/RCAWeb/Certificate/CertificateDetails.aspx?id=7e6ec830-d8a4-47b4-8793-3cf0b14c7305", "certificate_granted_year": 1977, "certificate_last_update_date": "1990-12-31", "certificate_last_update_order": "U-90-073(2)", "certificate_last_update_type": "Deregulated", "geometry_last_update": "1985-03-11", "geometry_is_current": true, "geometry_cert_sync_status": "up_to_date" }, "geometry": { "type": "MultiPolygon", "coordinates": [ [ [ [ -168.937442799999985, 52.9231491 ], [ -168.8658848, 52.9231529 ], [ -168.865936299999987, 52.9520798 ], [ -168.9138317, 52.9520779 ], [ -168.9137897, 52.9376144 ], [ -168.937444699999986, 52.9376125 ], [ -168.937442799999985, 52.9231491 ] ] ] ] } },
{ "type": "Feature", "properties": { "certificate_number": 254, "entity": "NSB", "certificate_name": "North Slope Borough d/b/a North Slope Borough Power and Light System", "certificate_url": "https://rca.alaska.gov/RCAWeb/Certificate/CertificateDetails.aspx?id=c35479e1-68e6-41be-af34-16dd31a78ccd", "certificate_granted_year": 1979, "certificate_last_update_date": "1979-01-30", "certificate_last_update_order": "U-77-056", "certificate_last_update_type": "Initial", "geometry_last_update": "1979-01-30", "geometry_is_current": true, "geometry_cert_sync_status": "up_to_date" }, "geometry": { "type": "MultiPolygon", "coordinates": [ [ [ [ -151.773120899999981, 68.1359692 ], [ -151.6970081, 68.1359692 ], [ -151.6971054, 68.1504002 ], [ -151.773122799999982, 68.1503963 ], [ -151.773120899999981, 68.1359692 ] ] ], [ [ [ -166.839128499999987, 68.352129 ], [ -166.7512074, 68.352129 ], [ -166.6828251, 68.352129 ], [ -166.6828251, 68.3659458 ], [ -166.7610245, 68.365942 ], [ -166.83922579999998, 68.365942 ], [ -166.839128499999987, 68.352129 ] ] ], [ [ [ -162.9507027, 69.7516117 ], [ -162.9508476, 69.7660389 ], [ -163.0026016, 69.7660351 ], [ -163.075540499999988, 69.7660351 ], [ -163.075420399999985, 69.7371807 ], [ -162.981771499999979, 69.7371845 ], [ -162.90893939999998, 69.737188300000014 ], [ -162.909055699999982, 69.7516117 ], [ -162.9507027, 69.7516117 ] ] ], [ [ [ -143.6685066, 70.1271 ], [ -143.5842304, 70.1271038 ], [ -143.5843811, 70.1415272 ], [ -143.66853709999998, 70.1415272 ], [ -143.6685066, 70.1271 ] ] ], [ [ [ -151.031410199999982, 70.1990604 ], [ -150.9477272, 70.1990643 ], [ -150.948034299999989, 70.2279148 ], [ -151.031477, 70.227911 ], [ -151.031410199999982, 70.1990604 ] ] ], [ [ [ -157.4695644, 70.4585743 ], [ -157.3837452, 70.4585781 ], [ -157.3842125, 70.501852 ], [ -157.4696655, 70.5018482 ], [ -157.4695644, 70.4585743 ] ] ], [ [ [ -160.0518112, 70.6171856 ], [ -160.008379, 70.6171894 ], [ -160.0083828, 70.6316128 ], [ -159.9675064, 70.6316128 ], [ -159.967824899999982, 70.6604633 ], [ -160.0519142, 70.6604595 ], [ -160.0518112, 70.6171856 ] ] ] ] } },
{ "type": "Feature", "properties": { "certificate_number": 256, "entity": "CE", "certificate_name": "Circle Electric, LLC", "certificate_url": "https://rca.alaska.gov/RCAWeb/Certificate/CertificateDetails.aspx?id=146e2c3e-d2bc-47ea-9f3b-54006e3cb661", "certificate_granted_year": 1978, "certificate_last_update_date": "2020-05-22", "certificate_last_update_order": "U-19-099(2)", "certificate_last_update_type": "Controlling Interest", "geometry_last_update": "1978-06-09", "geometry_is_current": false, "geometry_cert_sync_status": "outdated" }, "geometry": { "type": "MultiPolygon", "coordinates": [ [ [ [ -144.1245365, 65.7873058 ], [ -144.0561028, 65.7873058 ], [ -144.0565052, 65.8450375 ], [ -144.0893936, 65.8450375 ], [ -144.0893917, 65.8306026 ], [ -144.124601399999989, 65.8306026 ], [ -144.1245365, 65.7873058 ] ] ] ] } },
{ "type": "Feature", "properties": { "certificate_number": 274, "entity": "GALENA", "certificate_name": "City of Galena - Electric", "certificate_url": "https://rca.alaska.gov/RCAWeb/Certificate/CertificateDetails.aspx?id=b259efa8-9554-4cf7-a396-1cc0bc9c7440", "certificate_granted_year": 1981, "certificate_last_update_date": "2013-12-02", "certificate_last_update_order": null, "certificate_last_update_type": null, "geometry_last_update": "2013-12-02", "geometry_is_current": true, "geometry_cert_sync_status": "up_to_date" }, "geometry": { "type": "MultiPolygon", "coordinates": [ [ [ [ -156.733641100000028, 64.7444289 ], [ -156.7336422, 64.7588639 ], [ -156.792809, 64.7588629 ], [ -156.8519756, 64.7588619 ], [ -156.9111417, 64.7588609 ], [ -156.9701993, 64.7588599 ], [ -156.97018, 64.7444249 ], [ -156.9932112, 64.7444245 ], [ -156.993192099999987, 64.7299895 ], [ -156.8943241, 64.7299911 ], [ -156.793004199999984, 64.7299928 ], [ -156.79299469999998, 64.7227752 ], [ -156.776112499999982, 64.7227755 ], [ -156.7761075, 64.7155579 ], [ -156.759229799999986, 64.7155582 ], [ -156.7592278, 64.6866877 ], [ -156.693915299999986, 64.6866887 ], [ -156.694206899999983, 64.7444294 ], [ -156.733641100000028, 64.7444289 ] ], [ [ -156.7533429, 64.7444285 ], [ -156.7585092, 64.7444284 ], [ -156.751959299999982, 64.7444286 ], [ -156.7533429, 64.7444285 ] ] ] ] } },
{ "type": "Feature", "properties": { "certificate_number": 280, "entity": "INN", "certificate_name": "I-N-N Electric Cooperative, Inc.", "certificate_url": "https://rca.alaska.gov/RCAWeb/Certificate/CertificateDetails.aspx?id=523f804c-a1a3-45e4-a79d-c85d8594a13d", "certificate_granted_year": 1981, "certificate_last_update_date": "1989-04-27", "certificate_last_update_order": "U-89-004(2)", "certificate_last_update_type": "Deregulated", "geometry_last_update": "1985-02-14", "geometry_is_current": true, "geometry_cert_sync_status": "up_to_date" }, "geometry": { "type": "MultiPolygon", "coordinates": [ [ [ [ -154.8602905, 59.8229084 ], [ -154.8602924, 59.8373547 ], [ -154.8103638, 59.8373547 ], [ -154.7744884, 59.8373585 ], [ -154.774913799999979, 59.9962521 ], [ -154.8603058, 59.9962521 ], [ -154.946819299999987, 59.9962482 ], [ -154.9462414, 59.7795734 ], [ -154.9740696, 59.7795734 ], [ -154.974063900000033, 59.6928997 ], [ -154.882505399999985, 59.6928997 ], [ -154.8039188, 59.6929035 ], [ -154.803926499999989, 59.7795734 ], [ -154.774335899999983, 59.7795773 ], [ -154.774450299999984, 59.8229122 ], [ -154.8602905, 59.8229084 ] ] ] ] } },
{ "type": "Feature", "properties": { "certificate_number": 281, "entity": "KK", "certificate_name": "Kwethluk, Inc. d/b/a Kuiggluum Kallugvia", "certificate_url": "https://rca.alaska.gov/RCAWeb/Certificate/CertificateDetails.aspx?id=610f8034-ae3a-4b2b-abab-dfb6b4573311", "certificate_granted_year": 1900, "certificate_last_update_date": "1987-07-27", "certificate_last_update_order": null, "certificate_last_update_type": "Name Change", "geometry_last_update": "1987-07-27", "geometry_is_current": true, "geometry_cert_sync_status": "up_to_date" }, "geometry": { "type": "MultiPolygon", "coordinates": [ [ [ [ -161.4729137, 60.7328205 ], [ -161.3784695, 60.7328205 ], [ -161.2973557, 60.7328205 ], [ -161.2973595, 60.819479 ], [ -161.38608739999998, 60.819479 ], [ -161.472917599999988, 60.819479 ], [ -161.4729137, 60.7328205 ] ] ] ] } },
{ "type": "Feature", "properties": { "certificate_number": 289, "entity": "KING COVE", "certificate_name": "City of King Cove", "certificate_url": "https://rca.alaska.gov/RCAWeb/Certificate/CertificateDetails.aspx?id=dbee72a6-173b-46ff-bc7e-b441b4a489df", "certificate_granted_year": 1982, "certificate_last_update_date": "1995-10-26", "certificate_last_update_order": "U-95-007(1)", "certificate_last_update_type": "Service Area Expansion", "geometry_last_update": null, "geometry_is_current": null, "geometry_cert_sync_status": "unknown" }, "geometry": { "type": "MultiPolygon", "coordinates": [ [ [ [ -162.3367495, 55.0631841 ], [ -162.3367179, 55.0631838 ], [ -162.3367179, 55.0487281 ], [ -162.3241108, 55.0487272 ], [ -162.3240831, 55.0342713 ], [ -162.298912299999984, 55.0342712 ], [ -162.2989025, 55.0270434 ], [ -162.248569299999986, 55.0270434 ], [ -162.2485955, 55.135457 ], [ -162.299050199999982, 55.1354605 ], [ -162.2990312, 55.1210043 ], [ -162.3494675, 55.121008 ], [ -162.3992029, 55.1210098 ], [ -162.399206099999986, 55.0920971 ], [ -162.3367811, 55.092096 ], [ -162.3367811, 55.07764 ], [ -162.3367495, 55.0776399 ], [ -162.3367495, 55.0631841 ] ] ] ] } },
{ "type": "Feature", "properties": { "certificate_number": 291, "entity": "Atka", "certificate_name": "CITY OF ATKA", "certificate_url": "https://rca.alaska.gov/RCAWeb/Certificate/CertificateDetails.aspx?id=c3819f9e-3a8f-44ba-a69c-be2615eff03f", "certificate_granted_year": 1983, "certificate_last_update_date": "2008-09-12", "certificate_last_update_order": "U-08-029(2)", "certificate_last_update_type": "Transfer", "geometry_last_update": "1983-02-04", "geometry_is_current": false, "geometry_cert_sync_status": "outdated" }, "geometry": { "type": "MultiPolygon", "coordinates": [ [ [ [ -174.218512899999979, 52.2323199 ], [ -174.218417499999987, 52.18169 ], [ -174.18642939999998, 52.1816898 ], [ -174.1864855, 52.2323383 ], [ -174.218512899999979, 52.2323199 ] ] ] ] } },
{ "type": "Feature", "properties": { "certificate_number": 293, "entity": "AKUTAN", "certificate_name": "City of Akutan", "certificate_url": "https://rca.alaska.gov/RCAWeb/Certificate/CertificateDetails.aspx?id=70ae6c82-927c-424d-a918-bbb26a4cb250", "certificate_granted_year": 1983, "certificate_last_update_date": "1983-03-02", "certificate_last_update_order": "U-82-062", "certificate_last_update_type": "Initial", "geometry_last_update": "1983-03-02", "geometry_is_current": true, "geometry_cert_sync_status": "up_to_date" }, "geometry": { "type": "MultiPolygon", "coordinates": [ [ [ [ -165.869838, 54.1090021 ], [ -165.789875900000027, 54.1090039 ], [ -165.7229783, 54.1090049 ], [ -165.7231099, 54.1523799 ], [ -165.7960822, 54.1523786 ], [ -165.8699718, 54.1523768 ], [ -165.869838, 54.1090021 ] ] ] ] } },
{ "type": "Feature", "properties": { "certificate_number": 297, "entity": "CHIGNIK", "certificate_name": "City of Chignik", "certificate_url": "https://rca.alaska.gov/RCAWeb/Certificate/CertificateDetails.aspx?id=e4032aa9-d9d6-4bde-b10f-4e2e2e662903", "certificate_granted_year": 1983, "certificate_last_update_date": "1983-04-07", "certificate_last_update_order": "U-82-059(1)", "certificate_last_update_type": "Initial", "geometry_last_update": "1983-04-07", "geometry_is_current": true, "geometry_cert_sync_status": "up_to_date" }, "geometry": { "type": "MultiPolygon", "coordinates": [ [ [ [ -158.414466899999979, 56.2919254 ], [ -158.38975910000002, 56.2919254 ], [ -158.3898087, 56.3063793 ], [ -158.41446879999998, 56.3063793 ], [ -158.414466899999979, 56.2919254 ] ] ] ] } },
{ "type": "Feature", "properties": { "certificate_number": 319, "entity": "NIPC", "certificate_name": "Napakiak Ircinraq Power Company", "certificate_url": "https://rca.alaska.gov/RCAWeb/Certificate/CertificateDetails.aspx?id=ed50712d-cd8b-413d-8bde-59541a1ed9e7", "certificate_granted_year": 1984, "certificate_last_update_date": "2012-02-02", "certificate_last_update_order": "U-11-122(2)", "certificate_last_update_type": "Deregulated", "geometry_last_update": "1984-01-31", "geometry_is_current": true, "geometry_cert_sync_status": "up_to_date" }, "geometry": { "type": "MultiPolygon", "coordinates": [ [ [ [ -161.9713764, 60.703928 ], [ -161.971443199999982, 60.7183704 ], [ -161.9419613, 60.7183704 ], [ -161.942014699999987, 60.7328129 ], [ -161.999588, 60.7328129 ], [ -161.999588, 60.7183704 ], [ -162.0290718, 60.7183704 ], [ -162.0290432, 60.6894817 ], [ -161.9418526, 60.6894817 ], [ -161.941906, 60.703928 ], [ -161.9713764, 60.703928 ] ] ] ] } },
{ "type": "Feature", "properties": { "certificate_number": 320, "entity": "EGEGIK", "certificate_name": "City of Egegik - Electric", "certificate_url": "https://rca.alaska.gov/RCAWeb/Certificate/CertificateDetails.aspx?id=804c3f13-1df8-4ffb-b10d-f0fa6fb0d7d1", "certificate_granted_year": 1984, "certificate_last_update_date": "2011-06-03", "certificate_last_update_order": "U-11-009(2)", "certificate_last_update_type": "Transfer", "geometry_last_update": "2011-06-03", "geometry_is_current": true, "geometry_cert_sync_status": "up_to_date" }, "geometry": { "type": "MultiPolygon", "coordinates": [ [ [ [ -157.357931899999983, 58.2048005 ], [ -157.316874399999989, 58.2048011 ], [ -157.3169196, 58.21925 ], [ -157.398271, 58.2192489 ], [ -157.3982593, 58.2048 ], [ -157.3845737, 58.2048002 ], [ -157.384570599999989, 58.1975758 ], [ -157.357901, 58.1975761 ], [ -157.357931899999983, 58.2048005 ] ] ] ] } },
{ "type": "Feature", "properties": { "certificate_number": 321, "entity": "MPC", "certificate_name": "Manokotak Power Company", "certificate_url": "https://rca.alaska.gov/RCAWeb/Certificate/CertificateDetails.aspx?id=11a781cd-a3f3-4d95-b0b9-26c543c4c72c", "certificate_granted_year": 1984, "certificate_last_update_date": "1987-01-02", "certificate_last_update_order": "U-86-010(3)", "certificate_last_update_type": "Deregulated", "geometry_last_update": "1984-03-15", "geometry_is_current": true, "geometry_cert_sync_status": "up_to_date" }, "geometry": { "type": "MultiPolygon", "coordinates": [ [ [ [ -159.0654805, 58.9705182 ], [ -159.030509699999982, 58.9705193 ], [ -159.030511, 58.9994138 ], [ -159.058511, 58.999412899999989 ], [ -159.0584987, 58.9849657 ], [ -159.065495699999985, 58.9849654 ], [ -159.0654805, 58.9705182 ] ] ] ] } },
{ "type": "Feature", "properties": { "certificate_number": 330, "entity": "LECI", "certificate_name": "Levelock Electric Cooperative, Inc.", "certificate_url": "https://rca.alaska.gov/RCAWeb/Certificate/CertificateDetails.aspx?id=a8201bc6-1674-44f8-9b76-557932d05f63", "certificate_granted_year": 1984, "certificate_last_update_date": "1989-03-08", "certificate_last_update_order": "U-89-003(2)", "certificate_last_update_type": "Deregulated", "geometry_last_update": "1984-12-11", "geometry_is_current": true, "geometry_cert_sync_status": "up_to_date" }, "geometry": { "type": "MultiPolygon", "coordinates": [ [ [ [ -156.8822784, 59.1005726 ], [ -156.826112699999982, 59.1005726 ], [ -156.8261623, 59.1294689 ], [ -156.882373799999982, 59.1294689 ], [ -156.8822784, 59.1005726 ] ] ] ] } },
{ "type": "Feature", "properties": { "certificate_number": 332, "entity": "HPLC", "certificate_name": "Hughes Power & Light Company", "certificate_url": "https://rca.alaska.gov/RCAWeb/Certificate/CertificateDetails.aspx?id=f9257085-6b0d-4121-a3bd-5a96acf6ac4f", "certificate_granted_year": 1985, "certificate_last_update_date": "1985-03-14", "certificate_last_update_order": "U-84-022(1)", "certificate_last_update_type": "Initial", "geometry_last_update": "1985-03-14", "geometry_is_current": true, "geometry_cert_sync_status": "up_to_date" }, "geometry": { "type": "MultiPolygon", "coordinates": [ [ [ [ -154.2816525, 66.0362949 ], [ -154.228410699999984, 66.0362949 ], [ -154.2285042, 66.0579433 ], [ -154.2640285, 66.0579433 ], [ -154.2639465, 66.0435123 ], [ -154.2816982, 66.0435123 ], [ -154.2816525, 66.0362949 ] ] ] ] } },
{ "type": "Feature", "properties": { "certificate_number": 337, "entity": "AJU", "certificate_name": "Atmautluak Joint Utilities", "certificate_url": "https://rca.alaska.gov/RCAWeb/Certificate/CertificateDetails.aspx?id=59f22c14-5137-484d-b85a-1e3bdc37157a", "certificate_granted_year": 1985, "certificate_last_update_date": "1985-06-25", "certificate_last_update_order": "U-83-087(1)", "certificate_last_update_type": "Initial", "geometry_last_update": "1985-06-25", "geometry_is_current": true, "geometry_cert_sync_status": "up_to_date" }, "geometry": { "type": "MultiPolygon", "coordinates": [ [ [ [ -162.2545471, 60.8627987 ], [ -162.2471428, 60.8627987 ], [ -162.247167599999983, 60.8700199 ], [ -162.2990074, 60.8700199 ], [ -162.2988968, 60.8483562 ], [ -162.284095799999989, 60.8483562 ], [ -162.284061399999985, 60.841135 ], [ -162.247066499999988, 60.841135 ], [ -162.247118, 60.8555775 ], [ -162.2545204, 60.8555775 ], [ -162.2545471, 60.8627987 ] ] ] ] } },
{ "type": "Feature", "properties": { "certificate_number": 339, "entity": "ST. PAUL", "certificate_name": "City of St. Paul-Electric Service", "certificate_url": "https://rca.alaska.gov/RCAWeb/Certificate/CertificateDetails.aspx?id=81613f1e-b99c-4f2d-8eb9-0e1c908917ce", "certificate_granted_year": 1985, "certificate_last_update_date": "1985-06-27", "certificate_last_update_order": "U-85-038(1)", "certificate_last_update_type": "Initial", "geometry_last_update": "1985-06-27", "geometry_is_current": true, "geometry_cert_sync_status": "up_to_date" }, "geometry": { "type": "MultiPolygon", "coordinates": [ [ [ [ -170.42598719999998, 57.102663 ], [ -170.3400288, 57.1026707 ], [ -170.273637799999989, 57.1026783 ], [ -170.174430799999982, 57.1026897 ], [ -170.1080475, 57.1026974 ], [ -170.1080761, 57.1894093 ], [ -170.0821857, 57.1894093 ], [ -170.0156441, 57.1894169 ], [ -169.949102399999987, 57.1894245 ], [ -169.9491234, 57.2761326 ], [ -170.002483399999988, 57.276125 ], [ -170.0758514, 57.2761173 ], [ -170.121439, 57.2761135 ], [ -170.1747971, 57.2761097 ], [ -170.2670536, 57.276102099999989 ], [ -170.3204136, 57.2760983 ], [ -170.3671017, 57.2760944 ], [ -170.426027299999987, 57.2760906 ], [ -170.42598719999998, 57.102663 ] ] ] ] } },
{ "type": "Feature", "properties": { "certificate_number": 340, "entity": "NLECI", "certificate_name": "Nelson Lagoon Electric Cooperative, Inc.", "certificate_url": "https://rca.alaska.gov/RCAWeb/Certificate/CertificateDetails.aspx?id=cbe0d669-3cae-4b2a-9843-e41fa03f2fed", "certificate_granted_year": 1985, "certificate_last_update_date": "1986-07-31", "certificate_last_update_order": "U-86-031(2)", "certificate_last_update_type": "Deregulated", "geometry_last_update": "1985-09-28", "geometry_is_current": true, "geometry_cert_sync_status": "up_to_date" }, "geometry": { "type": "MultiPolygon", "coordinates": [ [ [ [ -161.1973209, 55.959436399999987 ], [ -161.120019899999988, 55.9594402 ], [ -161.120031399999988, 55.9738941 ], [ -161.197361, 55.9738941 ], [ -161.1973209, 55.959436399999987 ] ] ], [ [ [ -161.352949099999989, 55.9738903 ], [ -161.2498436, 55.9738903 ], [ -161.2498627, 55.9883442 ], [ -161.1982918, 55.988348 ], [ -161.1982918, 56.0028019 ], [ -161.146816299999983, 56.0028019 ], [ -161.095226299999979, 56.0028019 ], [ -161.095245399999982, 56.0172558 ], [ -161.1597576, 56.0172558 ], [ -161.224098199999986, 56.0172558 ], [ -161.224088699999982, 56.0027981 ], [ -161.2756786, 56.0027981 ], [ -161.27565, 55.9883442 ], [ -161.352949099999989, 55.9883442 ], [ -161.352949099999989, 55.9738903 ] ] ] ] } },
{ "type": "Feature", "properties": { "certificate_number": 341, "entity": "GCE", "certificate_name": "Richard Symons, Jr. and Sheila Symons d/b/a Gold Country Energy", "certificate_url": "https://rca.alaska.gov/RCAWeb/Certificate/CertificateDetails.aspx?id=09d9a64e-0343-46f6-9fab-b62092f89104", "certificate_granted_year": 1985, "certificate_last_update_date": "2011-02-18", "certificate_last_update_order": "U-10-065(3)", "certificate_last_update_type": "Transfer", "geometry_last_update": "2011-02-18", "geometry_is_current": true, "geometry_cert_sync_status": "up_to_date" }, "geometry": { "type": "MultiPolygon", "coordinates": [ [ [ [ -144.7861538, 65.5563602 ], [ -144.7861938, 65.5707912 ], [ -144.7513351, 65.5707951 ], [ -144.751356099999981, 65.5852261 ], [ -144.8559914, 65.5852261 ], [ -144.855833099999984, 65.5563564 ], [ -144.8244724, 65.5563602 ], [ -144.8244324, 65.5419254 ], [ -144.789611799999989, 65.5419254 ], [ -144.789590799999985, 65.5274906 ], [ -144.7547894, 65.5274944 ], [ -144.7547874, 65.5130596 ], [ -144.7223969, 65.5130596 ], [ -144.722299599999985, 65.4986248 ], [ -144.687538099999983, 65.4986248 ], [ -144.6874599, 65.4841938 ], [ -144.652717599999988, 65.4841938 ], [ -144.6526585, 65.469759 ], [ -144.58321, 65.469759 ], [ -144.583252, 65.4986286 ], [ -144.6180153, 65.4986248 ], [ -144.61805529999998, 65.5130596 ], [ -144.6876163, 65.5130596 ], [ -144.687696499999987, 65.5274944 ], [ -144.722496, 65.5274944 ], [ -144.7225933, 65.5419254 ], [ -144.7547913, 65.5419254 ], [ -144.7547932, 65.5563602 ], [ -144.7861538, 65.5563602 ] ] ] ] } },
{ "type": "Feature", "properties": { "certificate_number": 343, "entity": "MKEC", "certificate_name": "Middle Kuskokwim Electric Cooperative, Inc.", "certificate_url": "https://rca.alaska.gov/RCAWeb/Certificate/CertificateDetails.aspx?id=3d77c29f-71ae-436c-b80e-5296a33c535b", "certificate_granted_year": 1985, "certificate_last_update_date": "2003-04-30", "certificate_last_update_order": "U-03-005(1)", "certificate_last_update_type": "Service Area Expansion", "geometry_last_update": "2003-04-30", "geometry_is_current": true, "geometry_cert_sync_status": "up_to_date" }, "geometry": { "type": "MultiPolygon", "coordinates": [ [ [ [ -159.154600099999982, 61.5560551 ], [ -159.1546021, 61.5993786 ], [ -159.2455482, 61.5993786 ], [ -159.335989, 61.5993786 ], [ -159.335987099999983, 61.5704975 ], [ -159.260604900000033, 61.5704975 ], [ -159.184886899999981, 61.5704975 ], [ -159.1848717, 61.5560551 ], [ -159.154600099999982, 61.5560551 ] ] ], [ [ [ -156.5852089, 61.7866459 ], [ -156.5846291, 61.7869473 ], [ -156.5837746, 61.7874546 ], [ -156.5825958, 61.788427399999989 ], [ -156.582136199999979, 61.7887554 ], [ -156.589124699999985, 61.7901897 ], [ -156.590803099999988, 61.7878857 ], [ -156.590562799999987, 61.7871227 ], [ -156.590217599999988, 61.7855244 ], [ -156.5901833, 61.7855434 ], [ -156.588886299999984, 61.7853298 ], [ -156.586610799999988, 61.7843037 ], [ -156.5865192, 61.7848415 ], [ -156.5862141, 61.7856503 ], [ -156.5852089, 61.7866459 ] ] ], [ [ [ -157.281223300000022, 61.7582569 ], [ -157.2813988, 61.8015804 ], [ -157.3712463, 61.8015766 ], [ -157.371215799999987, 61.7726955 ], [ -157.3407288, 61.7726955 ], [ -157.3407249, 61.7438145 ], [ -157.281166099999979, 61.7438145 ], [ -157.2811069, 61.729372 ], [ -157.2202187, 61.7293758 ], [ -157.2201595, 61.700491 ], [ -157.1897449, 61.700491 ], [ -157.1896992, 61.6571674 ], [ -157.159326599999986, 61.6571674 ], [ -157.159324600000019, 61.6282864 ], [ -157.1296558, 61.6282864 ], [ -157.1300144, 61.7004948 ], [ -157.159328499999987, 61.7004948 ], [ -157.159332299999988, 61.7438183 ], [ -157.220249199999984, 61.7438145 ], [ -157.2202778, 61.7582569 ], [ -157.281223300000022, 61.7582569 ] ] ], [ [ [ -158.164463, 61.8593311 ], [ -158.0727463, 61.8593311 ], [ -158.0727901, 61.8737736 ], [ -158.164465, 61.8737698 ], [ -158.164463, 61.8593311 ] ] ] ] } },
{ "type": "Feature", "properties": { "certificate_number": 344, "entity": "TCSA", "certificate_name": "Tuntutuliak Community Services Association, Inc.", "certificate_url": "https://rca.alaska.gov/RCAWeb/Certificate/CertificateDetails.aspx?id=8921ab2b-0dec-471b-a2c2-b7ac7c3a5df5", "certificate_granted_year": 1985, "certificate_last_update_date": "1986-09-29", "certificate_last_update_order": "U-86-049(1)", "certificate_last_update_type": "Deregulated", "geometry_last_update": "1985-12-19", "geometry_is_current": true, "geometry_cert_sync_status": "up_to_date" }, "geometry": { "type": "MultiPolygon", "coordinates": [ [ [ [ -162.7349663, 60.2994976 ], [ -162.641294500000015, 60.2994976 ], [ -162.5612564, 60.2994976 ], [ -162.5612602, 60.3861599 ], [ -162.6488056, 60.3861599 ], [ -162.7349682, 60.3861599 ], [ -162.7349663, 60.2994976 ] ] ] ] } },
{ "type": "Feature", "properties": { "certificate_number": 353, "entity": "LARSEN BAY", "certificate_name": "City of Larsen Bay", "certificate_url": "https://rca.alaska.gov/RCAWeb/Certificate/CertificateDetails.aspx?id=54dabee0-b7f9-4425-9a7b-a9f22854ea2a", "certificate_granted_year": 1986, "certificate_last_update_date": "1986-04-26", "certificate_last_update_order": "U-86-018(1)", "certificate_last_update_type": "Initial", "geometry_last_update": "1986-04-26", "geometry_is_current": true, "geometry_cert_sync_status": "up_to_date" }, "geometry": { "type": "MultiPolygon", "coordinates": [ [ [ [ -153.9356613, 57.6123905 ], [ -154.0112953, 57.6123905 ], [ -154.0112991, 57.5256824 ], [ -153.9286118, 57.5256824 ], [ -153.850889199999983, 57.5256863 ], [ -153.850885399999981, 57.6123867 ], [ -153.8978119, 57.6123867 ], [ -153.9356613, 57.6123905 ] ] ] ] } },
{ "type": "Feature", "properties": { "certificate_number": 357, "entity": "OUZINKIE", "certificate_name": "City of Ouzinkie", "certificate_url": "https://rca.alaska.gov/RCAWeb/Certificate/CertificateDetails.aspx?id=b811c925-4f2e-45bb-a4e7-73859726abde", "certificate_granted_year": 1986, "certificate_last_update_date": "1986-08-20", "certificate_last_update_order": "U-86-050(1)", "certificate_last_update_type": "Initial", "geometry_last_update": "1986-08-20", "geometry_is_current": true, "geometry_cert_sync_status": "up_to_date" }, "geometry": { "type": "MultiPolygon", "coordinates": [ [ [ [ -152.517635300000023, 57.915823 ], [ -152.4904823, 57.915823 ], [ -152.4905033, 57.9302731 ], [ -152.5176678, 57.9302731 ], [ -152.517635300000023, 57.915823 ] ] ] ] } },
{ "type": "Feature", "properties": { "certificate_number": 360, "entity": "City of Clarks Point", "certificate_name": "City of Clarks Point d/b/a Clarks Point Electric Utility", "certificate_url": "https://rca.alaska.gov/RCAWeb/Certificate/CertificateDetails.aspx?id=05b0aed7-413e-4749-9e94-324a0749b958", "certificate_granted_year": 1986, "certificate_last_update_date": "2001-10-15", "certificate_last_update_order": "U-99-124(2)", "certificate_last_update_type": "Certificate Granted", "geometry_last_update": "2001-10-15", "geometry_is_current": true, "geometry_cert_sync_status": "up_to_date" }, "geometry": { "type": "MultiPolygon", "coordinates": [ [ [ [ -158.5214018, 58.8478052 ], [ -158.5236928, 58.8466131 ], [ -158.525859, 58.8457752 ], [ -158.5302537, 58.8434866 ], [ -158.5319025, 58.842914 ], [ -158.540690899999987, 58.8429071 ], [ -158.5434378, 58.8434706 ], [ -158.54511549999998, 58.8440358 ], [ -158.5456663, 58.844608 ], [ -158.5456657, 58.8448983 ], [ -158.5445669, 58.844898 ], [ -158.544018, 58.8451874 ], [ -158.5445671, 58.8457442 ], [ -158.5462154, 58.8463171 ], [ -158.5478627, 58.8466066 ], [ -158.5500602, 58.8460267 ], [ -158.5522576, 58.8451644 ], [ -158.5539063, 58.844592799999987 ], [ -158.5566524, 58.8431651 ], [ -158.5588487, 58.8423039 ], [ -158.5593682, 58.8420211 ], [ -158.559948599999984, 58.8414569 ], [ -158.559947699999981, 58.8405949 ], [ -158.561016100000018, 58.8388857 ], [ -158.5610163, 58.8374667 ], [ -158.5604663, 58.8366039 ], [ -158.5610163, 58.8357414 ], [ -158.561015699999984, 58.8354681 ], [ -158.5598857, 58.8337503 ], [ -158.559887, 58.832904 ], [ -158.559336799999983, 58.8317667 ], [ -158.559337, 58.8300496 ], [ -158.5587045, 58.829251 ], [ -158.5576585, 58.8277772 ], [ -158.5571089, 58.8269157 ], [ -158.556009599999982, 58.8257855 ], [ -158.55601009999998, 58.8252128 ], [ -158.5554297, 58.823786 ], [ -158.554881, 58.8232138 ], [ -158.5544851, 58.8223891 ], [ -158.552618699999982, 58.8223461 ], [ -158.5302618, 58.8223886 ], [ -158.5302615, 58.818829 ], [ -158.5027883, 58.8188295 ], [ -158.502905799999979, 58.8477246 ], [ -158.519936, 58.847722 ], [ -158.5214018, 58.8478052 ] ] ] ] } },
{ "type": "Feature", "properties": { "certificate_number": 363, "entity": "TENAKEE", "certificate_name": "City of Tenakee Springs d/b/a Tenakee Springs Electric Utility Department", "certificate_url": "https://rca.alaska.gov/RCAWeb/Certificate/CertificateDetails.aspx?id=0f6336c5-115e-41b9-9841-dd5a37833a74", "certificate_granted_year": 1986, "certificate_last_update_date": "1986-09-24", "certificate_last_update_order": "U-86-039(1)", "certificate_last_update_type": "Initial", "geometry_last_update": "1986-09-24", "geometry_is_current": true, "geometry_cert_sync_status": "up_to_date" }, "geometry": { "type": "MultiPolygon", "coordinates": [ [ [ [ -135.1218414, 57.8016911 ], [ -135.1218414, 57.8161411 ], [ -135.1692257, 57.8161411 ], [ -135.216608, 57.8161411 ], [ -135.3106651, 57.8161411 ], [ -135.3106422, 57.787241 ], [ -135.283586499999984, 57.787241 ], [ -135.283586499999984, 57.7727909 ], [ -135.2300148, 57.7727909 ], [ -135.175926200000021, 57.7727909 ], [ -135.1286011, 57.7727909 ], [ -135.0682678, 57.7727947 ], [ -135.0683556, 57.8016949 ], [ -135.1218414, 57.8016911 ] ] ] ] } },
{ "type": "Feature", "properties": { "certificate_number": 364, "entity": "RUBY", "certificate_name": "City of Ruby", "certificate_url": "https://rca.alaska.gov/RCAWeb/Certificate/CertificateDetails.aspx?id=d4e7e1e8-27fe-4ba2-9851-41533d6b49f4", "certificate_granted_year": 1986, "certificate_last_update_date": "1986-09-24", "certificate_last_update_order": "U-85-021(1)", "certificate_last_update_type": "Initial", "geometry_last_update": "1986-09-24", "geometry_is_current": true, "geometry_cert_sync_status": "up_to_date" }, "geometry": { "type": "MultiPolygon", "coordinates": [ [ [ [ -155.558094, 64.7155781 ], [ -155.4760475, 64.7155819 ], [ -155.425415, 64.7155819 ], [ -155.4254913, 64.7444515 ], [ -155.4846249, 64.7444515 ], [ -155.558095900000012, 64.7444477 ], [ -155.558094, 64.7155781 ] ] ] ] } },
{ "type": "Feature", "properties": { "certificate_number": 365, "entity": "NATERKAQ", "certificate_name": "Naterkaq Light Plant", "certificate_url": "https://rca.alaska.gov/RCAWeb/Certificate/CertificateDetails.aspx?id=179e1151-813a-4db4-864c-96ffa67e43a3", "certificate_granted_year": 1986, "certificate_last_update_date": "1990-04-25", "certificate_last_update_order": "U-89-072(1)", "certificate_last_update_type": "Amendment", "geometry_last_update": "1990-04-25", "geometry_is_current": true, "geometry_cert_sync_status": "up_to_date" }, "geometry": { "type": "MultiPolygon", "coordinates": [ [ [ [ -164.298366099999981, 60.1694889 ], [ -164.298364699999979, 60.1405999 ], [ -164.2115484, 60.1406012 ], [ -164.211626100000018, 60.1694902 ], [ -164.298366099999981, 60.1694889 ] ] ] ] } },
{ "type": "Feature", "properties": { "certificate_number": 368, "entity": "CEI", "certificate_name": "Chitina Electric, Inc.", "certificate_url": "https://rca.alaska.gov/RCAWeb/Certificate/CertificateDetails.aspx?id=facb8b88-6ec2-42ea-b62c-6c4534728af2", "certificate_granted_year": 1986, "certificate_last_update_date": "1988-06-20", "certificate_last_update_order": "U-86-053(3)", "certificate_last_update_type": "Certificate Granted", "geometry_last_update": "1988-06-20", "geometry_is_current": true, "geometry_cert_sync_status": "up_to_date" }, "geometry": { "type": "MultiPolygon", "coordinates": [ [ [ [ -144.49712839999998, 61.485157 ], [ -144.4442693, 61.4851579 ], [ -144.4437677, 61.4935985 ], [ -144.439977, 61.4948862 ], [ -144.436730399999988, 61.4969209 ], [ -144.4323384, 61.4995997 ], [ -144.4247986, 61.50245 ], [ -144.422185899999988, 61.5024814 ], [ -144.4182261, 61.5035575 ], [ -144.409747, 61.5071984 ], [ -144.4065148, 61.5118679 ], [ -144.409476, 61.5135089 ], [ -144.4102076, 61.5158749 ], [ -144.4094762, 61.523128699999987 ], [ -144.409805100000028, 61.5245164 ], [ -144.4117374, 61.5266562 ], [ -144.4113841, 61.5302149 ], [ -144.4126426, 61.5328771 ], [ -144.412412599999982, 61.5357537 ], [ -144.4137207, 61.5381431 ], [ -144.4139927, 61.5414523 ], [ -144.413046899999983, 61.5434753 ], [ -144.4109492, 61.5454516 ], [ -144.411492399999986, 61.5472602 ], [ -144.4150555, 61.5500158 ], [ -144.414668899999981, 61.5505498 ], [ -144.415146199999981, 61.5511189 ], [ -144.4151719, 61.5557924 ], [ -144.4152961, 61.5599202 ], [ -144.4156257, 61.5613078 ], [ -144.4181615, 61.5633346 ], [ -144.417486699999984, 61.5638569 ], [ -144.4176268, 61.5646872 ], [ -144.4169454, 61.5716683 ], [ -144.415834, 61.5729975 ], [ -144.417703499999988, 61.5738978 ], [ -144.418058, 61.575149 ], [ -144.417153, 61.578548 ], [ -144.41554, 61.5842546 ], [ -144.416949, 61.5860982 ], [ -144.424448, 61.591211599999987 ], [ -144.430060699999984, 61.593912 ], [ -144.4376375, 61.5986154 ], [ -144.4395337, 61.6006911 ], [ -144.4671545, 61.6006907 ], [ -144.4669525, 61.4995991 ], [ -144.4971717, 61.4995985 ], [ -144.49712839999998, 61.485157 ] ] ] ] } },
{ "type": "Feature", "properties": { "certificate_number": 369, "entity": "IEC", "certificate_name": "Ipnatchiaq Electric Company", "certificate_url": "https://rca.alaska.gov/RCAWeb/Certificate/CertificateDetails.aspx?id=0d21b30a-c9c0-4bb9-b997-49bbd2ef4784", "certificate_granted_year": 1986, "certificate_last_update_date": "1986-11-18", "certificate_last_update_order": "U-85-076(1)", "certificate_last_update_type": "Initial", "geometry_last_update": "1986-11-18", "geometry_is_current": true, "geometry_cert_sync_status": "up_to_date" }, "geometry": { "type": "MultiPolygon", "coordinates": [ [ [ [ -162.7349606, 66.0866718 ], [ -162.735063599999989, 66.1011028 ], [ -162.803602200000029, 66.1011028 ], [ -162.803537399999982, 66.057806 ], [ -162.7347565, 66.057806 ], [ -162.6637077, 66.057806 ], [ -162.6638317, 66.0866718 ], [ -162.7349606, 66.0866718 ] ] ] ] } },
{ "type": "Feature", "properties": { "certificate_number": 373, "entity": "GOLOVIN", "certificate_name": "City of Golovin", "certificate_url": "https://rca.alaska.gov/RCAWeb/Certificate/CertificateDetails.aspx?id=ab1e5c98-1400-4d42-ae54-fd32f9ec32d6", "certificate_granted_year": 1986, "certificate_last_update_date": "1986-12-29", "certificate_last_update_order": "U-86-068(1)", "certificate_last_update_type": "Initial", "geometry_last_update": "1986-12-29", "geometry_is_current": true, "geometry_cert_sync_status": "up_to_date" }, "geometry": { "type": "MultiPolygon", "coordinates": [ [ [ [ -163.032175099999989, 64.5350132 ], [ -163.0321922, 64.5422306 ], [ -163.015422799999982, 64.5422344 ], [ -163.015436199999982, 64.5494518 ], [ -163.048982599999988, 64.549448 ], [ -163.0489388, 64.5350132 ], [ -163.032175099999989, 64.5350132 ] ] ] ] } },
{ "type": "Feature", "properties": { "certificate_number": 375, "entity": "UPC", "certificate_name": "Ungusraq Power Company", "certificate_url": "https://rca.alaska.gov/RCAWeb/Certificate/CertificateDetails.aspx?id=f0a2b2fa-d7f7-4def-86da-8f6c5d80dd13", "certificate_granted_year": 1987, "certificate_last_update_date": "1987-02-27", "certificate_last_update_order": "U-85-074(1)", "certificate_last_update_type": "Initial", "geometry_last_update": "1987-02-27", "geometry_is_current": true, "geometry_cert_sync_status": "up_to_date" }, "geometry": { "type": "MultiPolygon", "coordinates": [ [ [ [ -164.6797733, 60.9205341 ], [ -164.6204357, 60.9205341 ], [ -164.6204376, 60.9783039 ], [ -164.679882, 60.9783039 ], [ -164.6797733, 60.9205341 ] ] ] ] } },
{ "type": "Feature", "properties": { "certificate_number": 376, "entity": "KWIG", "certificate_name": "Kwig Power Company", "certificate_url": "https://rca.alaska.gov/RCAWeb/Certificate/CertificateDetails.aspx?id=3a290e6e-e659-4b2a-808c-508f622663a5", "certificate_granted_year": 1987, "certificate_last_update_date": "1987-03-05", "certificate_last_update_order": "U-85-073(1)", "certificate_last_update_type": "Initial", "geometry_last_update": "1987-03-05", "geometry_is_current": true, "geometry_cert_sync_status": "up_to_date" }, "geometry": { "type": "MultiPolygon", "coordinates": [ [ [ [ -163.111715299999986, 59.8517094 ], [ -163.111717199999987, 59.8805981 ], [ -163.1979294, 59.8805981 ], [ -163.197891199999987, 59.8661518 ], [ -163.169166599999983, 59.8661518 ], [ -163.1691418, 59.8517094 ], [ -163.111715299999986, 59.8517094 ] ] ] ] } },
{ "type": "Feature", "properties": { "certificate_number": 383, "entity": "City of Diomede", "certificate_name": "City of Diomede", "certificate_url": "https://rca.alaska.gov/RCAWeb/Certificate/CertificateDetails.aspx?id=bae23c39-8b86-442e-b461-457694780a90", "certificate_granted_year": 1987, "certificate_last_update_date": "1987-10-26", "certificate_last_update_order": "U-87-001(1)", "certificate_last_update_type": "Initial", "geometry_last_update": "1987-10-26", "geometry_is_current": true, "geometry_cert_sync_status": "up_to_date" }, "geometry": { "type": "MultiPolygon", "coordinates": [ [ [ [ -168.957769399999989, 65.7546101 ], [ -168.9252167, 65.7546101 ], [ -168.925315899999987, 65.7690449 ], [ -168.9577713, 65.7690449 ], [ -168.957769399999989, 65.7546101 ] ] ] ] } },
{ "type": "Feature", "properties": { "certificate_number": 394, "entity": "TAKOTNA", "certificate_name": "Takotna Community Association, Inc.", "certificate_url": "https://rca.alaska.gov/RCAWeb/Certificate/CertificateDetails.aspx?id=4c1ad55f-e514-4bd0-b251-a9f44519491e", "certificate_granted_year": 1988, "certificate_last_update_date": "1988-05-06", "certificate_last_update_order": "U-87-007(1)", "certificate_last_update_type": "Initial", "geometry_last_update": "1988-05-06", "geometry_is_current": true, "geometry_cert_sync_status": "up_to_date" }, "geometry": { "type": "MultiPolygon", "coordinates": [ [ [ [ -156.101253499999984, 62.9856777 ], [ -156.037765500000035, 62.9856777 ], [ -156.037780799999979, 62.9993725 ], [ -156.1012974, 62.9993725 ], [ -156.101253499999984, 62.9856777 ] ] ] ] } },
{ "type": "Feature", "properties": { "certificate_number": 395, "entity": "PPC", "certificate_name": "Puvurnaq Power Company", "certificate_url": "https://rca.alaska.gov/RCAWeb/Certificate/CertificateDetails.aspx?id=a69cc2d1-8f42-47b6-ae64-5f17384c8955", "certificate_granted_year": 1988, "certificate_last_update_date": "2002-11-12", "certificate_last_update_order": "U-87-071(2)", "certificate_last_update_type": "Closing Docket", "geometry_last_update": "2002-11-12", "geometry_is_current": true, "geometry_cert_sync_status": "up_to_date" }, "geometry": { "type": "MultiPolygon", "coordinates": [ [ [ [ -162.912058299999984, 59.981713 ], [ -162.9119322, 59.9528231 ], [ -162.854331799999983, 59.9528234 ], [ -162.8544077, 59.9817133 ], [ -162.912058299999984, 59.981713 ] ] ] ] } },
{ "type": "Feature", "properties": { "certificate_number": 399, "entity": "PORT HEIDE", "certificate_name": "City of Port Heiden", "certificate_url": "https://rca.alaska.gov/RCAWeb/Certificate/CertificateDetails.aspx?id=07dc9b4f-0a01-4ccc-b40b-0fdfd5bfb690", "certificate_granted_year": 1988, "certificate_last_update_date": "1988-06-27", "certificate_last_update_order": "U-87-031(1)", "certificate_last_update_type": "Initial", "geometry_last_update": "1988-06-27", "geometry_is_current": true, "geometry_cert_sync_status": "up_to_date" }, "geometry": { "type": "MultiPolygon", "coordinates": [ [ [ [ -158.7106895, 56.8989277 ], [ -158.657869299999987, 56.8989315 ], [ -158.6578999, 56.9133816 ], [ -158.6314812, 56.9133816 ], [ -158.6315022, 56.9278355 ], [ -158.605072, 56.9278355 ], [ -158.605093, 56.9567394 ], [ -158.657995199999988, 56.9567394 ], [ -158.657932300000027, 56.9278355 ], [ -158.7107925, 56.9278316 ], [ -158.7106895, 56.8989277 ] ] ] ] } },
{ "type": "Feature", "properties": { "certificate_number": 408, "entity": "SHELDON", "certificate_name": "City of Nunam Iqua d/b/a Nunam Iqua Electric Company", "certificate_url": "https://rca.alaska.gov/RCAWeb/Certificate/CertificateDetails.aspx?id=f9928fbc-84f2-4737-91e0-f3baaac240ca", "certificate_granted_year": 1988, "certificate_last_update_date": "2000-03-02", "certificate_last_update_order": null, "certificate_last_update_type": "Name Change", "geometry_last_update": "1988-11-03", "geometry_is_current": false, "geometry_cert_sync_status": "outdated" }, "geometry": { "type": "MultiPolygon", "coordinates": [ [ [ [ -164.8837929, 62.5090351 ], [ -164.821323399999983, 62.5090351 ], [ -164.8213863, 62.5379124 ], [ -164.883916900000031, 62.5379124 ], [ -164.8837929, 62.5090351 ] ] ] ] } },
{ "type": "Feature", "properties": { "certificate_number": 409, "entity": "WHITE MOUN", "certificate_name": "City of White Mountain", "certificate_url": "https://rca.alaska.gov/RCAWeb/Certificate/CertificateDetails.aspx?id=323d185a-6dc3-41ab-90c5-417cf8a399f8", "certificate_granted_year": 1988, "certificate_last_update_date": "1988-11-03", "certificate_last_update_order": "U-86-100(1)", "certificate_last_update_type": "Initial", "geometry_last_update": "1988-11-03", "geometry_is_current": true, "geometry_cert_sync_status": "up_to_date" }, "geometry": { "type": "MultiPolygon", "coordinates": [ [ [ [ -163.432895699999989, 64.6721478 ], [ -163.399194699999981, 64.6721478 ], [ -163.399236699999989, 64.7010174 ], [ -163.432972, 64.7010174 ], [ -163.432895699999989, 64.6721478 ] ] ] ] } },
{ "type": "Feature", "properties": { "certificate_number": 410, "entity": "ST. GEORGE", "certificate_name": "City of St. George", "certificate_url": "https://rca.alaska.gov/RCAWeb/Certificate/CertificateDetails.aspx?id=875da23d-62bc-4d96-a768-dfc64d4fffa7", "certificate_granted_year": 1988, "certificate_last_update_date": "1988-11-03", "certificate_last_update_order": "U-86-065(1)", "certificate_last_update_type": "Initial", "geometry_last_update": "1988-11-03", "geometry_is_current": true, "geometry_cert_sync_status": "up_to_date" }, "geometry": { "type": "MultiPolygon", "coordinates": [ [ [ [ -169.7318718, 56.4941067 ], [ -169.6476591, 56.4941116 ], [ -169.5699826, 56.494116 ], [ -169.498123699999979, 56.4941201 ], [ -169.4197321, 56.4941245 ], [ -169.419738099999989, 56.6675558 ], [ -169.4984891, 56.6675515 ], [ -169.5758056, 56.667547199999987 ], [ -169.6545567, 56.6675427 ], [ -169.731876799999981, 56.6675383 ], [ -169.7318718, 56.4941067 ] ] ] ] } },
{ "type": "Feature", "properties": { "certificate_number": 412, "entity": "ANCEC", "certificate_name": "Akiachak Native Community Electric Company", "certificate_url": "https://rca.alaska.gov/RCAWeb/Certificate/CertificateDetails.aspx?id=c8121654-d8dc-4614-83ed-a634505e9f17", "certificate_granted_year": 1988, "certificate_last_update_date": "1989-09-01", "certificate_last_update_order": "U-89-029(2)", "certificate_last_update_type": "Deregulated", "geometry_last_update": "1988-11-28", "geometry_is_current": true, "geometry_cert_sync_status": "up_to_date" }, "geometry": { "type": "MultiPolygon", "coordinates": [ [ [ [ -161.4559485, 60.9061347 ], [ -161.3971181, 60.9061354 ], [ -161.397186, 60.920578299999988 ], [ -161.455962699999986, 60.9205776 ], [ -161.4559485, 60.9061347 ] ] ] ] } },
{ "type": "Feature", "properties": { "certificate_number": 416, "entity": "NIKOLAI", "certificate_name": "City of Nikolai d/b/a Nikolai Light & Power", "certificate_url": "https://rca.alaska.gov/RCAWeb/Certificate/CertificateDetails.aspx?id=b5d194e3-d4b4-4be5-b1b7-dc64e9f334bd", "certificate_granted_year": 1989, "certificate_last_update_date": "1989-09-15", "certificate_last_update_order": "U-85-072(1)", "certificate_last_update_type": "Initial", "geometry_last_update": "1989-09-15", "geometry_is_current": true, "geometry_cert_sync_status": "up_to_date" }, "geometry": { "type": "MultiPolygon", "coordinates": [ [ [ [ -154.3444977, 62.992918 ], [ -154.3446693, 63.0265141 ], [ -154.4081535, 63.0265102 ], [ -154.408121099999988, 62.9993916 ], [ -154.4080296, 62.9993916 ], [ -154.408002899999985, 62.9929142 ], [ -154.3444977, 62.992918 ] ] ] ] } },
{ "type": "Feature", "properties": { "certificate_number": 420, "entity": "BEAVER", "certificate_name": "Beaver Village Electrical Utility", "certificate_url": "https://rca.alaska.gov/RCAWeb/Certificate/CertificateDetails.aspx?id=218aca93-b53a-47fe-8c76-0793801db9a9", "certificate_granted_year": 1989, "certificate_last_update_date": "1989-03-13", "certificate_last_update_order": "U-87-090(1)", "certificate_last_update_type": "Initial", "geometry_last_update": "1989-03-13", "geometry_is_current": true, "geometry_cert_sync_status": "up_to_date" }, "geometry": { "type": "MultiPolygon", "coordinates": [ [ [ [ -147.4643097, 66.3500996 ], [ -147.3573608, 66.3501034 ], [ -147.3574467, 66.3645344 ], [ -147.4643326, 66.3645344 ], [ -147.4643097, 66.3500996 ] ] ] ] } },
{ "type": "Feature", "properties": { "certificate_number": 425, "entity": "PILOT", "certificate_name": "City of Pilot Point", "certificate_url": "https://rca.alaska.gov/RCAWeb/Certificate/CertificateDetails.aspx?id=536a947b-aa60-4db3-b438-5496afe77c48", "certificate_granted_year": 1990, "certificate_last_update_date": "1996-06-19", "certificate_last_update_order": "U-95-027(1)", "certificate_last_update_type": "Transfer", "geometry_last_update": "1996-06-19", "geometry_is_current": true, "geometry_cert_sync_status": "up_to_date" }, "geometry": { "type": "MultiPolygon", "coordinates": [ [ [ [ -157.5697327, 57.582445099999987 ], [ -157.5966358, 57.582445099999987 ], [ -157.5965347, 57.5553303 ], [ -157.569652599999984, 57.5554104 ], [ -157.569650699999983, 57.5553684 ], [ -157.5427685, 57.5552998 ], [ -157.54281229999998, 57.5752201 ], [ -157.5697117, 57.5752201 ], [ -157.5697327, 57.582445099999987 ] ] ] ] } },
{ "type": "Feature", "properties": { "certificate_number": 432, "entity": "BUCKLAND", "certificate_name": "City of Buckland", "certificate_url": "https://rca.alaska.gov/RCAWeb/Certificate/CertificateDetails.aspx?id=e2e91127-8bc7-4310-b83e-a0ce788665e2", "certificate_granted_year": 1991, "certificate_last_update_date": "1991-10-10", "certificate_last_update_order": "U-88-046(1)", "certificate_last_update_type": "Initial", "geometry_last_update": "1991-10-10", "geometry_is_current": true, "geometry_cert_sync_status": "up_to_date" }, "geometry": { "type": "MultiPolygon", "coordinates": [ [ [ [ -161.1517811, 65.9712353 ], [ -161.0809727, 65.9712353 ], [ -161.0809746, 65.9856701 ], [ -161.1518211, 65.9856663 ], [ -161.1517811, 65.9712353 ] ] ] ] } },
{ "type": "Feature", "properties": { "certificate_number": 437, "entity": "CLEU", "certificate_name": "Chignik Lake Electric Utility, Inc.", "certificate_url": "https://rca.alaska.gov/RCAWeb/Certificate/CertificateDetails.aspx?id=9e833cc1-4d8c-40e9-8c10-9763c147aabf", "certificate_granted_year": 1992, "certificate_last_update_date": "2011-04-15", "certificate_last_update_order": "U-11-005(2)", "certificate_last_update_type": "Deregulated", "geometry_last_update": "1992-03-09", "geometry_is_current": true, "geometry_cert_sync_status": "up_to_date" }, "geometry": { "type": "MultiPolygon", "coordinates": [ [ [ [ -158.7696171, 56.2562809 ], [ -158.7705269, 56.2562847 ], [ -158.7713585, 56.2561817 ], [ -158.772527699999983, 56.2561398 ], [ -158.7729168, 56.2560673 ], [ -158.773384099999987, 56.2560673 ], [ -158.7747345, 56.2559109 ], [ -158.7755928, 56.2556934 ], [ -158.7757015, 56.2556896 ], [ -158.775692, 56.2485561 ], [ -158.749733, 56.2485561 ], [ -158.7497368, 56.2530308 ], [ -158.750404399999979, 56.2528591 ], [ -158.750845, 56.2528591 ], [ -158.751236, 56.2527866 ], [ -158.7517033, 56.2527866 ], [ -158.7530003, 56.2530613 ], [ -158.7535191, 56.2532368 ], [ -158.7548161, 56.2540035 ], [ -158.7556477, 56.254179 ], [ -158.7561665, 56.254179 ], [ -158.756687199999988, 56.2541065 ], [ -158.7573357, 56.2541065 ], [ -158.7579327, 56.2540798 ], [ -158.758453399999979, 56.2540073 ], [ -158.7592316, 56.2540073 ], [ -158.7597523, 56.2539349 ], [ -158.7600632, 56.2539349 ], [ -158.762088799999987, 56.2542248 ], [ -158.7623482, 56.2543545 ], [ -158.762659099999979, 56.2550488 ], [ -158.7629948, 56.2553844 ], [ -158.7633076, 56.2555561 ], [ -158.763645199999985, 56.255628599999987 ], [ -158.764164, 56.2556744 ], [ -158.764942199999979, 56.2561359 ], [ -158.765201599999983, 56.2562084 ], [ -158.766292599999986, 56.2561359 ], [ -158.7670727, 56.2562809 ], [ -158.7677994, 56.2562809 ], [ -158.768579499999987, 56.2561092 ], [ -158.7690201, 56.2561398 ], [ -158.7696171, 56.2562809 ] ] ] ] } },
{ "type": "Feature", "properties": { "certificate_number": 442, "entity": "FALSE PASS", "certificate_name": "City of False Pass", "certificate_url": "https://rca.alaska.gov/RCAWeb/Certificate/CertificateDetails.aspx?id=b4e9c0e6-5f32-40b8-a2b5-a566966f6cd1", "certificate_granted_year": 1992, "certificate_last_update_date": "1993-01-25", "certificate_last_update_order": "U-89-010(2)", "certificate_last_update_type": "Certificate Granted", "geometry_last_update": "1993-01-25", "geometry_is_current": true, "geometry_cert_sync_status": "up_to_date" }, "geometry": { "type": "MultiPolygon", "coordinates": [ [ [ [ -163.4095249, 54.8680058 ], [ -163.422058099999987, 54.8680058 ], [ -163.4220104, 54.8463192 ], [ -163.3969574, 54.8463192 ], [ -163.3969803, 54.8607769 ], [ -163.4095116, 54.8607769 ], [ -163.4095249, 54.8680058 ] ] ] ] } },
{ "type": "Feature", "properties": { "certificate_number": 446, "entity": "KIPNUK", "certificate_name": "Kipnuk Light Plant", "certificate_url": "https://rca.alaska.gov/RCAWeb/Certificate/CertificateDetails.aspx?id=4ae79090-8852-4497-8807-4dbf63c6d0e1", "certificate_granted_year": 1993, "certificate_last_update_date": "1996-01-18", "certificate_last_update_order": "U-91-099(3E)", "certificate_last_update_type": "Certificate Granted", "geometry_last_update": "1996-01-18", "geometry_is_current": true, "geometry_cert_sync_status": "up_to_date" }, "geometry": { "type": "MultiPolygon", "coordinates": [ [ [ [ -164.0575829, 59.9311543 ], [ -164.028801, 59.9311543 ], [ -164.0288219, 59.9429302 ], [ -164.05761339999998, 59.943006499999989 ], [ -164.0575829, 59.9311543 ] ] ] ] } },
{ "type": "Feature", "properties": { "certificate_number": 447, "entity": "TECI", "certificate_name": "Tanalian Electric Cooperative, Inc.", "certificate_url": "https://rca.alaska.gov/RCAWeb/Certificate/CertificateDetails.aspx?id=3bcc1d2a-b255-4d3f-98c2-0aaafccbeca1", "certificate_granted_year": 1991, "certificate_last_update_date": "1994-10-31", "certificate_last_update_order": "U-94-045(2)", "certificate_last_update_type": "Deregulated", "geometry_last_update": "1993-06-28", "geometry_is_current": true, "geometry_cert_sync_status": "up_to_date" }, "geometry": { "type": "MultiPolygon", "coordinates": [ [ [ [ -154.396936400000016, 60.1695957 ], [ -154.3381958, 60.1695957 ], [ -154.2812061, 60.1695995 ], [ -154.281286199999983, 60.2129307 ], [ -154.339342099999982, 60.2129307 ], [ -154.3392906, 60.1984844 ], [ -154.36830519999998, 60.1984844 ], [ -154.3682404, 60.184042 ], [ -154.396938299999988, 60.184042 ], [ -154.396936400000016, 60.1695957 ] ] ] ] } },
{ "type": "Feature", "properties": { "certificate_number": 449, "entity": "AKHIOK", "certificate_name": "City of Akhiok", "certificate_url": "https://rca.alaska.gov/RCAWeb/Certificate/CertificateDetails.aspx?id=f67f09aa-a74e-49f6-b4ed-031575d6d154", "certificate_granted_year": 1993, "certificate_last_update_date": "1993-09-07", "certificate_last_update_order": "U-91-029(1)", "certificate_last_update_type": "Initial", "geometry_last_update": "1993-09-09", "geometry_is_current": null, "geometry_cert_sync_status": "unknown" }, "geometry": { "type": "MultiPolygon", "coordinates": [ [ [ [ -154.2668629, 56.9620342 ], [ -154.2668362, 56.9259052 ], [ -154.2151089, 56.9259014 ], [ -154.2151337, 56.9331264 ], [ -154.2085266, 56.9331264 ], [ -154.2019196, 56.9331226 ], [ -154.2018967, 56.9258976 ], [ -154.1952896, 56.9258976 ], [ -154.1953011, 56.9295101 ], [ -154.188694, 56.9295101 ], [ -154.1887035, 56.9331226 ], [ -154.1622753, 56.9331188 ], [ -154.162298199999981, 56.9439564 ], [ -154.155689199999983, 56.9439564 ], [ -154.155695, 56.9475689 ], [ -154.1556778, 56.9475689 ], [ -154.155582399999986, 56.962019 ], [ -154.2218494, 56.9620266 ], [ -154.2668629, 56.9620342 ] ] ] ] } },
{ "type": "Feature", "properties": { "certificate_number": 570, "entity": "LVTC", "certificate_name": "Lime Village Traditional Council", "certificate_url": "https://rca.alaska.gov/RCAWeb/Certificate/CertificateDetails.aspx?id=a5cbac96-cdd2-44c1-926c-7ec7bde87f24", "certificate_granted_year": 1998, "certificate_last_update_date": "2012-10-25", "certificate_last_update_order": "U-12-104(2)", "certificate_last_update_type": "Deregulated", "geometry_last_update": "2002-11-12", "geometry_is_current": true, "geometry_cert_sync_status": "up_to_date" }, "geometry": { "type": "MultiPolygon", "coordinates": [ [ [ [ -155.4589767, 61.339468 ], [ -155.4299011, 61.339468 ], [ -155.4300423, 61.3683529 ], [ -155.4589767, 61.3683491 ], [ -155.4589767, 61.339468 ] ] ] ] } },
{ "type": "Feature", "properties": { "certificate_number": 586, "entity": "TATITLEK", "certificate_name": "Tatitlek Village IRA Council d/b/a Tatitlek Electric Utility", "certificate_url": "https://rca.alaska.gov/RCAWeb/Certificate/CertificateDetails.aspx?id=ff3f15ed-b1a8-4ada-8c42-f765739e8223", "certificate_granted_year": 1999, "certificate_last_update_date": "2002-11-21", "certificate_last_update_order": "U-91-015(4)", "certificate_last_update_type": "Certificate Granted", "geometry_last_update": "2002-11-21", "geometry_is_current": true, "geometry_cert_sync_status": "up_to_date" }, "geometry": { "type": "MultiPolygon", "coordinates": [ [ [ [ -146.7008572, 60.8820248 ], [ -146.700775099999987, 60.8640881 ], [ -146.685520199999985, 60.8640881 ], [ -146.6863174, 60.8569393 ], [ -146.6563969, 60.8568287 ], [ -146.656539899999984, 60.8640842 ], [ -146.6563416, 60.8640842 ], [ -146.6563873, 60.8785267 ], [ -146.671205499999985, 60.8785267 ], [ -146.671218899999985, 60.882143 ], [ -146.7008572, 60.8820248 ] ] ] ] } },
{ "type": "Feature", "properties": { "certificate_number": 625, "entity": "NAPASKIAK", "certificate_name": "Napaskiak Electric Utility", "certificate_url": "https://rca.alaska.gov/RCAWeb/Certificate/CertificateDetails.aspx?id=5953e527-1795-40c1-93db-ae02b065eeec", "certificate_granted_year": 2000, "certificate_last_update_date": "2000-12-13", "certificate_last_update_order": "U-00-078(2)", "certificate_last_update_type": "Initial", "geometry_last_update": "2000-12-13", "geometry_is_current": true, "geometry_cert_sync_status": "up_to_date" }, "geometry": { "type": "MultiPolygon", "coordinates": [ [ [ [ -161.7873478, 60.703928 ], [ -161.7368793, 60.703928 ], [ -161.7368946, 60.7095585 ], [ -161.737421, 60.7096577 ], [ -161.73874859999998, 60.7099628 ], [ -161.7403984, 60.7102528 ], [ -161.7429905, 60.7105999 ], [ -161.744907399999988, 60.7107449 ], [ -161.7459393, 60.7107296 ], [ -161.7472363, 60.7106609 ], [ -161.749446899999981, 60.710329099999989 ], [ -161.7535172, 60.7098522 ], [ -161.757732399999981, 60.7095089 ], [ -161.76021, 60.7092495 ], [ -161.7663651, 60.7084789 ], [ -161.7691422, 60.7079945 ], [ -161.771883, 60.7076778 ], [ -161.7729168, 60.7073307 ], [ -161.7730331, 60.7073154 ], [ -161.7742729, 60.7068539 ], [ -161.7757168, 60.7065678 ], [ -161.781318699999986, 60.7055569 ], [ -161.7847672, 60.7048206 ], [ -161.7865353, 60.7043171 ], [ -161.7873478, 60.703928 ] ] ] ] } },
{ "type": "Feature", "properties": { "certificate_number": 635, "entity": "AKIAK", "certificate_name": "Akiak Power Utilities", "certificate_url": "https://rca.alaska.gov/RCAWeb/Certificate/CertificateDetails.aspx?id=3775b9fe-c315-42fc-9934-90544a0655fd", "certificate_granted_year": 2001, "certificate_last_update_date": "2001-07-05", "certificate_last_update_order": "U-86-062(3)", "certificate_last_update_type": "Initial", "geometry_last_update": "2001-07-05", "geometry_is_current": true, "geometry_cert_sync_status": "up_to_date" }, "geometry": { "type": "MultiPolygon", "coordinates": [ [ [ [ -161.248837899999984, 60.8916944 ], [ -161.1899537, 60.8916951 ], [ -161.190062499999982, 60.920581 ], [ -161.24883939999998, 60.9205803 ], [ -161.248837899999984, 60.8916944 ] ] ] ] } },
{ "type": "Feature", "properties": { "certificate_number": 658, "entity": "CLPU", "certificate_name": "Chignik Lagoon Power Utility", "certificate_url": "https://rca.alaska.gov/RCAWeb/Certificate/CertificateDetails.aspx?id=ae88947f-6245-4ee6-ba62-ac00baee2150", "certificate_granted_year": 2002, "certificate_last_update_date": "2002-12-03", "certificate_last_update_order": "U-96-048(1)", "certificate_last_update_type": "Initial", "geometry_last_update": "2003-12-03", "geometry_is_current": null, "geometry_cert_sync_status": "unknown" }, "geometry": { "type": "MultiPolygon", "coordinates": [ [ [ [ -158.4827061, 56.3425083 ], [ -158.495630299999988, 56.3425083 ], [ -158.495628399999987, 56.3352833 ], [ -158.5086384, 56.3352833 ], [ -158.5086365, 56.3280544 ], [ -158.5216427, 56.3280544 ], [ -158.521637, 56.3208294 ], [ -158.5315113, 56.3208294 ], [ -158.5314884, 56.3136005 ], [ -158.5444908, 56.3136005 ], [ -158.544466, 56.3063755 ], [ -158.5574646, 56.3063755 ], [ -158.5574379, 56.2991467 ], [ -158.5691242, 56.2991467 ], [ -158.5691223, 56.2702427 ], [ -158.5573273, 56.2702427 ], [ -158.5573006, 56.2630138 ], [ -158.5443172, 56.2630138 ], [ -158.544290499999988, 56.2557888 ], [ -158.5691204, 56.2557888 ], [ -158.5691223, 56.2630138 ], [ -158.621059399999979, 56.2630138 ], [ -158.6210709, 56.2702389 ], [ -158.634058, 56.2702389 ], [ -158.634069399999987, 56.2774677 ], [ -158.6600494, 56.2774677 ], [ -158.660032299999983, 56.2702389 ], [ -158.673019399999987, 56.2702389 ], [ -158.6729393, 56.2413311 ], [ -158.6340065, 56.2413349 ], [ -158.6339931, 56.2341061 ], [ -158.6210194, 56.2341061 ], [ -158.6209984, 56.2196522 ], [ -158.646938299999988, 56.2196522 ], [ -158.646923099999981, 56.2124271 ], [ -158.6209869, 56.2124271 ], [ -158.620977399999987, 56.2051983 ], [ -158.5950489, 56.2052021 ], [ -158.5950584, 56.2196522 ], [ -158.5691185, 56.219656 ], [ -158.5691204, 56.24856 ], [ -158.531286199999983, 56.2485638 ], [ -158.5312653, 56.2413349 ], [ -158.5053101, 56.2413349 ], [ -158.5052929, 56.2341099 ], [ -158.4923172, 56.2341099 ], [ -158.4923325, 56.2413349 ], [ -158.4793549, 56.2413349 ], [ -158.479366299999981, 56.2485638 ], [ -158.518306699999982, 56.2485638 ], [ -158.518346799999989, 56.2630177 ], [ -158.531332, 56.2630138 ], [ -158.5313549, 56.2702427 ], [ -158.5053806, 56.2702427 ], [ -158.5053978, 56.2774677 ], [ -158.5573559, 56.2774677 ], [ -158.557382599999983, 56.2846966 ], [ -158.544391599999983, 56.2846966 ], [ -158.544441200000023, 56.2991505 ], [ -158.518446, 56.2991505 ], [ -158.5184669, 56.3063755 ], [ -158.505466499999983, 56.3063755 ], [ -158.5055027, 56.3208294 ], [ -158.495628399999987, 56.3208294 ], [ -158.495628399999987, 56.3280544 ], [ -158.469644499999987, 56.3280582 ], [ -158.4696693, 56.3352833 ], [ -158.4826794, 56.3352833 ], [ -158.4827061, 56.3425083 ] ] ] ] } },
{ "type": "Feature", "properties": { "certificate_number": 659, "entity": "PERRYVILLE", "certificate_name": "Native Village of Perryville", "certificate_url": "https://rca.alaska.gov/RCAWeb/Certificate/CertificateDetails.aspx?id=554ea041-ee3d-426e-ab0c-2bf17b5d6100", "certificate_granted_year": 2002, "certificate_last_update_date": "2002-12-26", "certificate_last_update_order": "U-86-073(5)", "certificate_last_update_type": "Initial", "geometry_last_update": "2002-12-26", "geometry_is_current": true, "geometry_cert_sync_status": "up_to_date" }, "geometry": { "type": "MultiPolygon", "coordinates": [ [ [ [ -159.178657499999986, 55.9016628 ], [ -159.101469, 55.9016628 ], [ -159.101467099999979, 55.9161167 ], [ -159.1786842, 55.9161167 ], [ -159.178657499999986, 55.9016628 ] ] ] ] } },
{ "type": "Feature", "properties": { "certificate_number": 660, "entity": "KOKHANOK", "certificate_name": "Kokhanok Electric Utility", "certificate_url": "https://rca.alaska.gov/RCAWeb/Certificate/CertificateDetails.aspx?id=5efdac3b-509b-4a28-9bd5-5ef8527c0f36", "certificate_granted_year": 2002, "certificate_last_update_date": "2002-12-30", "certificate_last_update_order": "U-89-068(1)", "certificate_last_update_type": "Initial", "geometry_last_update": "2002-12-30", "geometry_is_current": true, "geometry_cert_sync_status": "up_to_date" }, "geometry": { "type": "MultiPolygon", "coordinates": [ [ [ [ -154.7472324, 59.4473209 ], [ -154.747282, 59.4617672 ], [ -154.775665299999986, 59.4617672 ], [ -154.7756023, 59.4473209 ], [ -154.803899799999982, 59.4473209 ], [ -154.803897899999981, 59.4328747 ], [ -154.718826299999989, 59.4328785 ], [ -154.7188644, 59.4473248 ], [ -154.7472324, 59.4473209 ] ] ] ] } },
{ "type": "Feature", "properties": { "certificate_number": 661, "entity": "KOLIGANEK", "certificate_name": "Koliganek Village Council Electric", "certificate_url": "https://rca.alaska.gov/RCAWeb/Certificate/CertificateDetails.aspx?id=939699b8-1a4d-49bb-b624-b8da36bc3166", "certificate_granted_year": 2002, "certificate_last_update_date": "2002-12-27", "certificate_last_update_order": "U-93-085(1)", "certificate_last_update_type": "Initial", "geometry_last_update": "2002-12-27", "geometry_is_current": true, "geometry_cert_sync_status": "up_to_date" }, "geometry": { "type": "MultiPolygon", "coordinates": [ [ [ [ -157.3003368, 59.7217579 ], [ -157.2717361, 59.7217579 ], [ -157.2717743, 59.7362003 ], [ -157.30038829999998, 59.7362003 ], [ -157.3003368, 59.7217579 ] ] ] ] } },
{ "type": "Feature", "properties": { "certificate_number": 662, "entity": "PEDRO BAY", "certificate_name": "Pedro Bay Village Electric Utility", "certificate_url": "https://rca.alaska.gov/RCAWeb/Certificate/CertificateDetails.aspx?id=986ab776-01da-4e45-86c3-0a44f51358ef", "certificate_granted_year": 2002, "certificate_last_update_date": "2002-12-27", "certificate_last_update_order": "U-89-005(4)", "certificate_last_update_type": "Initial", "geometry_last_update": "2002-12-27", "geometry_is_current": true, "geometry_cert_sync_status": "up_to_date" }, "geometry": { "type": "MultiPolygon", "coordinates": [ [ [ [ -154.0580616, 59.7795887 ], [ -154.058113099999986, 59.8084812 ], [ -154.139465299999983, 59.8084774 ], [ -154.2013435, 59.8084774 ], [ -154.2013149, 59.7795887 ], [ -154.209301, 59.7795887 ], [ -154.2091484, 59.7218037 ], [ -154.1202068, 59.7218075 ], [ -154.039003399999984, 59.7218075 ], [ -154.039156, 59.7795887 ], [ -154.0580616, 59.7795887 ] ] ] ] } },
{ "type": "Feature", "properties": { "certificate_number": 663, "entity": "VENETIE", "certificate_name": "VILLAGE OF VENETIE", "certificate_url": "https://rca.alaska.gov/RCAWeb/Certificate/CertificateDetails.aspx?id=18a49c96-e89a-41f3-80fb-65d9bdedf7cd", "certificate_granted_year": 2002, "certificate_last_update_date": "2002-12-30", "certificate_last_update_order": "U-87-072(2)", "certificate_last_update_type": "Initial", "geometry_last_update": "2002-12-30", "geometry_is_current": true, "geometry_cert_sync_status": "up_to_date" }, "geometry": { "type": "MultiPolygon", "coordinates": [ [ [ [ -146.539007199999986, 66.9995251 ], [ -146.438077900000025, 66.9995251 ], [ -146.3181801, 66.9995289 ], [ -146.318182, 67.0283909 ], [ -146.4289894, 67.0283871 ], [ -146.539009099999987, 67.0283871 ], [ -146.539007199999986, 66.9995251 ] ] ] ] } },
{ "type": "Feature", "properties": { "certificate_number": 664, "entity": "TULUKSAK", "certificate_name": "Tuluksak Traditional Power Utility", "certificate_url": "https://rca.alaska.gov/RCAWeb/Certificate/CertificateDetails.aspx?id=8d864cb4-8b23-4607-b53e-0ecae49851bb", "certificate_granted_year": 2002, "certificate_last_update_date": "2002-12-31", "certificate_last_update_order": "U-97-105(1)", "certificate_last_update_type": "Initial", "geometry_last_update": "2002-12-31", "geometry_is_current": true, "geometry_cert_sync_status": "up_to_date" }, "geometry": { "type": "MultiPolygon", "coordinates": [ [ [ [ -160.9834137, 61.0938969 ], [ -160.9535828, 61.0938969 ], [ -160.9536114, 61.1083393 ], [ -160.9834557, 61.1083393 ], [ -160.9834137, 61.0938969 ] ] ] ] } },
{ "type": "Feature", "properties": { "certificate_number": 681, "entity": "Igiugig Electric Company", "certificate_name": "Igiugig Electric Company", "certificate_url": "https://rca.alaska.gov/RCAWeb/Certificate/CertificateDetails.aspx?id=4004fce4-5eff-4e2d-a40d-de537e9f4fff", "certificate_granted_year": 2003, "certificate_last_update_date": "2003-06-24", "certificate_last_update_order": "U-03-027(1)", "certificate_last_update_type": "Certificate Granted", "geometry_last_update": "2003-06-24", "geometry_is_current": true, "geometry_cert_sync_status": "up_to_date" }, "geometry": { "type": "MultiPolygon", "coordinates": [ [ [ [ -155.87251089999998, 59.3317318 ], [ -155.8725605, 59.3461781 ], [ -155.9278431, 59.3461781 ], [ -155.927841200000017, 59.3028393 ], [ -155.844163899999984, 59.3028393 ], [ -155.8442383, 59.3317318 ], [ -155.87251089999998, 59.3317318 ] ] ] ] } },
{ "type": "Feature", "properties": { "certificate_number": 682, "entity": "CHALKYITSIK", "certificate_name": "Chalkyitsik Village Energy System", "certificate_url": "https://rca.alaska.gov/RCAWeb/Certificate/CertificateDetails.aspx?id=7919adbf-81df-437a-a5b4-32f8485ae5ae", "certificate_granted_year": 2003, "certificate_last_update_date": "2003-06-25", "certificate_last_update_order": "U-03-029(1)", "certificate_last_update_type": "Certificate Granted", "geometry_last_update": "2003-06-25", "geometry_is_current": true, "geometry_cert_sync_status": "up_to_date" }, "geometry": { "type": "MultiPolygon", "coordinates": [ [ [ [ -143.7599926, 66.6388111 ], [ -143.7236366, 66.6388149 ], [ -143.7236385, 66.6532459 ], [ -143.651393899999988, 66.6532459 ], [ -143.651481599999983, 66.6676769 ], [ -143.760040299999986, 66.6676769 ], [ -143.7599926, 66.6388111 ] ] ] ] } },
{ "type": "Feature", "properties": { "certificate_number": 683, "entity": "ALUTIIQ", "certificate_name": "Alutiiq Power Company", "certificate_url": "https://rca.alaska.gov/RCAWeb/Certificate/CertificateDetails.aspx?id=e93880cc-847c-4232-9af1-be919326dd6f", "certificate_granted_year": 2003, "certificate_last_update_date": "2003-07-16", "certificate_last_update_order": "U-03-028(1)", "certificate_last_update_type": "Certificate Granted", "geometry_last_update": "2003-07-16", "geometry_is_current": true, "geometry_cert_sync_status": "up_to_date" }, "geometry": { "type": "MultiPolygon", "coordinates": [ [ [ [ -154.453184099999987, 57.583498 ], [ -154.519428299999987, 57.583501800000015 ], [ -154.519409199999984, 57.5545979 ], [ -154.453088799999989, 57.5545979 ], [ -154.385879499999987, 57.554594 ], [ -154.3859196, 57.583498 ], [ -154.453184099999987, 57.583498 ] ] ] ] } },
{ "type": "Feature", "properties": { "certificate_number": 684, "entity": "TAG", "certificate_name": "TDX Adak Generating, LLC", "certificate_url": "https://rca.alaska.gov/RCAWeb/Certificate/CertificateDetails.aspx?id=6d5f6d02-5f39-4dd5-bf30-7c0f60b81db2", "certificate_granted_year": 2003, "certificate_last_update_date": "2010-06-17", "certificate_last_update_order": "U-08-131(5)", "certificate_last_update_type": "Transfer", "geometry_last_update": "2010-06-17", "geometry_is_current": true, "geometry_cert_sync_status": "up_to_date" }, "geometry": { "type": "MultiPolygon", "coordinates": [ [ [ [ -176.745647, 51.8091264 ], [ -176.669806599999987, 51.8091305 ], [ -176.6056347, 51.8091339 ], [ -176.605646799999988, 51.8959192 ], [ -176.5357766, 51.895923 ], [ -176.4656367, 51.8959266 ], [ -176.465648499999986, 51.9827107 ], [ -176.5417812, 51.9827057 ], [ -176.6115175, 51.9826995 ], [ -176.675929199999985, 51.9826977 ], [ -176.745652799999988, 51.9826971 ], [ -176.745647, 51.8091264 ] ] ] ] } },
{ "type": "Feature", "properties": { "certificate_number": 686, "entity": "CBE", "certificate_name": "Chenega Bay IRA Village Council d/b/a Chenega Electrical", "certificate_url": "https://rca.alaska.gov/RCAWeb/Certificate/CertificateDetails.aspx?id=0ca82093-5ede-46dd-bca6-e1a90e37ed15", "certificate_granted_year": 2003, "certificate_last_update_date": "2003-08-25", "certificate_last_update_order": "U-03-040(1)", "certificate_last_update_type": "Certificate Granted", "geometry_last_update": "2003-08-25", "geometry_is_current": true, "geometry_cert_sync_status": "up_to_date" }, "geometry": { "type": "MultiPolygon", "coordinates": [ [ [ [ -148.0995407, 60.0396137 ], [ -148.027349499999985, 60.0396175 ], [ -147.9840336, 60.0396214 ], [ -147.9840355, 60.054067599999989 ], [ -147.956567799999988, 60.054067599999989 ], [ -147.9566994, 60.0829678 ], [ -148.0346394, 60.0829601 ], [ -148.099693299999984, 60.0829563 ], [ -148.0995407, 60.0396137 ] ] ] ] } },
{ "type": "Feature", "properties": { "certificate_number": 687, "entity": "KOYUKUK", "certificate_name": "City of Koyukuk", "certificate_url": "https://rca.alaska.gov/RCAWeb/Certificate/CertificateDetails.aspx?id=a4d52d54-8efc-44f0-9987-0c5b37850e7f", "certificate_granted_year": 2003, "certificate_last_update_date": "2003-08-18", "certificate_last_update_order": "U-03-047(1)", "certificate_last_update_type": "Initial", "geometry_last_update": "2003-08-18", "geometry_is_current": true, "geometry_cert_sync_status": "up_to_date" }, "geometry": { "type": "MultiPolygon", "coordinates": [ [ [ [ -157.747388799999982, 64.8598919 ], [ -157.714323, 64.8598919 ], [ -157.7144146, 64.8743267 ], [ -157.6465054, 64.8743267 ], [ -157.6466179, 64.9031963 ], [ -157.612627, 64.9032001 ], [ -157.612665199999981, 64.917635 ], [ -157.672180199999985, 64.9176311 ], [ -157.7473946, 64.9176311 ], [ -157.747388799999982, 64.8598919 ] ] ] ] } },
{ "type": "Feature", "properties": { "certificate_number": 701, "entity": "ELFIN COVE", "certificate_name": "Elfin Cove Utility Company, Elfin Cove Community Council d/b/a", "certificate_url": "https://rca.alaska.gov/RCAWeb/Certificate/CertificateDetails.aspx?id=7a0c9013-bfd5-4bc8-9b39-d7d6ad9b1c6c", "certificate_granted_year": 2004, "certificate_last_update_date": "2004-03-19", "certificate_last_update_order": "U-04-010(1)", "certificate_last_update_type": "Certificate Granted", "geometry_last_update": "2004-03-19", "geometry_is_current": true, "geometry_cert_sync_status": "up_to_date" }, "geometry": { "type": "MultiPolygon", "coordinates": [ [ [ [ -136.357385599999986, 58.1917896 ], [ -136.3300209, 58.1917896 ], [ -136.3300209, 58.2062435 ], [ -136.357397099999986, 58.2062397 ], [ -136.357385599999986, 58.1917896 ] ] ] ] } },
{ "type": "Feature", "properties": { "certificate_number": 704, "entity": "CHENA", "certificate_name": "CHENA POWER COMPANY", "certificate_url": "https://rca.alaska.gov/RCAWeb/Certificate/CertificateDetails.aspx?id=fbf9ead6-c81c-42fd-be6d-42e4e7ae03ab", "certificate_granted_year": 2005, "certificate_last_update_date": "2005-06-22", "certificate_last_update_order": "U-04-082(1)", "certificate_last_update_type": "Initial", "geometry_last_update": "2005-06-22", "geometry_is_current": true, "geometry_cert_sync_status": "up_to_date" }, "geometry": { "type": "MultiPolygon", "coordinates": [ [ [ [ -146.0480198, 65.0554779 ], [ -146.0480335, 65.0655822 ], [ -146.0651322, 65.065582 ], [ -146.0651033, 65.0511477 ], [ -146.0158054, 65.0511485 ], [ -146.015866099999982, 65.0554942 ], [ -146.0480198, 65.0554779 ] ] ] ] } },
{ "type": "Feature", "properties": { "certificate_number": 709, "entity": "STEVENS", "certificate_name": "Stevens Village IRA d/b/a Stevens Village Energy Systems", "certificate_url": "https://rca.alaska.gov/RCAWeb/Certificate/CertificateDetails.aspx?id=52c7b78a-ed52-4fd1-95aa-d18752a9274c", "certificate_granted_year": 2006, "certificate_last_update_date": "2007-03-22", "certificate_last_update_order": "U-06-039(3)", "certificate_last_update_type": "Certificate Granted", "geometry_last_update": "2006-10-09", "geometry_is_current": false, "geometry_cert_sync_status": "outdated" }, "geometry": { "type": "MultiPolygon", "coordinates": [ [ [ [ -149.091605900000019, 66.0181258 ], [ -149.0916315, 66.0217333 ], [ -149.1261141, 66.0217333 ], [ -149.126112799999987, 66.0109092 ], [ -149.1088088, 66.0109092 ], [ -149.1088088, 66.003694 ], [ -149.0915039, 66.0036934 ], [ -149.091452799999985, 65.9964776 ], [ -149.0560141, 65.9964776 ], [ -149.0560961, 66.01091 ], [ -149.073830499999985, 66.01091 ], [ -149.073830499999985, 66.0181266 ], [ -149.091605900000019, 66.0181258 ] ] ] ] } },
{ "type": "Feature", "properties": { "certificate_number": 720, "entity": "DU", "certificate_name": "DOYON UTILITIES, LLC - ELECTRIC UTILITY - FORT GREELY", "certificate_url": "https://rca.alaska.gov/RCAWeb/Certificate/CertificateDetails.aspx?id=50f25748-3b3b-4900-bf16-7eaf22450a1f", "certificate_granted_year": 2008, "certificate_last_update_date": "2008-09-29", "certificate_last_update_order": "U-08-017(3)", "certificate_last_update_type": "Certificate Granted", "geometry_last_update": "2008-09-29", "geometry_is_current": true, "geometry_cert_sync_status": "up_to_date" }, "geometry": { "type": "MultiPolygon", "coordinates": [ [ [ [ -145.657266599999986, 63.9550343 ], [ -145.6613922, 63.9571819 ], [ -145.6628265, 63.9599133 ], [ -145.662813199999988, 63.9609318 ], [ -145.6647587, 63.9616299 ], [ -145.6805382, 63.9702778 ], [ -145.681242, 63.9727955 ], [ -145.6843719, 63.9770298 ], [ -145.689956699999982, 63.9803562 ], [ -145.6916027, 63.9829502 ], [ -145.6954193, 63.9893551 ], [ -145.6947994, 63.9902096 ], [ -145.6947956, 63.9905872 ], [ -145.6986561, 63.9955158 ], [ -145.7003555, 63.9966412 ], [ -145.7002163, 63.9983006 ], [ -145.7004871, 64.003599200000011 ], [ -145.701110799999981, 64.0063267 ], [ -145.703044899999981, 64.0084171 ], [ -145.705709499999983, 64.0110989 ], [ -145.706319799999989, 64.0118237 ], [ -145.7061195, 64.0118237 ], [ -145.7075558, 64.0146961 ], [ -145.715274800000032, 64.0208569 ], [ -145.7151451, 64.0216045 ], [ -145.7175846, 64.022356 ], [ -145.7208824, 64.0229511 ], [ -145.724472, 64.024622 ], [ -145.725538299999982, 64.0224895 ], [ -145.730093, 64.0118237 ], [ -145.730224599999985, 64.0118237 ], [ -145.7329464, 64.0084248 ], [ -145.7412529, 63.9986897 ], [ -145.742113099999983, 63.9943333 ], [ -145.7420845, 63.992178 ], [ -145.7401333, 63.98242 ], [ -145.743909799999983, 63.9781055 ], [ -145.746465699999987, 63.9739475 ], [ -145.7532845, 63.9679737 ], [ -145.763759599999986, 63.9579563 ], [ -145.7655277, 63.9540768 ], [ -145.7653542, 63.9540768 ], [ -145.7723198, 63.939642 ], [ -145.7146454, 63.939642 ], [ -145.649814599999985, 63.939642 ], [ -145.6499004, 63.9540768 ], [ -145.650173199999983, 63.9540768 ], [ -145.6525135, 63.9544353 ], [ -145.657266599999986, 63.9550343 ] ] ] ] } },
{ "type": "Feature", "properties": { "certificate_number": 724, "entity": "DU", "certificate_name": "DOYON UTILITIES, LLC - ELECTRIC UTILITY - FORT RICHARDSON", "certificate_url": "https://rca.alaska.gov/RCAWeb/Certificate/CertificateDetails.aspx?id=ecf96590-0eb9-4a95-9b52-b369947b24a5", "certificate_granted_year": 2008, "certificate_last_update_date": "2009-11-16", "certificate_last_update_order": "U-09-043(2)", "certificate_last_update_type": "Amendment", "geometry_last_update": "2009-11-16", "geometry_is_current": true, "geometry_cert_sync_status": "up_to_date" }, "geometry": { "type": "MultiPolygon", "coordinates": [ [ [ [ -149.5236454, 61.1157207 ], [ -149.5311069, 61.1157207 ], [ -149.531086, 61.1121082 ], [ -149.523624399999989, 61.1121082 ], [ -149.5236454, 61.1157207 ] ] ], [ [ [ -149.5742435, 61.144598 ], [ -149.5817127, 61.144598 ], [ -149.581707, 61.1409893 ], [ -149.5742378, 61.1409893 ], [ -149.5742435, 61.144598 ] ] ], [ [ [ -149.7487679, 61.3277836 ], [ -149.754238099999981, 61.3274975 ], [ -149.755815499999983, 61.3274822 ], [ -149.7564964, 61.327383 ], [ -149.7594967, 61.3273716 ], [ -149.7616405, 61.3275509 ], [ -149.7630653, 61.3275433 ], [ -149.7642918, 61.3277378 ], [ -149.7670326, 61.3278217 ], [ -149.769645699999984, 61.3276234 ], [ -149.771213499999988, 61.3277493 ], [ -149.773624399999989, 61.327825499999989 ], [ -149.7768021, 61.3276844 ], [ -149.7770157, 61.3274097 ], [ -149.7775249, 61.3273449 ], [ -149.7783413, 61.3273258 ], [ -149.778274499999981, 61.2962742 ], [ -149.748252899999983, 61.2962742 ], [ -149.7481899, 61.2416286 ], [ -149.73452, 61.2417011 ], [ -149.7345276, 61.240427 ], [ -149.713159599999983, 61.2404423 ], [ -149.713146199999983, 61.239172 ], [ -149.703535099999982, 61.2391605 ], [ -149.703538899999984, 61.2385082 ], [ -149.703645699999981, 61.2385082 ], [ -149.7036266, 61.2352238 ], [ -149.711101499999984, 61.2326298 ], [ -149.7110558, 61.2240658 ], [ -149.714056, 61.2240658 ], [ -149.7155952, 61.2225475 ], [ -149.7159939, 61.2223721 ], [ -149.7164268, 61.222307199999989 ], [ -149.7182159, 61.2223148 ], [ -149.718212099999988, 61.166296 ], [ -149.673364599999985, 61.166292199999987 ], [ -149.611625700000019, 61.166292199999987 ], [ -149.611618, 61.1626835 ], [ -149.604143099999987, 61.1626835 ], [ -149.604135499999984, 61.159071 ], [ -149.596662499999979, 61.159071 ], [ -149.5966492, 61.1518497 ], [ -149.5891762, 61.1518497 ], [ -149.5891705, 61.148241 ], [ -149.581764199999981, 61.148241 ], [ -149.5817585, 61.1446323 ], [ -149.574228299999987, 61.1446323 ], [ -149.574218799999983, 61.137411099999987 ], [ -149.566751499999981, 61.137411099999987 ], [ -149.566747699999979, 61.1337986 ], [ -149.559284199999979, 61.1337986 ], [ -149.5592804, 61.1301594 ], [ -149.551815, 61.1301632 ], [ -149.5518188, 61.1373844 ], [ -149.559284199999979, 61.1373806 ], [ -149.559284199999979, 61.137411099999987 ], [ -149.5368824, 61.137411099999987 ], [ -149.5368824, 61.1373806 ], [ -149.5517597, 61.1373806 ], [ -149.551755899999989, 61.130155599999988 ], [ -149.5518284, 61.130155599999988 ], [ -149.551826500000033, 61.126546899999987 ], [ -149.5443611, 61.126546899999987 ], [ -149.5443478, 61.1301594 ], [ -149.5443459, 61.1229687 ], [ -149.5368805, 61.1229687 ], [ -149.5368805, 61.1157475 ], [ -149.523613, 61.1157475 ], [ -149.5235748, 61.1085262 ], [ -149.508653600000031, 61.1085262 ], [ -149.508688, 61.1157475 ], [ -149.502201099999979, 61.1157513 ], [ -149.5021667, 61.1186886 ], [ -149.5022392, 61.1208096 ], [ -149.5025349, 61.1229725 ], [ -149.502454799999981, 61.1229725 ], [ -149.502615, 61.123148 ], [ -149.5027409, 61.124506 ], [ -149.5034885, 61.1253262 ], [ -149.5053024, 61.1260128 ], [ -149.5068703, 61.1263599 ], [ -149.507858299999981, 61.1268406 ], [ -149.5087433, 61.1271038 ], [ -149.5087433, 61.127142 ], [ -149.5116653, 61.1280079 ], [ -149.520853, 61.1290836 ], [ -149.5229244, 61.1293926 ], [ -149.5238934, 61.129571899999988 ], [ -149.527174, 61.1305752 ], [ -149.52995869999998, 61.1320057 ], [ -149.5311337, 61.1329403 ], [ -149.5322018, 61.1341991 ], [ -149.5325623, 61.135168099999987 ], [ -149.53269, 61.1360073 ], [ -149.532383, 61.137411099999987 ], [ -149.5323601, 61.137411099999987 ], [ -149.5321121, 61.1379299 ], [ -149.531290100000035, 61.1389179 ], [ -149.527830099999989, 61.1422367 ], [ -149.525781599999988, 61.144022 ], [ -149.5237713, 61.1454792 ], [ -149.5238819, 61.1662998 ], [ -149.5388298, 61.166296 ], [ -149.5388374, 61.238493 ], [ -149.52408029999998, 61.2384892 ], [ -149.524086, 61.2529316 ], [ -149.5388374, 61.2529354 ], [ -149.5388374, 61.2529469 ], [ -149.5241776, 61.252943 ], [ -149.524101299999984, 61.2600269 ], [ -149.5388374, 61.259985 ], [ -149.5388355, 61.281839399999988 ], [ -149.5763435, 61.2818356 ], [ -149.6288509, 61.2818356 ], [ -149.628894799999983, 61.296278 ], [ -149.6889439, 61.296278 ], [ -149.6890163, 61.3107166 ], [ -149.74827, 61.3107166 ], [ -149.748291, 61.327837 ], [ -149.7487679, 61.3277836 ] ], [ [ -149.566766699999988, 61.1518536 ], [ -149.566759099999985, 61.1446323 ], [ -149.5668201, 61.1446323 ], [ -149.5668278, 61.1518536 ], [ -149.566766699999988, 61.1518536 ] ] ] ] } },
{ "type": "Feature", "properties": { "certificate_number": 726, "entity": "DU", "certificate_name": "DOYON UTILITIES, LLC - ELECTRIC UTILITY - FORT WAINWRIGHT", "certificate_url": "https://rca.alaska.gov/RCAWeb/Certificate/CertificateDetails.aspx?id=c89cf393-1bf6-483d-a777-e9af4b204710", "certificate_granted_year": 2008, "certificate_last_update_date": "2013-06-17", "certificate_last_update_order": "U-08-019(3EE)", "certificate_last_update_type": "Amendment", "geometry_last_update": "2013-06-17", "geometry_is_current": true, "geometry_cert_sync_status": "up_to_date" }, "geometry": { "type": "MultiPolygon", "coordinates": [ [ [ [ -145.8342625, 63.4632129 ], [ -145.760946099999984, 63.4632144 ], [ -145.7609635, 63.4776521 ], [ -145.8521654, 63.4776503 ], [ -145.8495255, 63.4748366 ], [ -145.845229, 63.4695287 ], [ -145.8342625, 63.4632129 ] ] ], [ [ [ -145.786504399999984, 63.5281825 ], [ -145.802587, 63.5282151 ], [ -145.802586600000012, 63.5281223 ], [ -145.8578885, 63.5281658 ], [ -145.856942, 63.5274326 ], [ -145.855755099999982, 63.5255243 ], [ -145.854253799999981, 63.5242343 ], [ -145.853615599999983, 63.5219267 ], [ -145.85424949999998, 63.5209631 ], [ -145.854174199999989, 63.5209631 ], [ -145.8557423, 63.5169643 ], [ -145.8565288, 63.5155773 ], [ -145.8575822, 63.5140976 ], [ -145.858746199999985, 63.5130887 ], [ -145.859491199999979, 63.5112703 ], [ -145.8601018, 63.5105172 ], [ -145.8605115, 63.509038 ], [ -145.8604116, 63.5065254 ], [ -145.8605111, 63.5065254 ], [ -145.860483500000015, 63.5020764 ], [ -145.8608954, 63.5011694 ], [ -145.8609332, 63.5007425 ], [ -145.8613377, 63.5004428 ], [ -145.8610979, 63.4998576 ], [ -145.859925799999985, 63.4962538 ], [ -145.860258499999986, 63.4953425 ], [ -145.8599046, 63.4934282 ], [ -145.8593113, 63.4920878 ], [ -145.786337299999985, 63.492089299999989 ], [ -145.7863351, 63.5209645 ], [ -145.786476, 63.5209645 ], [ -145.786504399999984, 63.5281825 ] ] ], [ [ [ -147.0494512, 63.8241227 ], [ -147.0493526, 63.8235864 ], [ -147.048964, 63.822949699999988 ], [ -147.0492223, 63.8218671 ], [ -147.049717499999986, 63.8216045 ], [ -147.0495876, 63.820789499999989 ], [ -147.0501951, 63.820056099999988 ], [ -147.050256599999983, 63.8193451 ], [ -147.049293799999987, 63.8183964 ], [ -147.049432599999989, 63.8183691 ], [ -147.049152699999979, 63.8176284 ], [ -147.0490791, 63.8165781 ], [ -147.0494613, 63.8149764 ], [ -147.0492413, 63.8145392 ], [ -147.0492408, 63.813635 ], [ -147.048959199999985, 63.8130033 ], [ -147.0479068, 63.8124311 ], [ -147.0480641, 63.8117722 ], [ -147.0486713, 63.8110388 ], [ -147.047500899999989, 63.8105088 ], [ -147.047399399999989, 63.8100282 ], [ -147.047748, 63.8085674 ], [ -147.0477247, 63.807759 ], [ -147.0473812, 63.8069341 ], [ -147.046132, 63.8058293 ], [ -147.0465029, 63.8042749 ], [ -147.0460249, 63.80356 ], [ -146.875839, 63.7844052 ], [ -146.87583859999998, 63.7844524 ], [ -146.3556666, 63.7230765 ], [ -146.351618, 63.7230765 ], [ -146.351616899999982, 63.7225906 ], [ -146.125293699999986, 63.6952373 ], [ -146.125292400000035, 63.6942039 ], [ -146.1168073, 63.694204 ], [ -145.9987132, 63.679768 ], [ -145.9965817, 63.679768 ], [ -145.9965808, 63.6795064 ], [ -145.888847299999981, 63.6662419 ], [ -145.8887152, 63.6662417 ], [ -145.884906199999989, 63.671944399999987 ], [ -145.883401, 63.6734837 ], [ -145.8824378, 63.6746233 ], [ -145.8822197, 63.6761848 ], [ -145.8828772, 63.6776985 ], [ -145.88426339999998, 63.6789181 ], [ -145.8858435, 63.6817692 ], [ -145.887873, 63.6841679 ], [ -145.890647, 63.6893246 ], [ -145.8914768, 63.6906092 ], [ -145.8918294, 63.6920587 ], [ -145.891275899999982, 63.6928868 ], [ -145.8885984, 63.6942072 ], [ -145.888816, 63.6942072 ], [ -145.8852359, 63.6954754 ], [ -145.882799799999987, 63.696996 ], [ -145.8832246, 63.7006427 ], [ -145.8809544, 63.7036344 ], [ -145.878621899999985, 63.7047792 ], [ -145.874411800000019, 63.7059491 ], [ -145.869922299999985, 63.708121 ], [ -145.8680641, 63.7100588 ], [ -145.8670445, 63.7115825 ], [ -145.861643, 63.716881 ], [ -145.8613876, 63.7179581 ], [ -145.8641218, 63.7195086 ], [ -145.8653792, 63.7214346 ], [ -145.8643208, 63.7240916 ], [ -145.8630508, 63.7255483 ], [ -145.8625759, 63.7273521 ], [ -145.856490899999983, 63.7340922 ], [ -145.85648759999998, 63.7375194 ], [ -145.8557042, 63.741802 ], [ -145.854576899999984, 63.743775199999988 ], [ -145.8359562, 63.7478475 ], [ -145.8150426, 63.7545901 ], [ -145.812116299999985, 63.7574822 ], [ -145.809848, 63.7587147 ], [ -145.8052169, 63.7615135 ], [ -145.7994698, 63.7628098 ], [ -145.783544799999987, 63.7627003 ], [ -145.7715325, 63.766395 ], [ -145.770541, 63.766395 ], [ -145.7705422, 63.7668639 ], [ -145.7594407, 63.7751968 ], [ -145.7547552, 63.7788394 ], [ -145.7538716, 63.7808322 ], [ -145.674749599999984, 63.7808336 ], [ -145.585475600000024, 63.7808351 ], [ -145.5867644, 63.7821288 ], [ -145.5861574, 63.7827309 ], [ -145.5854699, 63.7851096 ], [ -145.5865412, 63.7873962 ], [ -145.5867629, 63.7891262 ], [ -145.585902399999981, 63.7906046 ], [ -145.5852844, 63.7932417 ], [ -145.5842663, 63.794266 ], [ -145.5839585, 63.7953301 ], [ -145.5841495, 63.7961678 ], [ -145.5840743, 63.796927 ], [ -145.584849, 63.7982428 ], [ -145.584859, 63.7997064 ], [ -145.5844607, 63.8010836 ], [ -145.584543, 63.8022969 ], [ -145.5859896, 63.8042865 ], [ -145.5860566, 63.8050536 ], [ -145.5872789, 63.805822 ], [ -145.5871857, 63.8066437 ], [ -145.585671, 63.8073857 ], [ -145.582755599999984, 63.8074766 ], [ -145.58092019999998, 63.8083279 ], [ -145.5810415, 63.8089072 ], [ -145.582744599999984, 63.8095117 ], [ -145.582261, 63.8101843 ], [ -145.581441399999989, 63.81052 ], [ -145.581224, 63.8112712 ], [ -145.5825189, 63.8117892 ], [ -145.5816965, 63.8126337 ], [ -145.5800936, 63.8131799 ], [ -145.5796071, 63.8143613 ], [ -145.5815251, 63.8147234 ], [ -145.5839604, 63.8147964 ], [ -145.5856693, 63.8143833 ], [ -145.586654, 63.814501899999989 ], [ -145.5862607, 63.8168338 ], [ -145.5879282, 63.8175635 ], [ -145.5887913, 63.8186732 ], [ -145.585096, 63.8218578 ], [ -145.5841647, 63.8230779 ], [ -145.585014299999983, 63.8241454 ], [ -145.5849416, 63.8241454 ], [ -145.5847516, 63.8248017 ], [ -145.5838282, 63.8253702 ], [ -145.582559799999984, 63.8251207 ], [ -145.579411599999986, 63.8256473 ], [ -145.5782475, 63.8262977 ], [ -145.577744199999984, 63.8280348 ], [ -145.5760874, 63.828514399999989 ], [ -145.5745801, 63.8284775 ], [ -145.5725601, 63.8294615 ], [ -145.5707533, 63.8304575 ], [ -145.5705198, 63.8312113 ], [ -145.572231599999981, 63.8332125 ], [ -145.5711465, 63.833962699999987 ], [ -145.5691986, 63.8339487 ], [ -145.567489, 63.8342344 ], [ -145.5653094, 63.8350185 ], [ -145.563620899999989, 63.8360382 ], [ -145.565434, 63.8386996 ], [ -145.5632291, 63.839196 ], [ -145.5612945, 63.839135 ], [ -145.5602658, 63.8393157 ], [ -145.5596616, 63.8399021 ], [ -145.5611285, 63.8400799 ], [ -145.560962499999988, 63.8410249 ], [ -145.5604763, 63.8419519 ], [ -145.557792, 63.8422304 ], [ -145.5557047, 63.8430674 ], [ -145.5538307, 63.843916299999989 ], [ -145.551902, 63.844953 ], [ -145.550329300000016, 63.84663 ], [ -145.549810399999984, 63.8484141 ], [ -145.550139299999984, 63.8491483 ], [ -145.5508709, 63.8494883 ], [ -145.5508731, 63.8503938 ], [ -145.5499816, 63.8508095 ], [ -145.550187599999987, 63.8519663 ], [ -145.549881299999981, 63.8530192 ], [ -145.5499953, 63.8530192 ], [ -145.5510703, 63.8537815 ], [ -145.552205099999981, 63.8558494 ], [ -145.551932, 63.8567884 ], [ -145.5500458, 63.8573026 ], [ -145.54837569999998, 63.8574473 ], [ -145.5472259, 63.8576689 ], [ -145.547352400000022, 63.8587258 ], [ -145.548029, 63.8593842 ], [ -145.5489417, 63.8607239 ], [ -145.5490298, 63.86154 ], [ -145.5472749, 63.8623479 ], [ -145.5455609, 63.863015 ], [ -145.5461556, 63.8639551 ], [ -145.5463752, 63.865065 ], [ -145.5471675, 63.8664456 ], [ -145.5455772, 63.8685512 ], [ -145.543797, 63.869071399999989 ], [ -145.5421594, 63.870219899999988 ], [ -145.542395199999987, 63.8709012 ], [ -145.540598499999987, 63.8718499 ], [ -145.539645399999984, 63.872512099999987 ], [ -145.5365143, 63.8731947 ], [ -145.53553359999998, 63.873950699999988 ], [ -145.5339502, 63.8749114 ], [ -145.5316325, 63.875783 ], [ -145.531111899999985, 63.877567 ], [ -145.522740299999981, 63.8818927 ], [ -145.5224495, 63.8818927 ], [ -145.5176329, 63.8857786 ], [ -145.4971717, 63.8966494 ], [ -145.493831299999982, 63.8995149 ], [ -145.487544, 63.9013069 ], [ -145.4432158, 63.9107677 ], [ -145.4438825, 63.9107676 ], [ -145.4441305, 63.910939 ], [ -145.445758399999988, 63.9114342 ], [ -145.4469029, 63.9121168 ], [ -145.4489872, 63.914383 ], [ -145.4483769, 63.9152075 ], [ -145.446809299999984, 63.9161655 ], [ -145.4438453, 63.9175005 ], [ -145.4420145, 63.9191416 ], [ -145.4376178, 63.9213884 ], [ -145.435059600000017, 63.923417699999987 ], [ -145.433237, 63.9242 ], [ -145.430917099999988, 63.9250077 ], [ -145.428880199999981, 63.9260999 ], [ -145.4270205, 63.9267995 ], [ -145.42482769999998, 63.9278107 ], [ -145.420054, 63.929034 ], [ -145.4169532, 63.9295822 ], [ -145.4152995, 63.9299981 ], [ -145.4117339, 63.9307315 ], [ -145.485455299999984, 63.9507033 ], [ -145.4854556, 63.954075399999986 ], [ -145.5182905, 63.9540746 ], [ -145.5183089, 63.9685109 ], [ -145.5840134, 63.9685099 ], [ -145.5840657, 63.9829461 ], [ -145.6169349, 63.9829456 ], [ -145.617004399999985, 63.9973817 ], [ -145.649890299999981, 63.9973817 ], [ -145.649993099999989, 64.0145358 ], [ -145.6693463, 64.0208859 ], [ -145.6786549, 64.023407 ], [ -145.681566299999986, 64.0241638 ], [ -145.681566299999986, 64.0241857 ], [ -145.68458769999998, 64.024981 ], [ -145.684709699999985, 64.0249807 ], [ -145.6862581, 64.0253831 ], [ -145.7390926, 64.025348 ], [ -145.907347, 63.9851582 ], [ -145.916707299999985, 63.9829418 ], [ -145.916857599999986, 63.9829418 ], [ -146.3024093, 64.1128608 ], [ -146.30290309999998, 64.1128608 ], [ -146.3029033, 64.1130259 ], [ -146.7162506, 64.249974 ], [ -146.7162505, 64.2499207 ], [ -146.7216606, 64.2499099 ], [ -146.720815900000019, 64.2495881 ], [ -146.7198784, 64.2488864 ], [ -146.7200341, 64.2479032 ], [ -146.7204396, 64.2474197 ], [ -146.720832299999984, 64.2458708 ], [ -146.7211316, 64.2456037 ], [ -146.7210136, 64.2451559 ], [ -146.7213204, 64.2451407 ], [ -146.721445099999983, 64.2449153 ], [ -146.721589599999987, 64.2440947 ], [ -146.722179499999982, 64.243845 ], [ -146.7228442, 64.2434145 ], [ -146.723468699999984, 64.2431428 ], [ -146.723783, 64.2428162 ], [ -146.7237882, 64.2427747 ], [ -146.723757, 64.2427747 ], [ -146.72401, 64.2421035 ], [ -146.724471099999988, 64.2415628 ], [ -146.724591799999985, 64.2410862 ], [ -146.7244981, 64.2401773 ], [ -146.724704299999985, 64.2393632 ], [ -146.7269604, 64.2371951 ], [ -146.7269236, 64.2368163 ], [ -146.727385, 64.2364564 ], [ -146.7274995, 64.2357586 ], [ -146.729883799999982, 64.2343072 ], [ -146.7305335, 64.2331825 ], [ -146.730993, 64.2328101 ], [ -146.731884799999989, 64.2318064 ], [ -146.733701199999985, 64.2306837 ], [ -146.734440799999987, 64.2303419 ], [ -146.7363028, 64.2292779 ], [ -146.737209200000024, 64.228339 ], [ -146.7372361, 64.228339 ], [ -146.7367992, 64.2268216 ], [ -146.7364045, 64.2260544 ], [ -146.736786, 64.2245453 ], [ -146.737667099999982, 64.2236226 ], [ -146.7387616, 64.2227705 ], [ -146.7390226, 64.2217379 ], [ -146.738394299999982, 64.2205624 ], [ -146.7378029, 64.2197906 ], [ -146.7368246, 64.218719 ], [ -146.7369128, 64.217638 ], [ -146.7368142, 64.21693 ], [ -146.736961399999984, 64.2141046 ], [ -146.737056699999982, 64.2139033 ], [ -146.736946099999983, 64.2139033 ], [ -146.736493, 64.2130762 ], [ -146.736521499999981, 64.2124144 ], [ -146.736113599999982, 64.2118322 ], [ -146.7363839, 64.2084307 ], [ -146.7368739, 64.2067632 ], [ -146.7369314, 64.2053965 ], [ -146.7364206, 64.2040294 ], [ -146.7367528, 64.2030806 ], [ -146.7372878, 64.2020611 ], [ -146.738396, 64.2009685 ], [ -146.7396718, 64.1999442 ], [ -146.74052469999998, 64.1994675 ], [ -146.7403998, 64.1994675 ], [ -146.7409659, 64.1982978 ], [ -146.741750199999984, 64.1975716 ], [ -146.7425278, 64.1944908 ], [ -146.7428957, 64.1939487 ], [ -146.742636399999981, 64.1926725 ], [ -146.742687300000028, 64.1922105 ], [ -146.742553499999985, 64.1916414 ], [ -146.7426682, 64.1910038 ], [ -146.742503299999981, 64.1901921 ], [ -146.743799699999983, 64.1894501 ], [ -146.746094299999982, 64.1879033 ], [ -146.7476685, 64.1873036 ], [ -146.7488751, 64.1870998 ], [ -146.7514251, 64.1863841 ], [ -146.7524161, 64.1857012 ], [ -146.7521453, 64.1851256 ], [ -146.7521554, 64.1850316 ], [ -146.7521023, 64.1850316 ], [ -146.750736499999988, 64.1826707 ], [ -146.7496296, 64.1816556 ], [ -146.7501236, 64.1807113 ], [ -146.7504903, 64.1803243 ], [ -146.7509107, 64.1786558 ], [ -146.750198, 64.1769778 ], [ -146.7503954, 64.1763008 ], [ -146.7516003, 64.1757353 ], [ -146.7523687, 64.1750686 ], [ -146.753497200000027, 64.1744391 ], [ -146.7539461, 64.1737572 ], [ -146.754176699999988, 64.1730247 ], [ -146.7536308, 64.1720743 ], [ -146.753041199999984, 64.1716644 ], [ -146.751954, 64.1710298 ], [ -146.751500599999986, 64.1705959 ], [ -146.7515484, 64.1705959 ], [ -146.7512137, 64.1703154 ], [ -146.7525325, 64.1694256 ], [ -146.7525532, 64.168474 ], [ -146.751625599999983, 64.1678105 ], [ -146.75123739999998, 64.1667441 ], [ -146.750718799999987, 64.1661954 ], [ -146.751471, 64.1653509 ], [ -146.7526359, 64.1646673 ], [ -146.753582599999987, 64.1639504 ], [ -146.755453599999981, 64.1630393 ], [ -146.7568549, 64.16182 ], [ -146.7577776, 64.1611972 ], [ -146.7595284, 64.1603279 ], [ -146.7612198, 64.1596941 ], [ -146.7613197, 64.1596058 ], [ -146.761307099999982, 64.1561597 ], [ -146.762268399999982, 64.1561597 ], [ -146.7632815, 64.1554102 ], [ -146.7647648, 64.1538614 ], [ -146.767508099999986, 64.1520868 ], [ -146.769686899999982, 64.1503806 ], [ -146.770992399999983, 64.14953770000001 ], [ -146.772500399999984, 64.1483235 ], [ -146.7737803, 64.147146 ], [ -146.7743135, 64.1454567 ], [ -146.7742744, 64.1447404 ], [ -146.774654, 64.143663 ], [ -146.7757057, 64.1425223 ], [ -146.7754995, 64.1420362 ], [ -146.775428399999981, 64.1417237 ], [ -146.775238799999983, 64.1417237 ], [ -146.775028099999986, 64.1412994 ], [ -146.776521900000034, 64.1397034 ], [ -146.776170399999984, 64.1389247 ], [ -146.7766461, 64.1378995 ], [ -146.7789687, 64.1364858 ], [ -146.780212399999982, 64.1354495 ], [ -146.7809512, 64.1342463 ], [ -146.781342199999983, 64.1331218 ], [ -146.7824168, 64.1318869 ], [ -146.78555369999998, 64.1302738 ], [ -146.785836499999988, 64.1291442 ], [ -146.7863628, 64.1287882 ], [ -146.7853139, 64.1277382 ], [ -146.78574, 64.1264725 ], [ -146.7872089, 64.1249706 ], [ -146.788748199999986, 64.1231863 ], [ -146.7891859, 64.1218735 ], [ -146.7931792, 64.1202984 ], [ -146.794461, 64.118695 ], [ -146.79542859999998, 64.1178836 ], [ -146.798530199999988, 64.1168402 ], [ -146.80139939999998, 64.1149761 ], [ -146.8018004, 64.1128515 ], [ -146.802039, 64.1128515 ], [ -146.802177100000023, 64.1122983 ], [ -146.8027572, 64.1108495 ], [ -146.802914900000019, 64.1089043 ], [ -146.803704, 64.1061795 ], [ -146.8056848, 64.1043685 ], [ -146.8059806, 64.1036206 ], [ -146.8077241, 64.1023221 ], [ -146.80898879999998, 64.1011915 ], [ -146.808536, 64.0995032 ], [ -146.8079894, 64.0981914 ], [ -146.8070136, 64.0972879 ], [ -146.8063546, 64.0951136 ], [ -146.807304800000026, 64.0934919 ], [ -146.80904289999998, 64.091336 ], [ -146.810633, 64.0884588 ], [ -146.8109777, 64.0857606 ], [ -146.811606, 64.0845522 ], [ -146.8120111, 64.0839796 ], [ -146.811748599999987, 64.0839796 ], [ -146.8119811, 64.0830461 ], [ -146.812668, 64.0816024 ], [ -146.8128366, 64.0796102 ], [ -146.811432199999985, 64.079115 ], [ -146.810946799999982, 64.0779967 ], [ -146.811697, 64.0771751 ], [ -146.8122407, 64.0758674 ], [ -146.8147347, 64.0741761 ], [ -146.8162628, 64.0732961 ], [ -146.817097099999984, 64.0725737 ], [ -146.817127299999981, 64.0715751 ], [ -146.8153763, 64.0711587 ], [ -146.8152402, 64.0703903 ], [ -146.815486099999987, 64.0694019 ], [ -146.815865699999989, 64.068753200000018 ], [ -146.8164442, 64.0673044 ], [ -146.816720299999986, 64.0653174 ], [ -146.8173313, 64.0632987 ], [ -146.8185484, 64.0584033 ], [ -146.818524199999985, 64.0563074 ], [ -146.8177569, 64.0551074 ], [ -146.8175727, 64.0550589 ], [ -146.817160299999983, 64.0543379 ], [ -146.817321599999985, 64.0532502 ], [ -146.8170963, 64.0515252 ], [ -146.81722689999998, 64.0492457 ], [ -146.8160476, 64.046013800000011 ], [ -146.816517299999987, 64.0424992 ], [ -146.816292799999985, 64.040725 ], [ -146.816348299999987, 64.0406227 ], [ -146.816129, 64.0406227 ], [ -146.8160374, 64.0399986 ], [ -146.816891699999985, 64.0387534 ], [ -146.81777169999998, 64.0378428 ], [ -146.8168795, 64.0366099 ], [ -146.8160623, 64.0359521 ], [ -146.815446399999985, 64.0349229 ], [ -146.8158446, 64.0333205 ], [ -146.816845699999988, 64.0327988 ], [ -146.816629899999981, 64.0305981 ], [ -146.818433699999986, 64.0281599 ], [ -146.81925, 64.0266272 ], [ -146.8201412, 64.0256695 ], [ -146.8204333, 64.0244929 ], [ -146.8212327, 64.0221499 ], [ -146.8219527, 64.0215642 ], [ -146.82138580000003, 64.0212008 ], [ -146.821621300000032, 64.0170732 ], [ -146.8219575, 64.0152797 ], [ -146.820932199999987, 64.0137073 ], [ -146.8233802, 64.0112997 ], [ -146.8240674, 64.0102847 ], [ -146.825542600000034, 64.0091643 ], [ -146.827242, 64.0075783 ], [ -146.827856299999979, 64.006417 ], [ -146.8290318, 64.0051871 ], [ -146.827126599999986, 64.002335 ], [ -146.8297844, 64.0012707 ], [ -146.831936499999983, 64.0001976 ], [ -146.839736599999981, 63.9975522 ], [ -146.8400976, 63.997363 ], [ -146.8406507, 63.997363 ], [ -146.8429894, 63.9962777 ], [ -146.8481487, 63.9943316 ], [ -146.854946, 63.9910344 ], [ -146.8582702, 63.989906 ], [ -146.8761834, 63.9849743 ], [ -146.881769, 63.9832539 ], [ -146.8871187, 63.9818394 ], [ -146.890102, 63.9816465 ], [ -146.8956963, 63.9810051 ], [ -146.90399739999998, 63.9786338 ], [ -146.9107617, 63.9740952 ], [ -146.9129917, 63.9712005 ], [ -146.917196, 63.9684893 ], [ -146.917271199999988, 63.9684893 ], [ -146.9191998, 63.9649218 ], [ -146.919725199999988, 63.9636611 ], [ -146.921839399999982, 63.963903 ], [ -146.9223108, 63.9631124 ], [ -146.923423499999984, 63.962311 ], [ -146.9240945, 63.9613427 ], [ -146.925763099999983, 63.957607 ], [ -146.926628099999988, 63.9567484 ], [ -146.927242, 63.9550165 ], [ -146.927401600000024, 63.9540234 ], [ -146.9268179, 63.9528535 ], [ -146.9290643, 63.9507689 ], [ -146.9283273, 63.9497823 ], [ -146.92797, 63.9485754 ], [ -146.92954, 63.9464559 ], [ -146.9302947, 63.9459226 ], [ -146.9286459, 63.9437428 ], [ -146.931237899999985, 63.9436347 ], [ -146.93228449999998, 63.9433504 ], [ -146.9332852, 63.9432545 ], [ -146.933094899999986, 63.9428732 ], [ -146.9304625, 63.9423606 ], [ -146.9280162, 63.9421508 ], [ -146.926501699999989, 63.9421274 ], [ -146.9253168, 63.9416434 ], [ -146.925098, 63.9412047 ], [ -146.9271746, 63.9410056 ], [ -146.927045199999981, 63.9403439 ], [ -146.926399799999984, 63.9403681 ], [ -146.925707099999983, 63.9400431 ], [ -146.9247868, 63.9398095 ], [ -146.92462949999998, 63.9395641 ], [ -146.9246944, 63.9388531 ], [ -146.924943499999983, 63.9387219 ], [ -146.9270904, 63.938822599999988 ], [ -146.9285433, 63.9386527 ], [ -146.928113199999984, 63.9372996 ], [ -146.927369199999987, 63.9367886 ], [ -146.926380199999983, 63.9368375 ], [ -146.9256747, 63.936614 ], [ -146.925099599999982, 63.9363014 ], [ -146.9250841, 63.9359198 ], [ -146.9272152, 63.935638899999987 ], [ -146.9274144, 63.9352674 ], [ -146.9267663, 63.9348086 ], [ -146.926015, 63.934773299999989 ], [ -146.9249916, 63.9349634 ], [ -146.9245967, 63.934802 ], [ -146.9247345, 63.9342372 ], [ -146.9247608, 63.9332388 ], [ -146.924967399999986, 63.9323916 ], [ -146.9256188, 63.931946 ], [ -146.9269755, 63.931724 ], [ -146.927649799999983, 63.9311844 ], [ -146.9279484, 63.9299593 ], [ -146.929592099999979, 63.9298949 ], [ -146.930956899999984, 63.9305301 ], [ -146.9326855, 63.9305635 ], [ -146.9333096, 63.9297835 ], [ -146.9316301, 63.929525 ], [ -146.931534299999981, 63.9286054 ], [ -146.9317448, 63.9281868 ], [ -146.932147, 63.9278724 ], [ -146.9317206, 63.9271471 ], [ -146.930590599999988, 63.927133 ], [ -146.9296565, 63.92753 ], [ -146.9292523, 63.927347 ], [ -146.9291687, 63.9267331 ], [ -146.929983599999986, 63.9247244 ], [ -146.929289899999986, 63.9244538 ], [ -146.9281326, 63.9243043 ], [ -146.9276231, 63.9246137 ], [ -146.926760699999988, 63.9241448 ], [ -146.9281629, 63.9237345 ], [ -146.928323500000033, 63.9230756 ], [ -146.9281892, 63.9227361 ], [ -146.9266183, 63.922948 ], [ -146.926778899999988, 63.9222891 ], [ -146.926736399999982, 63.921573 ], [ -146.926111600000013, 63.9210201 ], [ -146.9259274, 63.9204402 ], [ -146.92663589999998, 63.9197593 ], [ -146.9283678, 63.9202214 ], [ -146.9301342, 63.9205422 ], [ -146.9315133, 63.9202261 ], [ -146.930543699999987, 63.9197522 ], [ -146.9298574, 63.9190059 ], [ -146.9284203, 63.9182245 ], [ -146.927420499999982, 63.9183204 ], [ -146.9262331, 63.9187407 ], [ -146.925961199999989, 63.918966 ], [ -146.925455199999988, 63.918371 ], [ -146.9255584, 63.9179474 ], [ -146.926355199999989, 63.9177944 ], [ -146.926853099999988, 63.917532099999988 ], [ -146.9255848, 63.916949 ], [ -146.9237453, 63.9158186 ], [ -146.923744199999987, 63.915360099999987 ], [ -146.9250937, 63.9154026 ], [ -146.9256145, 63.9150462 ], [ -146.925418899999983, 63.9145134 ], [ -146.924059, 63.9143067 ], [ -146.923388499999987, 63.913942 ], [ -146.9223194, 63.9129874 ], [ -146.9220895, 63.9125957 ], [ -146.922288499999979, 63.9122243 ], [ -146.9236328, 63.9120493 ], [ -146.924509699999987, 63.9115669 ], [ -146.9248733, 63.9109651 ], [ -146.9248555, 63.9107443 ], [ -146.9247967, 63.9107443 ], [ -146.9227845, 63.9094375 ], [ -146.923305199999987, 63.9090812 ], [ -146.9243391, 63.9088441 ], [ -146.9244424, 63.9084205 ], [ -146.923997899999989, 63.908018799999986 ], [ -146.9227416, 63.9073886 ], [ -146.92264179999998, 63.9069078 ], [ -146.922768, 63.906390099999989 ], [ -146.9244567, 63.9061362 ], [ -146.9257164, 63.9058621 ], [ -146.9259132, 63.9050543 ], [ -146.9278454, 63.9055811 ], [ -146.928136699999982, 63.9061661 ], [ -146.9292278, 63.9056936 ], [ -146.9313412, 63.9050311 ], [ -146.9320606, 63.9043032 ], [ -146.930838599999987, 63.9035318 ], [ -146.9308532, 63.9025804 ], [ -146.9311208, 63.9019265 ], [ -146.9321961, 63.9010725 ], [ -146.934983599999981, 63.9012032 ], [ -146.935098, 63.9007326 ], [ -146.9322836, 63.9002674 ], [ -146.9308556, 63.9003432 ], [ -146.9317279, 63.8994321 ], [ -146.9328457, 63.8992941 ], [ -146.934499499999987, 63.8991812 ], [ -146.9351729, 63.8986416 ], [ -146.932366, 63.8977007 ], [ -146.9339698, 63.8973475 ], [ -146.938661599999989, 63.8968162 ], [ -146.9389737, 63.8977249 ], [ -146.9384407, 63.8977601 ], [ -146.9394067, 63.8981736 ], [ -146.9417494, 63.8979025 ], [ -146.9438619, 63.8972398 ], [ -146.9446465, 63.8971337 ], [ -146.9448089, 63.8958065 ], [ -146.9453016, 63.8958181 ], [ -146.947696399999984, 63.8961817 ], [ -146.947712199999984, 63.8965632 ], [ -146.9475066, 63.8974104 ], [ -146.9478439, 63.897807 ], [ -146.9502023, 63.8979174 ], [ -146.9523375, 63.8971604 ], [ -146.9516169, 63.8965555 ], [ -146.94884829999998, 63.8959024 ], [ -146.9479021, 63.8953345 ], [ -146.948050599999988, 63.894722599999987 ], [ -146.9491682, 63.8945845 ], [ -146.950561599999986, 63.894649699999988 ], [ -146.950710499999985, 63.894036 ], [ -146.9510387, 63.8935772 ], [ -146.952021699999989, 63.8930996 ], [ -146.952920399999982, 63.8925228 ], [ -146.9511326, 63.8922964 ], [ -146.950268199999982, 63.8927319 ], [ -146.9497208, 63.8927539 ], [ -146.9495215, 63.8917972 ], [ -146.9519458, 63.8916998 ], [ -146.9533701, 63.8911158 ], [ -146.953124, 63.8903427 ], [ -146.9530308, 63.8893863 ], [ -146.9536017, 63.887032 ], [ -146.95478559999998, 63.8870873 ], [ -146.9556306, 63.8876039 ], [ -146.956526599999989, 63.8879314 ], [ -146.9574911, 63.8879765 ], [ -146.9579267, 63.8875208 ], [ -146.957251899999989, 63.886727699999987 ], [ -146.95642909999998, 63.8862802 ], [ -146.956429, 63.8862491 ], [ -146.9559429, 63.886209 ], [ -146.95390070000002, 63.884905 ], [ -146.9554966, 63.8850272 ], [ -146.95749379999998, 63.884835 ], [ -146.9586908, 63.884367399999988 ], [ -146.9608863, 63.8838036 ], [ -146.9613741, 63.882684 ], [ -146.9625235, 63.881871 ], [ -146.961394399999989, 63.881871 ], [ -146.960052, 63.8814322 ], [ -146.958180500000026, 63.8811067 ], [ -146.9582399, 63.879967099999988 ], [ -146.9587005, 63.878513 ], [ -146.9616294, 63.8776028 ], [ -146.9618232, 63.8768026 ], [ -146.964115900000024, 63.8753866 ], [ -146.9677989, 63.874939899999987 ], [ -146.9697157, 63.875077 ], [ -146.9743617, 63.8745379 ], [ -146.976894499999986, 63.8745076 ], [ -146.977837600000015, 63.8737424 ], [ -146.9803971, 63.8733613 ], [ -146.981964799999986, 63.8736968 ], [ -146.9822197, 63.8730899 ], [ -146.985338899999988, 63.8722834 ], [ -146.9877358, 63.8717762 ], [ -146.9895467, 63.8710038 ], [ -146.991086599999988, 63.8704568 ], [ -146.9925307, 63.8698576 ], [ -146.9945329, 63.8691893 ], [ -146.9960562, 63.8682606 ], [ -146.9966785, 63.866576099999989 ], [ -146.996679699999987, 63.8656718 ], [ -146.9977682, 63.8651989 ], [ -146.998248099999984, 63.8645549 ], [ -146.9978323, 63.8635836 ], [ -146.9980136, 63.8628305 ], [ -146.998094, 63.8615968 ], [ -146.9979037, 63.8605884 ], [ -146.998575, 63.8600485 ], [ -147.0008914, 63.859870699999988 ], [ -147.0034962, 63.8598646 ], [ -147.0048294, 63.8610532 ], [ -147.006633099999988, 63.8607563 ], [ -147.008070299999986, 63.8606327 ], [ -147.0083698, 63.8598375 ], [ -147.009013, 63.8589631 ], [ -147.008895400000029, 63.8581009 ], [ -147.0104848, 63.857794 ], [ -147.0108746, 63.8566222 ], [ -147.0115682, 63.8559881 ], [ -147.014047799999986, 63.8555797 ], [ -147.0157386, 63.8548491 ], [ -147.017017899999985, 63.8544801 ], [ -147.018731200000019, 63.8536553 ], [ -147.019016599999986, 63.8529967 ], [ -147.018843700000019, 63.8529967 ], [ -147.0217294, 63.850592299999988 ], [ -147.0218653, 63.8505167 ], [ -147.0228177, 63.8497042 ], [ -147.0244629, 63.8491618 ], [ -147.0257025, 63.8485053 ], [ -147.0305473, 63.8472545 ], [ -147.035504399999979, 63.8455327 ], [ -147.036405600000023, 63.8444798 ], [ -147.038613400000031, 63.8433922 ], [ -147.0400999, 63.8407959 ], [ -147.0433715, 63.8393291 ], [ -147.045224, 63.8383678 ], [ -147.0457753, 63.8369656 ], [ -147.0471938, 63.8355558 ], [ -147.049405899999982, 63.8339924 ], [ -147.0496981, 63.832768599999987 ], [ -147.0502941, 63.831178 ], [ -147.050552499999981, 63.8300954 ], [ -147.050276, 63.8289881 ], [ -147.0488905, 63.8275439 ], [ -147.049582599999979, 63.8269096 ], [ -147.0498297, 63.8258741 ], [ -147.0497672, 63.8247766 ], [ -147.049533699999984, 63.8241227 ], [ -147.0494512, 63.8241227 ] ], [ [ -145.7430636, 63.8241428 ], [ -145.76342, 63.8241423 ], [ -145.7634081, 63.8674526 ], [ -145.779856, 63.8674522 ], [ -145.7798713, 63.8746505 ], [ -145.796167699999984, 63.8746831 ], [ -145.796167699999984, 63.8746689 ], [ -145.796225300000032, 63.8746533 ], [ -145.7963229, 63.9107619 ], [ -145.796151499999979, 63.9107619 ], [ -145.796437699999984, 63.9251985 ], [ -145.796373200000033, 63.939635 ], [ -145.7723236, 63.9396356 ], [ -145.7643278, 63.9560142 ], [ -145.762628299999989, 63.9589267 ], [ -145.7528366, 63.9680754 ], [ -145.747704, 63.97309 ], [ -145.747276299999982, 63.9733533 ], [ -145.7472754, 63.9730009 ], [ -145.7399144, 63.9824434 ], [ -145.740732300000019, 63.9891194 ], [ -145.741617599999984, 63.9905991 ], [ -145.7420469, 63.992912499999989 ], [ -145.7416579, 63.995038 ], [ -145.7409883, 63.9973822 ], [ -145.7414827, 63.9973822 ], [ -145.739336399999985, 64.0008745 ], [ -145.7357796, 64.0045442 ], [ -145.7326349, 64.0081371 ], [ -145.728837299999981, 64.0131811 ], [ -145.727842399999986, 64.0162755 ], [ -145.726498599999985, 64.0186828 ], [ -145.7260546, 64.0202329 ], [ -145.7245624, 64.0231569 ], [ -145.7243809, 64.0239048 ], [ -145.7241053, 64.0239907 ], [ -145.7222655, 64.0239376 ], [ -145.7200363, 64.02372 ], [ -145.7180358, 64.0230856 ], [ -145.7161829, 64.0226977 ], [ -145.714480899999984, 64.0220545 ], [ -145.7144808, 64.0219439 ], [ -145.7119947, 64.0209413 ], [ -145.7099823, 64.0192087 ], [ -145.706720900000022, 64.0180278 ], [ -145.7064948, 64.0161546 ], [ -145.707046199999979, 64.0153738 ], [ -145.7044841, 64.0136586 ], [ -145.701289, 64.0118183 ], [ -145.701777599999986, 64.0118183 ], [ -145.7025811, 64.0111685 ], [ -145.7011052, 64.0106103 ], [ -145.6997514, 64.009247700000017 ], [ -145.6991094, 64.0076856 ], [ -145.699541, 64.0061826 ], [ -145.698294299999986, 64.0052075 ], [ -145.697383799999983, 64.0038215 ], [ -145.7016705, 63.9994255 ], [ -145.698388699999981, 63.997382 ], [ -145.698136299999987, 63.9973819 ], [ -145.696966, 63.9961647 ], [ -145.6942185, 63.9943437 ], [ -145.6925445, 63.9925817 ], [ -145.690641199999988, 63.9916181 ], [ -145.6902686, 63.98988 ], [ -145.6909407, 63.9890582 ], [ -145.6906897, 63.986897299999988 ], [ -145.6907989, 63.9857583 ], [ -145.689756499999987, 63.983697 ], [ -145.689904899999988, 63.9831804 ], [ -145.6884449, 63.9821934 ], [ -145.686555199999987, 63.9815645 ], [ -145.6836199, 63.980782499999989 ], [ -145.682065699999981, 63.9801243 ], [ -145.6815614, 63.9798525 ], [ -145.6815614, 63.9796768 ], [ -145.680767399999979, 63.9789553 ], [ -145.6800174, 63.9785323 ], [ -145.6787807, 63.9767663 ], [ -145.6789718, 63.9747076 ], [ -145.679398, 63.9734884 ], [ -145.679560899999984, 63.9725431 ], [ -145.6792821, 63.9712396 ], [ -145.6779827, 63.9708339 ], [ -145.6758525, 63.9702869 ], [ -145.6671992, 63.9678052 ], [ -145.664133599999985, 63.9663475 ], [ -145.6616043, 63.9649194 ], [ -145.6593167, 63.963409299999988 ], [ -145.6583958, 63.9620701 ], [ -145.6563083, 63.9610003 ], [ -145.652841199999983, 63.9598064 ], [ -145.6500421, 63.959317399999989 ], [ -145.6496626, 63.959278399999988 ], [ -145.649545499999988, 63.9396367 ], [ -145.747194, 63.9396361 ], [ -145.747053599999987, 63.8818896 ], [ -145.71430239999998, 63.8818901 ], [ -145.7142658, 63.8530168 ], [ -145.7362063, 63.8530164 ], [ -145.7363303, 63.8508154 ], [ -145.736953799999981, 63.8476061 ], [ -145.7430636, 63.8241428 ] ] ], [ [ [ -146.5039248, 64.7768817 ], [ -146.504018699999989, 64.8130464 ], [ -146.637321, 64.8130181 ], [ -146.637321, 64.812939 ], [ -146.8383781, 64.8129617 ], [ -146.8383781, 64.8129809 ], [ -146.9569266, 64.8130084 ], [ -146.9569621, 64.805744 ], [ -147.0077158, 64.8057432 ], [ -147.0077614, 64.812893 ], [ -147.039436, 64.8130311 ], [ -147.039436, 64.812961899999976 ], [ -147.073156100000034, 64.8129638 ], [ -147.1071897, 64.8130024 ], [ -147.1071896, 64.8129487 ], [ -147.115863, 64.8129645 ], [ -147.1157364, 64.8057413 ], [ -147.115615599999984, 64.8057413 ], [ -147.1155565, 64.7768718 ], [ -147.1154253, 64.7768718 ], [ -147.1155564, 64.7226629 ], [ -147.1069546, 64.7226301 ], [ -147.106964299999987, 64.7263894 ], [ -147.098723899999982, 64.7263867 ], [ -147.0985272, 64.7335675 ], [ -147.098662499999989, 64.7335675 ], [ -147.098542399999985, 64.740805200000011 ], [ -147.0732152, 64.7407355 ], [ -147.073225, 64.7480027 ], [ -146.9902634, 64.7480041 ], [ -146.990501199999983, 64.7335693 ], [ -146.9902545, 64.7335693 ], [ -146.9902864, 64.7263186 ], [ -147.0072113, 64.7263171 ], [ -147.0072117, 64.7263834 ], [ -147.039427499999988, 64.7264162 ], [ -147.039427499999988, 64.7263888 ], [ -147.0731959, 64.7264015 ], [ -147.0731959, 64.7263755 ], [ -147.0901965, 64.7263834 ], [ -147.090204799999981, 64.7227216 ], [ -147.081750299999982, 64.7227296 ], [ -147.0817644, 64.7191329 ], [ -147.098480599999988, 64.7191326 ], [ -147.0984278, 64.715617 ], [ -147.106936499999989, 64.715642 ], [ -147.1069081, 64.7046976 ], [ -147.02394529999998, 64.704699 ], [ -146.939591799999988, 64.7047004 ], [ -146.939193, 64.6001152 ], [ -146.922495700000013, 64.6000667 ], [ -146.922517699999986, 64.5964403 ], [ -146.9055718, 64.5964498 ], [ -146.9055626, 64.5928609 ], [ -146.888744799999984, 64.592891 ], [ -146.8887346, 64.5892212 ], [ -146.8719549, 64.5892215 ], [ -146.8719501, 64.585647 ], [ -146.8551454, 64.5856529 ], [ -146.8551592, 64.5820235 ], [ -146.838355799999988, 64.5819874 ], [ -146.8383555, 64.5784175 ], [ -146.8216611, 64.5783661 ], [ -146.821621099999987, 64.5747872 ], [ -146.8052002, 64.5747875 ], [ -146.8051779, 64.5712159 ], [ -146.7883334, 64.5711856 ], [ -146.7883481, 64.567584 ], [ -146.7715833, 64.5675498 ], [ -146.7715651, 64.563931900000014 ], [ -146.754986, 64.5639826 ], [ -146.7551418, 64.5603532 ], [ -146.6960315, 64.560354 ], [ -146.645688, 64.5603547 ], [ -146.5872726, 64.5603556 ], [ -146.5369287, 64.5603564 ], [ -146.4781946, 64.5603573 ], [ -146.428170099999988, 64.5603581 ], [ -146.327686, 64.5603597 ], [ -146.327665699999983, 64.5640212 ], [ -146.3109299, 64.5639491 ], [ -146.310764399999982, 64.5675948 ], [ -146.30233149999998, 64.567570300000014 ], [ -146.3023316, 64.5676084 ], [ -146.294135399999988, 64.5676053 ], [ -146.294111, 64.5712457 ], [ -146.2772397, 64.5711553 ], [ -146.2772081, 64.5747957 ], [ -146.268770499999988, 64.5747958 ], [ -146.268775299999987, 64.5784237 ], [ -146.2519915, 64.5783677 ], [ -146.251919, 64.5820184 ], [ -146.235191499999985, 64.5820062 ], [ -146.2351919, 64.5857223 ], [ -146.218656200000027, 64.5856725 ], [ -146.218615299999982, 64.5892317 ], [ -146.202127, 64.589231900000016 ], [ -146.2021503, 64.5929503 ], [ -146.193906799999979, 64.5929341 ], [ -146.1939631, 64.5964779 ], [ -146.176805699999989, 64.5964701 ], [ -146.176760299999984, 64.6036672 ], [ -146.176800600000036, 64.6036672 ], [ -146.1773805, 64.690277 ], [ -146.177574199999981, 64.690277 ], [ -146.1782728, 64.7768862 ], [ -146.2605816, 64.776885 ], [ -146.3367012, 64.776884 ], [ -146.421278299999983, 64.7768828 ], [ -146.5039248, 64.7768817 ] ] ], [ [ [ -148.0417459, 64.3438024 ], [ -148.039984, 64.3437402 ], [ -148.0356108, 64.3428529 ], [ -148.034197399999982, 64.3408817 ], [ -148.0321276, 64.3395612 ], [ -148.0273574, 64.3386988 ], [ -148.02040359999998, 64.3383146 ], [ -148.016010699999981, 64.338143 ], [ -148.010959499999984, 64.3373819 ], [ -148.0099246, 64.3361015 ], [ -148.008396399999981, 64.3346891 ], [ -148.007872600000013, 64.3340229 ], [ -148.0078666, 64.3330578 ], [ -147.8414382, 64.3329531 ], [ -147.8414382, 64.3330401 ], [ -147.642894, 64.3330015 ], [ -147.642894, 64.333089 ], [ -147.4443483, 64.3328334 ], [ -147.4443483, 64.3330155 ], [ -147.2458005, 64.3329913 ], [ -147.0472555, 64.3328609 ], [ -147.0472555, 64.3330128 ], [ -146.9152795, 64.3329404 ], [ -146.9152796, 64.3329977 ], [ -146.902294399999988, 64.3329499 ], [ -146.903133, 64.3333181 ], [ -146.906928099999988, 64.334849 ], [ -146.9095721, 64.335762 ], [ -146.9122438, 64.3365632 ], [ -146.9151554, 64.3385046 ], [ -146.9120964, 64.339266 ], [ -146.909230899999983, 64.3392461 ], [ -146.9072314, 64.3399437 ], [ -146.909534799999989, 64.3411795 ], [ -146.9105207, 64.3424672 ], [ -146.9084657, 64.343388 ], [ -146.9075442, 64.3428937 ], [ -146.906167, 64.3438223 ], [ -146.904682, 64.3438223 ], [ -146.909463099999982, 64.3459463 ], [ -146.91324179999998, 64.3486053 ], [ -146.912605899999988, 64.3511726 ], [ -146.918054399999988, 64.3544733 ], [ -146.923816099999982, 64.3544012 ], [ -146.929108899999989, 64.3562266 ], [ -146.930908099999982, 64.3584548 ], [ -146.9338132, 64.3593793 ], [ -146.9347181, 64.3610017 ], [ -146.940863, 64.3646723 ], [ -146.945807400000035, 64.3658034 ], [ -146.948692699999981, 64.3669646 ], [ -146.948714099999989, 64.3726924 ], [ -146.953706399999987, 64.3726924 ], [ -146.9566854, 64.3746589 ], [ -146.9584221, 64.3760935 ], [ -146.9591284, 64.377592100000015 ], [ -146.9592242, 64.3813238 ], [ -146.958811699999984, 64.3829983 ], [ -146.9588339, 64.3847333 ], [ -146.9674502, 64.3882499 ], [ -146.968941, 64.3906892 ], [ -146.975112599999989, 64.3932303 ], [ -146.9776934, 64.3954937 ], [ -146.9838158, 64.3961129 ], [ -146.9919004, 64.3951281 ], [ -146.9975211, 64.3945948 ], [ -147.0068954, 64.3958133 ], [ -147.016134, 64.3975893 ], [ -147.0201476, 64.3993527 ], [ -147.0248145, 64.40272610000001 ], [ -147.0296464, 64.4032846 ], [ -147.0321916, 64.4046422 ], [ -147.033130799999981, 64.4061524 ], [ -147.0322866, 64.4074687 ], [ -147.031401499999987, 64.410025 ], [ -147.0349549, 64.4115412 ], [ -147.0398294, 64.4130043 ], [ -147.0446905, 64.4134507 ], [ -147.0472638, 64.4146683 ], [ -147.047264, 64.4159967 ], [ -147.0493059, 64.4159967 ], [ -147.0500845, 64.417082 ], [ -147.050125799999989, 64.4179869 ], [ -147.049636599999985, 64.4199968 ], [ -147.049978, 64.4218185 ], [ -147.050183600000025, 64.4241985 ], [ -147.051301599999988, 64.42605540000001 ], [ -147.0540815, 64.427536 ], [ -147.0600495, 64.4288221 ], [ -147.0600509, 64.4304321 ], [ -147.0592936, 64.4304322 ], [ -147.0596435, 64.4312543 ], [ -147.059591, 64.4336227 ], [ -147.058546200000023, 64.4389941 ], [ -147.0547608, 64.4437901 ], [ -147.055879899999979, 64.445647 ], [ -147.058198299999987, 64.4468808 ], [ -147.0594409, 64.4493077 ], [ -147.05780679999998, 64.4517174 ], [ -147.053281, 64.4530932 ], [ -147.0457687, 64.4548981 ], [ -147.0447876, 64.4567729 ], [ -147.044379, 64.4584478 ], [ -147.0452249, 64.4592764 ], [ -147.0458256, 64.46111 ], [ -147.045130699999987, 64.4628848 ], [ -147.0425396, 64.4649125 ], [ -147.036865300000017, 64.4688326 ], [ -147.0351736, 64.4714655 ], [ -147.032117199999988, 64.4732462 ], [ -147.0279826, 64.474074700000017 ], [ -147.0257033, 64.4758906 ], [ -147.024965399999985, 64.4789055 ], [ -147.023477499999984, 64.4796283 ], [ -147.025005199999981, 64.4819557 ], [ -147.0256052, 64.4837894 ], [ -147.025563799999986, 64.4850294 ], [ -147.0265326, 64.4864282 ], [ -147.028047499999985, 64.4877389 ], [ -147.031228299999981, 64.4886735 ], [ -147.031159799999983, 64.4900252 ], [ -147.0315242, 64.4925628 ], [ -147.037590699999981, 64.4948328 ], [ -147.0393934, 64.4960434 ], [ -147.0395575, 64.4975186 ], [ -147.038779299999987, 64.4996285 ], [ -147.0385063, 64.5007452 ], [ -147.0373047, 64.503513400000017 ], [ -147.0386026, 64.5057173 ], [ -147.0398322, 64.5071279 ], [ -147.0391769, 64.5098079 ], [ -147.039191, 64.5129699 ], [ -147.0414595, 64.5144274 ], [ -147.0446024, 64.5144566 ], [ -147.0480867, 64.5141625 ], [ -147.050696, 64.5131514 ], [ -147.054071099999987, 64.513303800000017 ], [ -147.0557938, 64.5148493 ], [ -147.0552583, 64.5170439 ], [ -147.0551524, 64.5170439 ], [ -147.056365, 64.5190851 ], [ -147.057419899999985, 64.522294 ], [ -147.0611141, 64.5265251 ], [ -147.061430299999984, 64.5284588 ], [ -147.060912799999983, 64.5305806 ], [ -147.062144599999982, 64.531991 ], [ -147.061327299999988, 64.5353413 ], [ -147.0632321, 64.5393789 ], [ -147.068238799999989, 64.5403947 ], [ -147.0753149, 64.5430767 ], [ -147.0756333, 64.5467113 ], [ -147.071927599999981, 64.5478995 ], [ -147.070945, 64.5497747 ], [ -147.070672699999989, 64.5508915 ], [ -147.073281899999984, 64.5533343 ], [ -147.079394500000035, 64.555009500000011 ], [ -147.0849518, 64.5559365 ], [ -147.0913324, 64.5578034 ], [ -147.096191799999986, 64.55836 ], [ -147.101187, 64.5583579 ], [ -147.1049143, 64.5603312 ], [ -147.1080949, 64.5623928 ], [ -147.112397499999986, 64.5641658 ], [ -147.1143055, 64.5660575 ], [ -147.1193998, 64.5667366 ], [ -147.125416799999982, 64.5690373 ], [ -147.1249574, 64.5709361 ], [ -147.123375899999985, 64.5731235 ], [ -147.127298599999989, 64.5747835 ], [ -147.1280611, 64.5747835 ], [ -147.1287661, 64.575847700000011 ], [ -147.1316727, 64.5768804 ], [ -147.136221899999981, 64.5776475 ], [ -147.140825399999983, 64.5781911 ], [ -147.1456623, 64.5788578 ], [ -147.14810319999998, 64.5796436 ], [ -147.1536585, 64.5816967 ], [ -147.157599, 64.5839038 ], [ -147.1604537, 64.5851594 ], [ -147.164215399999989, 64.5870196 ], [ -147.1662543, 64.5894807 ], [ -147.1690561, 64.5909596 ], [ -147.168886499999985, 64.5927584 ], [ -147.1691653, 64.5937868 ], [ -147.174563799999987, 64.5965095 ], [ -147.1788489, 64.5983924 ], [ -147.182747799999987, 64.5996937 ], [ -147.1832341, 64.600957 ], [ -147.185156899999981, 64.6017193 ], [ -147.1901522, 64.602843 ], [ -147.19103579999998, 64.6036524 ], [ -147.1906917, 64.6036524 ], [ -147.19183750000002, 64.6039792 ], [ -147.1923577, 64.6051029 ], [ -147.1937199, 64.6060097 ], [ -147.1980935, 64.6067105 ], [ -147.2010847, 64.6065883 ], [ -147.203579499999989, 64.6077142 ], [ -147.2084946, 64.6094546 ], [ -147.218020599999988, 64.6117361 ], [ -147.2181511, 64.6128425 ], [ -147.2189433, 64.614486 ], [ -147.2210839, 64.6162734 ], [ -147.2236263, 64.619687 ], [ -147.2262695, 64.6226817 ], [ -147.2309774, 64.6236502 ], [ -147.235725700000017, 64.6244509 ], [ -147.2408074, 64.6264266 ], [ -147.2408074, 64.6265269 ], [ -147.2421061, 64.6275242 ], [ -147.24546239999998, 64.629195 ], [ -147.2485078, 64.6305135 ], [ -147.2501045, 64.6321072 ], [ -147.2498053, 64.6333642 ], [ -147.253613799999982, 64.6348005 ], [ -147.2573429, 64.636572 ], [ -147.25919589999998, 64.6379228 ], [ -147.259659699999986, 64.6392977 ], [ -147.257032899999984, 64.6403684 ], [ -147.2559712, 64.6415074 ], [ -147.2561594, 64.6432089 ], [ -147.257585299999988, 64.6438638 ], [ -147.261024100000014, 64.6451991 ], [ -147.262191100000024, 64.6469434 ], [ -147.261597, 64.6486108 ], [ -147.2652488, 64.6507173 ], [ -147.265849, 64.6523521 ], [ -147.269697399999984, 64.654467 ], [ -147.2702979, 64.656101800000016 ], [ -147.2714461, 64.6579298 ], [ -147.274200399999984, 64.6596583 ], [ -147.276898599999981, 64.6607916 ], [ -147.2802668, 64.6619102 ], [ -147.286541, 64.6643432 ], [ -147.289180499999986, 64.6657277 ], [ -147.290625399999982, 64.667145 ], [ -147.2917951, 64.6688891 ], [ -147.2962724, 64.6717078 ], [ -147.296071499999982, 64.673392400000012 ], [ -147.2961235, 64.6756806 ], [ -147.2985512, 64.67629380000001 ], [ -147.3011726, 64.6777619 ], [ -147.302107799999987, 64.6796651 ], [ -147.3052558, 64.6822566 ], [ -147.30903619999998, 64.6830127 ], [ -147.3096021, 64.6839685 ], [ -147.3109124, 64.6851258 ], [ -147.312438499999985, 64.6862077 ], [ -147.314592299999987, 64.6871474 ], [ -147.315176399999984, 64.688866 ], [ -147.3146013, 64.6902599 ], [ -147.3146816, 64.6902599 ], [ -147.317585799999989, 64.6915041 ], [ -147.3255197, 64.6943863 ], [ -147.331841, 64.6952936 ], [ -147.3357528, 64.6950811 ], [ -147.3391546, 64.6952065 ], [ -147.345118099999979, 64.6963094 ], [ -147.3480576, 64.6977056 ], [ -147.3472617, 64.6991953 ], [ -147.3468034, 64.7011441 ], [ -147.3469638, 64.7023574 ], [ -147.34646189999998, 64.7038597 ], [ -147.3451696, 64.7046942 ], [ -147.344768099999982, 64.7046942 ], [ -147.3447692, 64.7047395 ], [ -147.347370899999987, 64.7063117 ], [ -147.355827799999986, 64.7082621 ], [ -147.3592644, 64.7094261 ], [ -147.3618993, 64.7146816 ], [ -147.366254699999985, 64.7151221 ], [ -147.3701247, 64.7150973 ], [ -147.3733182, 64.7141545 ], [ -147.3757166, 64.7140666 ], [ -147.3770115, 64.7142489 ], [ -147.377889200000027, 64.7155582 ], [ -147.383398, 64.7187125 ], [ -147.383589299999983, 64.7185301 ], [ -147.3892847, 64.7183288 ], [ -147.3941413, 64.7185359 ], [ -147.3970704, 64.7193592 ], [ -147.3993082, 64.7205974 ], [ -147.401797099999982, 64.7226717 ], [ -147.4042413, 64.7236646 ], [ -147.4067302, 64.7251039 ], [ -147.408026899999982, 64.7265559 ], [ -147.4111638, 64.7277687 ], [ -147.4137853, 64.728642 ], [ -147.416921799999983, 64.7292197 ], [ -147.4191165, 64.7300113 ], [ -147.4214302, 64.7315698 ], [ -147.4253191, 64.7327507 ], [ -147.429722, 64.7330008 ], [ -147.43551, 64.7336905 ], [ -147.438794799999982, 64.7342739 ], [ -147.4403285, 64.7353547 ], [ -147.441879, 64.7360086 ], [ -147.441879, 64.7362469 ], [ -147.443351, 64.7370698 ], [ -147.444752300000033, 64.7380814 ], [ -147.4444168, 64.7395275 ], [ -147.4471716, 64.7398345 ], [ -147.450944599999985, 64.7408827 ], [ -147.454496, 64.7416041 ], [ -147.458209499999981, 64.7422687 ], [ -147.4605281, 64.7444616 ], [ -147.46167939999998, 64.745272 ], [ -147.4641858, 64.7460126 ], [ -147.463762, 64.747201 ], [ -147.4698359, 64.7485997 ], [ -147.4735507, 64.7492639 ], [ -147.476659499999982, 64.7493312 ], [ -147.4801211, 64.7491593 ], [ -147.483375, 64.7485976 ], [ -147.48773989999998, 64.7496698 ], [ -147.489585399999982, 64.7506996 ], [ -147.489914, 64.7518561 ], [ -147.4914796, 64.7528106 ], [ -147.494811199999987, 64.7532043 ], [ -147.5031971, 64.7536192 ], [ -147.509670199999988, 64.7545885 ], [ -147.511589099999981, 64.7553036 ], [ -147.5159645, 64.7550421 ], [ -147.518534, 64.7561652 ], [ -147.526294799999988, 64.7580128 ], [ -147.5291387, 64.757941 ], [ -147.5389289, 64.756127 ], [ -147.5413988, 64.7550871 ], [ -147.5438397, 64.7541729 ], [ -147.546562, 64.7540173 ], [ -147.5518744, 64.7548244 ], [ -147.5551171, 64.7549592 ], [ -147.5602226, 64.7560599 ], [ -147.56340609999998, 64.7584138 ], [ -147.5660249, 64.7599825 ], [ -147.5701899, 64.7612978 ], [ -147.5739989, 64.7622173 ], [ -147.577140499999985, 64.7633438 ], [ -147.5772096, 64.7768638 ], [ -147.5772776, 64.7768966 ], [ -147.577296100000012, 64.7805054 ], [ -147.5773513, 64.7912984 ], [ -147.5772835, 64.7912984 ], [ -147.5773575, 64.805733 ], [ -147.568860199999989, 64.8057332 ], [ -147.568880899999982, 64.8104237 ], [ -147.5725559, 64.8109686 ], [ -147.571376099999981, 64.8129556 ], [ -147.5690247, 64.8165545 ], [ -147.5689534, 64.8165545 ], [ -147.5689473, 64.8201678 ], [ -147.543545699999981, 64.8201684 ], [ -147.543601699999982, 64.834603 ], [ -147.560665, 64.834602600000011 ], [ -147.5605655, 64.8490371 ], [ -147.5350487, 64.8490377 ], [ -147.535111199999989, 64.8526364 ], [ -147.526500699999985, 64.8526432 ], [ -147.5266914, 64.8634723 ], [ -147.524009299999989, 64.8634724 ], [ -147.5242136, 64.8779069 ], [ -147.575144599999987, 64.8779057 ], [ -147.5751074, 64.870684 ], [ -147.609056899999985, 64.8706953 ], [ -147.60905649999998, 64.8706271 ], [ -147.642951499999981, 64.8706767 ], [ -147.6429508, 64.8634697 ], [ -147.669842599999981, 64.8634716 ], [ -147.669918, 64.8385982 ], [ -147.6768831, 64.8386012 ], [ -147.6768529, 64.8347539 ], [ -147.678920399999981, 64.8371911 ], [ -147.6806847, 64.8385406 ], [ -147.68222369999998, 64.8394667 ], [ -147.683243899999979, 64.8399701 ], [ -147.6848946, 64.8403986 ], [ -147.6862983, 64.8404556 ], [ -147.688807, 64.8402159 ], [ -147.689673699999986, 64.8399297 ], [ -147.6911709, 64.8395686 ], [ -147.691632199999987, 64.8389847 ], [ -147.690827899999988, 64.8385705 ], [ -147.6913275, 64.8368593 ], [ -147.6920757, 64.8359498 ], [ -147.6930626, 64.835548 ], [ -147.693822499999982, 64.8350925 ], [ -147.6938223, 64.8350119 ], [ -147.6945395, 64.8346438 ], [ -147.694806600000021, 64.8345998 ], [ -147.697630299999986, 64.8345998 ], [ -147.699043499999988, 64.8347659 ], [ -147.7004269, 64.8351232 ], [ -147.7020331, 64.8357506 ], [ -147.703681099999983, 64.8368592 ], [ -147.704329799999982, 64.83774 ], [ -147.7042879, 64.838198 ], [ -147.7047275, 64.8382008 ], [ -147.704931, 64.8362702 ], [ -147.7057638, 64.8352162 ], [ -147.7063081, 64.834848 ], [ -147.706345299999981, 64.8345996 ], [ -147.7064332, 64.8345996 ], [ -147.708143299999989, 64.8338618 ], [ -147.7085121, 64.8335825 ], [ -147.7093672, 64.833135 ], [ -147.7094339, 64.8328365 ], [ -147.7100643, 64.8319954 ], [ -147.710673899999989, 64.8317217 ], [ -147.7107479, 64.8317116 ], [ -147.710717700000032, 64.8201649 ], [ -147.6683516, 64.8201657 ], [ -147.668354099999988, 64.8194795 ], [ -147.66642120000003, 64.8190404 ], [ -147.6651127, 64.8185654 ], [ -147.6641414, 64.8183132 ], [ -147.6641452, 64.817375 ], [ -147.6683605, 64.8176637 ], [ -147.6684024, 64.8057312 ], [ -147.6683401, 64.8057312 ], [ -147.668331699999982, 64.7955189 ], [ -147.66821969999998, 64.7935849 ], [ -147.6677096, 64.7935655 ], [ -147.6654916, 64.7939973 ], [ -147.663453299999986, 64.7946774 ], [ -147.6580574, 64.7959761 ], [ -147.65500369999998, 64.7957787 ], [ -147.6528089, 64.7952672 ], [ -147.6506359, 64.7950781 ], [ -147.6490709, 64.7944919 ], [ -147.647884, 64.7939011 ], [ -147.647960899999987, 64.793141 ], [ -147.64817979999998, 64.7925876 ], [ -147.6482125, 64.7916048 ], [ -147.6475499, 64.791297 ], [ -147.6472772, 64.791297 ], [ -147.6452313, 64.7908201 ], [ -147.6431327, 64.7901402 ], [ -147.6431312, 64.7768624 ], [ -147.66857349999998, 64.7768619 ], [ -147.668575899999979, 64.7786849 ], [ -147.669434300000034, 64.7791282 ], [ -147.669466299999982, 64.7798258 ], [ -147.6697115, 64.7806623 ], [ -147.6698438, 64.7820637 ], [ -147.6724854, 64.7817697 ], [ -147.6742179, 64.7818928 ], [ -147.677058499999987, 64.7819616 ], [ -147.67705909999998, 64.7817569 ], [ -147.6784793, 64.7815881 ], [ -147.6823054, 64.7814582 ], [ -147.684555599999982, 64.7818829 ], [ -147.6890196, 64.7813979 ], [ -147.692287099999987, 64.780768900000012 ], [ -147.6953225, 64.7791784 ], [ -147.6976253, 64.7783674 ], [ -147.701213699999983, 64.7777989 ], [ -147.7053607, 64.7777291 ], [ -147.7090811, 64.7780702 ], [ -147.7118743, 64.7785641 ], [ -147.7153581, 64.7794668 ], [ -147.7169705, 64.7792464 ], [ -147.7189673, 64.7788035 ], [ -147.7230725, 64.7789219 ], [ -147.7252229, 64.7792944 ], [ -147.7264356, 64.779867 ], [ -147.7266208, 64.7805409 ], [ -147.725609599999984, 64.7810713 ], [ -147.7265008, 64.7815833 ], [ -147.728135399999985, 64.7822681 ], [ -147.7298643, 64.7825283 ], [ -147.7421503, 64.7830238 ], [ -147.744460799999985, 64.7832973 ], [ -147.744461, 64.7833713 ], [ -147.7451763, 64.7834788 ], [ -147.7459782, 64.7838919 ], [ -147.749378299999989, 64.7841716 ], [ -147.752477699999986, 64.7842962 ], [ -147.754113, 64.7849808 ], [ -147.756111799999985, 64.7855372 ], [ -147.7568032, 64.7859457 ], [ -147.757498699999985, 64.7858309 ], [ -147.760283099999981, 64.7863711 ], [ -147.7652492, 64.7846189 ], [ -147.7687095, 64.7836154 ], [ -147.7732073, 64.782463 ], [ -147.7765733, 64.7818839 ], [ -147.779755699999981, 64.7816305 ], [ -147.783135099999981, 64.782003800000012 ], [ -147.7851583, 64.7834651 ], [ -147.7864347, 64.7837542 ], [ -147.7880987, 64.7832971 ], [ -147.79219089999998, 64.7824612 ], [ -147.7955221, 64.7825466 ], [ -147.799752899999987, 64.7836199 ], [ -147.801451499999985, 64.7840209 ], [ -147.8034266, 64.7836713 ], [ -147.808971899999989, 64.7838448 ], [ -147.8107808, 64.7848476 ], [ -147.8201484, 64.7868599 ], [ -147.822145799999987, 64.7879389 ], [ -147.8272002, 64.7892342 ], [ -147.831, 64.7908608 ], [ -147.8318419, 64.7912933 ], [ -147.854951, 64.7912928 ], [ -147.8586776, 64.7908088 ], [ -147.8635147, 64.7897942 ], [ -147.8680807, 64.7893399 ], [ -147.87027329999998, 64.7881572 ], [ -147.8745736, 64.7868673 ], [ -147.8790434, 64.7868531 ], [ -147.8818011, 64.7851215 ], [ -147.8861571, 64.7828817 ], [ -147.8930583, 64.7819474 ], [ -147.8955813, 64.7819831 ], [ -147.8976906, 64.7811776 ], [ -147.9025887, 64.7812431 ], [ -147.9065434, 64.7829211 ], [ -147.9115166, 64.7854004 ], [ -147.9140295, 64.7841029 ], [ -147.917509199999984, 64.7824625 ], [ -147.9244905, 64.7811493 ], [ -147.927560699999987, 64.7827922 ], [ -147.92890730000002, 64.7842184 ], [ -147.9397959, 64.7861252 ], [ -147.945688, 64.7864183 ], [ -147.9517157, 64.785384 ], [ -147.9563475, 64.7839146 ], [ -147.959381899999983, 64.782256 ], [ -147.963718, 64.780077 ], [ -147.9665364, 64.7794251 ], [ -147.9695159, 64.778018 ], [ -147.9715558, 64.7768559 ], [ -147.9716133, 64.7768559 ], [ -147.9730941, 64.7758364 ], [ -147.9753126, 64.7747381 ], [ -147.9785685, 64.7743568 ], [ -147.982969199999985, 64.7741889 ], [ -147.991037300000016, 64.7745012 ], [ -147.996295299999986, 64.7721668 ], [ -147.9985476, 64.7699698 ], [ -147.9992072, 64.7668654 ], [ -147.998491, 64.7655689 ], [ -147.9978461, 64.7639367 ], [ -147.994714499999986, 64.760009 ], [ -147.9928533, 64.756638 ], [ -147.991653899999989, 64.7529541 ], [ -147.992135499999989, 64.7506888 ], [ -147.993975899999981, 64.7494912 ], [ -147.9972182, 64.7479858 ], [ -148.011108399999983, 64.7479855 ], [ -148.0119192, 64.7480698 ], [ -148.012974499999984, 64.7482318 ], [ -148.0129729, 64.7479854 ], [ -148.0551731, 64.7479845 ], [ -148.0587596, 64.746825 ], [ -148.0579452, 64.7431568 ], [ -148.0581013, 64.7414711 ], [ -148.061440399999981, 64.7406686 ], [ -148.0660115, 64.7396593 ], [ -148.0732285, 64.7392585 ], [ -148.0759213, 64.7377543 ], [ -148.078525899999988, 64.7366697 ], [ -148.0914206, 64.7356389 ], [ -148.0965055, 64.7340564 ], [ -148.102021899999983, 64.7332513 ], [ -148.1061799, 64.7323098 ], [ -148.113652, 64.729718 ], [ -148.115477, 64.726658 ], [ -148.114415899999983, 64.7250955 ], [ -148.1210077, 64.7219626 ], [ -148.125857199999984, 64.7205395 ], [ -148.129798599999987, 64.7196739 ], [ -148.133491099999986, 64.7190525 ], [ -148.135664199999979, 64.7181199 ], [ -148.139916199999988, 64.7186189 ], [ -148.142689099999984, 64.7195694 ], [ -148.1487962, 64.7197154 ], [ -148.1527946, 64.7195279 ], [ -148.153453399999989, 64.7163392 ], [ -148.1514085, 64.7147399 ], [ -148.149796899999984, 64.7139179 ], [ -148.1490925, 64.7125383 ], [ -148.1464535, 64.7099862 ], [ -148.1462927, 64.7069357 ], [ -148.146709099999981, 64.7049218 ], [ -148.1480551, 64.703196800000015 ], [ -148.1570103, 64.6998819 ], [ -148.1696665, 64.6990877 ], [ -148.1734955, 64.699758 ], [ -148.1800046, 64.7027059 ], [ -148.1800146, 64.7046774 ], [ -148.1841848, 64.7046773 ], [ -148.1865622, 64.7054915 ], [ -148.190213799999981, 64.7069814 ], [ -148.193620899999985, 64.7067708 ], [ -148.19393070000001, 64.7052603 ], [ -148.1956767, 64.7025352 ], [ -148.196209899999985, 64.6999338 ], [ -148.197314799999987, 64.6974384 ], [ -148.199101499999983, 64.6954758 ], [ -148.2042683, 64.6918806 ], [ -148.2040407, 64.6906717 ], [ -148.206179, 64.690242 ], [ -148.206757399999987, 64.690242 ], [ -148.2085472, 64.6899101 ], [ -148.2130534, 64.6891484 ], [ -148.215835199999987, 64.6890831 ], [ -148.2216807, 64.6885403 ], [ -148.2293687, 64.6886577 ], [ -148.235333299999979, 64.6875269 ], [ -148.2372447, 64.6859069 ], [ -148.2395142, 64.6844694 ], [ -148.240330699999987, 64.6821708 ], [ -148.2326986, 64.6800726 ], [ -148.2299265, 64.6791238 ], [ -148.227241099999986, 64.6758107 ], [ -148.226857699999982, 64.6747817 ], [ -148.228735299999983, 64.671385 ], [ -148.2321043, 64.6693968 ], [ -148.2354129, 64.6686745 ], [ -148.2375276, 64.6679922 ], [ -148.2441356, 64.6675617 ], [ -148.2461027, 64.6675027 ], [ -148.2461027, 64.6673811 ], [ -148.2512467, 64.6675722 ], [ -148.256064499999979, 64.6681738 ], [ -148.2595437, 64.6685565 ], [ -148.2622307, 64.6699243 ], [ -148.266147599999982, 64.6730287 ], [ -148.2682035, 64.6736121 ], [ -148.2709401, 64.6727833 ], [ -148.276168499999983, 64.6733149 ], [ -148.279171599999984, 64.6741022 ], [ -148.2831118, 64.6741632 ], [ -148.2908874, 64.6728437 ], [ -148.294458599999984, 64.6717917 ], [ -148.298915400000027, 64.6702649 ], [ -148.3015518, 64.6669802 ], [ -148.304349799999983, 64.6638705 ], [ -148.305724199999986, 64.660962 ], [ -148.3119097, 64.6596677 ], [ -148.3182774, 64.6603334 ], [ -148.329989499999982, 64.6650653 ], [ -148.3352175, 64.6655949 ], [ -148.339958, 64.6655992 ], [ -148.3411396, 64.6646279 ], [ -148.3415918, 64.6623619 ], [ -148.338727399999982, 64.65989 ], [ -148.335633799999982, 64.6575788 ], [ -148.33216539999998, 64.6551692 ], [ -148.332164299999988, 64.6522103 ], [ -148.335069799999985, 64.6495269 ], [ -148.336844, 64.6475629 ], [ -148.338164, 64.644906 ], [ -148.3434148, 64.6433228 ], [ -148.3480606, 64.6418019 ], [ -148.35386029999998, 64.641422 ], [ -148.3587426, 64.6416846 ], [ -148.3626285, 64.6419954 ], [ -148.36568459999998, 64.641515 ], [ -148.370079100000027, 64.6412523 ], [ -148.3749781, 64.6414305 ], [ -148.3794485, 64.6427765 ], [ -148.38181, 64.6448065 ], [ -148.3868194, 64.6464254 ], [ -148.392517, 64.6475618 ], [ -148.405064399999986, 64.6470017 ], [ -148.4084437, 64.6478846 ], [ -148.4123452, 64.6491245 ], [ -148.4160014, 64.6506089 ], [ -148.416896800000018, 64.6520782 ], [ -148.41658289999998, 64.653673 ], [ -148.4148634, 64.6553861 ], [ -148.413193300000017, 64.6568474 ], [ -148.4168153, 64.659514 ], [ -148.419884699999983, 64.6609772 ], [ -148.4220895, 64.6618174 ], [ -148.4283815, 64.6617567 ], [ -148.4384361, 64.6600387 ], [ -148.442849199999984, 64.6596901 ], [ -148.4471599, 64.6586518 ], [ -148.4471599, 64.6587731 ], [ -148.4500415, 64.6582575 ], [ -148.4581557, 64.6559021 ], [ -148.4619241, 64.6550485 ], [ -148.468395499999986, 64.6532513 ], [ -148.4732812, 64.6514818 ], [ -148.477561899999984, 64.6497751 ], [ -148.4798817, 64.6490126 ], [ -148.4834266, 64.6480403 ], [ -148.489650499999982, 64.647501300000016 ], [ -148.491921, 64.6469905 ], [ -148.4988147, 64.6470667 ], [ -148.503520399999985, 64.6482482 ], [ -148.5064793, 64.6502972 ], [ -148.5093075, 64.6520035 ], [ -148.512527, 64.6527093 ], [ -148.514635200000015, 64.6530376 ], [ -148.516596, 64.6531071 ], [ -148.5208434, 64.6525813 ], [ -148.5264128, 64.6513416 ], [ -148.533940400000034, 64.6491566 ], [ -148.5382171, 64.6474483 ], [ -148.5447465, 64.6453121 ], [ -148.5464761, 64.6445279 ], [ -148.5657842, 64.6395449 ], [ -148.568296799999985, 64.638788 ], [ -148.571972499999987, 64.6391705 ], [ -148.575179599999984, 64.6409733 ], [ -148.577743699999985, 64.6409786 ], [ -148.580635799999982, 64.6413335 ], [ -148.5823198, 64.641815 ], [ -148.5867443, 64.6413783 ], [ -148.5951327, 64.6398124 ], [ -148.6031921, 64.6378965 ], [ -148.604511700000018, 64.6371819 ], [ -148.6084907, 64.6359685 ], [ -148.613809299999986, 64.6349707 ], [ -148.61492149999998, 64.6353474 ], [ -148.618809299999981, 64.6356517 ], [ -148.633306799999986, 64.6351413 ], [ -148.6443394, 64.6341716 ], [ -148.648213199999987, 64.6330998 ], [ -148.648213199999987, 64.6331361 ], [ -148.6531608, 64.6320647 ], [ -148.656726099999986, 64.6301952 ], [ -148.659726799999987, 64.6283976 ], [ -148.6621462, 64.6257559 ], [ -148.6605271, 64.6233551 ], [ -148.6595955, 64.6212316 ], [ -148.6581285, 64.6195965 ], [ -148.6532958, 64.6166026 ], [ -148.6525819, 64.6152853 ], [ -148.6528782, 64.6137112 ], [ -148.6528808, 64.6121269 ], [ -148.6485322, 64.6093146 ], [ -148.648210299999988, 64.6089273 ], [ -148.648210299999988, 64.6087066 ], [ -148.646137899999985, 64.6068551 ], [ -148.6431517, 64.6038786 ], [ -148.6431761, 64.6036209 ], [ -148.6426047, 64.5993516 ], [ -148.6446038, 64.5973063 ], [ -148.647237099999984, 64.5958766 ], [ -148.6482087, 64.5955827 ], [ -148.6482074, 64.5852374 ], [ -148.646479699999986, 64.5852978 ], [ -148.639029, 64.586128 ], [ -148.6359043, 64.5870335 ], [ -148.633561899999989, 64.5879661 ], [ -148.631555, 64.5891863 ], [ -148.632393799999988, 64.5891863 ], [ -148.630738399999984, 64.590403 ], [ -148.628401, 64.5923497 ], [ -148.62658159999998, 64.5936385 ], [ -148.6292316, 64.5952516 ], [ -148.631352699999979, 64.5954944 ], [ -148.6340506, 64.5968556 ], [ -148.6321891, 64.5994105 ], [ -148.6297241, 64.6020289 ], [ -148.6284694, 64.6036213 ], [ -148.628224499999988, 64.6036213 ], [ -148.628083, 64.6043696 ], [ -148.622672599999987, 64.6057747 ], [ -148.6224846, 64.6068789 ], [ -148.620485699999989, 64.6086024 ], [ -148.619182199999983, 64.6087076 ], [ -148.617615799999982, 64.608653 ], [ -148.6160176, 64.6087664 ], [ -148.6152668, 64.6089693 ], [ -148.6152688, 64.6092914 ], [ -148.6131699, 64.6102727 ], [ -148.6122115, 64.6111688 ], [ -148.611597, 64.6123305 ], [ -148.6079971, 64.6136415 ], [ -148.6062187, 64.613664 ], [ -148.6023181, 64.6134433 ], [ -148.5977748, 64.6155663 ], [ -148.596424, 64.6164487 ], [ -148.593026700000024, 64.6156538 ], [ -148.591599799999983, 64.6138293 ], [ -148.58905009999998, 64.6127259 ], [ -148.5854934, 64.6127704 ], [ -148.583415699999989, 64.611261 ], [ -148.5803469, 64.6108154 ], [ -148.577214, 64.6107055 ], [ -148.573985, 64.6110992 ], [ -148.5737926, 64.6121066 ], [ -148.571462199999985, 64.6129543 ], [ -148.568968, 64.6136273 ], [ -148.5655267, 64.6140979 ], [ -148.5632089, 64.6138474 ], [ -148.5604543, 64.6148491 ], [ -148.559365499999984, 64.6164165 ], [ -148.5577695, 64.6175435 ], [ -148.5563541, 64.618058 ], [ -148.556182299999989, 64.618058 ], [ -148.5542121, 64.617587200000017 ], [ -148.549790799999982, 64.618023 ], [ -148.5497179, 64.6180582 ], [ -148.5477826, 64.6180582 ], [ -148.5471296, 64.6175066 ], [ -148.54221339999998, 64.6156918 ], [ -148.539962, 64.6158169 ], [ -148.5387828, 64.6137469 ], [ -148.538112499999983, 64.6131316 ], [ -148.5395939, 64.6115782 ], [ -148.5380738, 64.6102568 ], [ -148.5321983, 64.6090349 ], [ -148.529471799999982, 64.6078398 ], [ -148.520892799999984, 64.6083836 ], [ -148.517775699999987, 64.6081859 ], [ -148.5196009, 64.6068984 ], [ -148.5233188, 64.6060161 ], [ -148.5191094, 64.6053597 ], [ -148.516564599999981, 64.6052695 ], [ -148.517468899999983, 64.6036241 ], [ -148.517557399999987, 64.6036241 ], [ -148.517717500000032, 64.6033375 ], [ -148.5167813, 64.6030191 ], [ -148.5153226, 64.6031099 ], [ -148.5127719, 64.6031035 ], [ -148.5102124, 64.6031661 ], [ -148.5080475, 64.6034695 ], [ -148.507346899999987, 64.6036243 ], [ -148.508425599999981, 64.6036243 ], [ -148.505960800000025, 64.6040477 ], [ -148.5045413, 64.6036244 ], [ -148.50499259999998, 64.6036244 ], [ -148.505056, 64.6028877 ], [ -148.5047069, 64.6023999 ], [ -148.505136099999987, 64.6001808 ], [ -148.503539499999988, 64.5998388 ], [ -148.501668099999989, 64.5997722 ], [ -148.5005677, 64.6003035 ], [ -148.499192199999982, 64.6011103 ], [ -148.498009, 64.601496 ], [ -148.4970547, 64.6012719 ], [ -148.4970544, 64.6007014 ], [ -148.496008, 64.5998084 ], [ -148.49248369999998, 64.5987497 ], [ -148.4913105, 64.5983098 ], [ -148.490631399999984, 64.5978102 ], [ -148.4905671, 64.5975702 ], [ -148.4892735, 64.596811 ], [ -148.4877874, 64.5964727 ], [ -148.4843763, 64.5954856 ], [ -148.482797399999981, 64.5953437 ], [ -148.4809905, 64.5955169 ], [ -148.481265799999989, 64.5963825 ], [ -148.482641799999982, 64.5972873 ], [ -148.4814127, 64.597909 ], [ -148.480197299999986, 64.5974669 ], [ -148.4792754, 64.5974999 ], [ -148.4787433, 64.5968153 ], [ -148.4771749, 64.5957608 ], [ -148.4764228, 64.5950684 ], [ -148.476606299999986, 64.5941241 ], [ -148.478248, 64.5936599 ], [ -148.4785966, 64.592436300000017 ], [ -148.4777987, 64.5919799 ], [ -148.474744700000031, 64.5917281 ], [ -148.4722136, 64.5916375 ], [ -148.4698843, 64.5910787 ], [ -148.468481699999984, 64.5897449 ], [ -148.46738910000002, 64.5891907 ], [ -148.4620529, 64.5891908 ], [ -148.4606503, 64.5895592 ], [ -148.456963299999984, 64.5902827 ], [ -148.454615599999983, 64.5903886 ], [ -148.4537353, 64.590357 ], [ -148.4525529, 64.5896014 ], [ -148.4538284, 64.5887439 ], [ -148.45558939999998, 64.5882366 ], [ -148.456415300000032, 64.5874105 ], [ -148.455865599999981, 64.5868203 ], [ -148.4534731, 64.5860213 ], [ -148.44940219999998, 64.585875 ], [ -148.4481649, 64.5854026 ], [ -148.4480745, 64.584163300000014 ], [ -148.4482128, 64.5834551 ], [ -148.449891799999989, 64.5822319 ], [ -148.448068299999989, 64.5813581 ], [ -148.447150599999986, 64.5814988 ], [ -148.447150599999986, 64.5814874 ], [ -148.4450847, 64.5821603 ], [ -148.4413027, 64.5827003 ], [ -148.437849, 64.5815617 ], [ -148.4380898, 64.5803307 ], [ -148.4353749, 64.5794441 ], [ -148.4326821, 64.5784454 ], [ -148.4295338, 64.5770922 ], [ -148.425255199999981, 64.5761489 ], [ -148.422867699999983, 64.5749357 ], [ -148.42291419999998, 64.5733597 ], [ -148.4281082, 64.5723077 ], [ -148.4323009, 64.5723463 ], [ -148.4349753, 64.5707524 ], [ -148.4340224, 64.568915 ], [ -148.4362408, 64.5669665 ], [ -148.442410099999989, 64.5662873 ], [ -148.4428893, 64.5651777 ], [ -148.4409138, 64.5645431 ], [ -148.434530099999989, 64.5636368 ], [ -148.4300586, 64.5623486 ], [ -148.427126499999986, 64.5625808 ], [ -148.4248445, 64.5635126 ], [ -148.421237499999989, 64.5645091 ], [ -148.417002100000019, 64.564694 ], [ -148.4142674, 64.5639188 ], [ -148.4095801, 64.5623968 ], [ -148.4060455, 64.5603529 ], [ -148.409935099999984, 64.5592542 ], [ -148.4146249, 64.5594241 ], [ -148.4211798, 64.5607882 ], [ -148.4245258, 64.5597822 ], [ -148.4208012, 64.5574972 ], [ -148.419062699999984, 64.5555278 ], [ -148.421996799999988, 64.5539436 ], [ -148.4264522, 64.5512874 ], [ -148.4238061, 64.5500649 ], [ -148.4198992, 64.5499236 ], [ -148.4202063, 64.548357 ], [ -148.4215112, 64.547052 ], [ -148.4201899, 64.5457646 ], [ -148.416415199999989, 64.5449518 ], [ -148.4139209, 64.544298 ], [ -148.407919599999985, 64.5401363 ], [ -148.4075121, 64.5382058 ], [ -148.4036104, 64.536712 ], [ -148.398271699999981, 64.5371942 ], [ -148.394124299999987, 64.538283 ], [ -148.39078809999998, 64.536584 ], [ -148.3927026, 64.5348506 ], [ -148.39913, 64.5328305 ], [ -148.39935, 64.5317116 ], [ -148.3943425, 64.5305153 ], [ -148.390314499999988, 64.5283403 ], [ -148.3907772, 64.5259906 ], [ -148.3862694, 64.524925 ], [ -148.3817483, 64.5279155 ], [ -148.3797941, 64.5285204 ], [ -148.378313, 64.5240714 ], [ -148.37736529999998, 64.5222338 ], [ -148.3728486, 64.523872 ], [ -148.3699982, 64.5263598 ], [ -148.366509899999983, 64.5254434 ], [ -148.3694763, 64.5210442 ], [ -148.3655125, 64.519885 ], [ -148.362684, 64.5222608 ], [ -148.360901399999989, 64.5233225 ], [ -148.3582386, 64.5222108 ], [ -148.3532285, 64.5223653 ], [ -148.3497352, 64.5228007 ], [ -148.347282399999983, 64.5232742 ], [ -148.343906299999986, 64.521798 ], [ -148.3441506, 64.52056730000001 ], [ -148.349836100000033, 64.5196489 ], [ -148.3528531, 64.5189707 ], [ -148.353468099999986, 64.5171901 ], [ -148.3531324, 64.5170189 ], [ -148.3527651, 64.5170189 ], [ -148.350617, 64.5163875 ], [ -148.3481794, 64.5160445 ], [ -148.3451102, 64.515171200000012 ], [ -148.342489, 64.5150116 ], [ -148.341181, 64.5156608 ], [ -148.3402744, 64.516515 ], [ -148.3391126, 64.5171696 ], [ -148.3379258, 64.5179501 ], [ -148.3360822, 64.518326 ], [ -148.3327166, 64.5182023 ], [ -148.3302541, 64.5179849 ], [ -148.3289661, 64.51705 ], [ -148.329337899999985, 64.5159226 ], [ -148.3306462, 64.5152734 ], [ -148.3335725, 64.5153811 ], [ -148.334721799999983, 64.5147895 ], [ -148.333810299999982, 64.5141854 ], [ -148.3306165, 64.5139411 ], [ -148.327598199999983, 64.5128157 ], [ -148.3247599, 64.512267400000013 ], [ -148.32210139999998, 64.5122962 ], [ -148.3200909, 64.512031900000011 ], [ -148.3190209, 64.5114853 ], [ -148.3200617, 64.5106996 ], [ -148.321821299999982, 64.5100037 ], [ -148.3229958, 64.5092863 ], [ -148.3244, 64.5088944 ], [ -148.3247427, 64.5086534 ], [ -148.326826499999981, 64.5054957 ], [ -148.3265308, 64.5048524 ], [ -148.323547099999985, 64.5042987 ], [ -148.3192846, 64.5057263 ], [ -148.3180016, 64.5062495 ], [ -148.314675199999982, 64.5059365 ], [ -148.3127656, 64.5051687 ], [ -148.312565399999983, 64.5039568 ], [ -148.312716, 64.5032017 ], [ -148.3167569, 64.5021465 ], [ -148.3186749, 64.5013932 ], [ -148.319995299999988, 64.5006812 ], [ -148.3202669, 64.5000573 ], [ -148.32039229999998, 64.499428 ], [ -148.317885599999983, 64.4987016 ], [ -148.314467799999989, 64.4995897 ], [ -148.3124205, 64.499514 ], [ -148.3098808, 64.4982157 ], [ -148.310245, 64.4963908 ], [ -148.309505900000033, 64.4956662 ], [ -148.307546799999983, 64.49515 ], [ -148.305353699999984, 64.4950689 ], [ -148.302921699999985, 64.4961833 ], [ -148.302098, 64.4973573 ], [ -148.2996752, 64.4969506 ], [ -148.2995511, 64.4953612 ], [ -148.2972466, 64.4936277 ], [ -148.2973269, 64.4924896 ], [ -148.2993328, 64.491296 ], [ -148.2991788, 64.490593 ], [ -148.300834, 64.4889427 ], [ -148.301160899999985, 64.4873066 ], [ -148.299583, 64.4863607 ], [ -148.2975164, 64.4856502 ], [ -148.2950569, 64.4854323 ], [ -148.2927185, 64.4853455 ], [ -148.2890344, 64.4860963 ], [ -148.284959499999985, 64.4876866 ], [ -148.28255, 64.4883279 ], [ -148.281934799999988, 64.4891925 ], [ -148.277297200000021, 64.490288 ], [ -148.2749993, 64.4919019 ], [ -148.2720117, 64.493405 ], [ -148.270659199999983, 64.4932742 ], [ -148.2691523, 64.4927109 ], [ -148.2695443, 64.4907603 ], [ -148.2700208, 64.4905878 ], [ -148.270535099999989, 64.4902266 ], [ -148.270916, 64.489797 ], [ -148.2710045, 64.4893566 ], [ -148.2707753, 64.489031 ], [ -148.2697071, 64.4884841 ], [ -148.2683916, 64.4884351 ], [ -148.265977099999986, 64.4887255 ], [ -148.264986199999981, 64.4892592 ], [ -148.2638997, 64.4895357 ], [ -148.2600486, 64.4896456 ], [ -148.2580461, 64.48862 ], [ -148.2578484, 64.4874081 ], [ -148.2574031, 64.4866941 ], [ -148.2528022, 64.486142 ], [ -148.2507434, 64.4861285 ], [ -148.2465051, 64.4859701 ], [ -148.2423239, 64.4847993 ], [ -148.2416948, 64.4842686 ], [ -148.2430417, 64.4834314 ], [ -148.248429500000015, 64.482999 ], [ -148.25045609999998, 64.4824408 ], [ -148.2516185, 64.4817869 ], [ -148.2517326, 64.4812206 ], [ -148.251306299999982, 64.4796831 ], [ -148.250619799999981, 64.4787066 ], [ -148.2484662, 64.4784359 ], [ -148.2468336, 64.4785016 ], [ -148.2451021, 64.4802916 ], [ -148.2430287, 64.4805781 ], [ -148.2411291, 64.480507 ], [ -148.240169800000018, 64.4801541 ], [ -148.2385448, 64.4799335 ], [ -148.2385448, 64.4800922 ], [ -148.2367534, 64.4786843 ], [ -148.236527699999982, 64.4772107 ], [ -148.2383347, 64.4760386 ], [ -148.2385443, 64.4759725 ], [ -148.238544, 64.4735831 ], [ -148.235395899999986, 64.4737171 ], [ -148.2347192, 64.4737172 ], [ -148.2295502, 64.4728917 ], [ -148.2245374, 64.4718019 ], [ -148.2236239, 64.4698516 ], [ -148.2254309, 64.4686797 ], [ -148.2278131, 64.4685437 ], [ -148.2317415, 64.4698182 ], [ -148.2333337, 64.4684127 ], [ -148.234474299999988, 64.4666522 ], [ -148.235953199999983, 64.465806 ], [ -148.2366758, 64.4648188 ], [ -148.2364954, 64.4631215 ], [ -148.2324999, 64.4621828 ], [ -148.2278497, 64.4618955 ], [ -148.222657800000036, 64.4617005 ], [ -148.2223651, 64.4605625 ], [ -148.2230653, 64.4596872 ], [ -148.2220844, 64.4580724 ], [ -148.2242967, 64.4574794 ], [ -148.2268363, 64.4565604 ], [ -148.226588599999985, 64.4551987 ], [ -148.222504, 64.4547071 ], [ -148.2181024, 64.4557813 ], [ -148.2169509, 64.4563015 ], [ -148.212821, 64.4560334 ], [ -148.2112764, 64.4546228 ], [ -148.215700699999985, 64.4534369 ], [ -148.2177769, 64.453515 ], [ -148.2196736, 64.4518958 ], [ -148.21964060000002, 64.4507675 ], [ -148.216594599999979, 64.4503148 ], [ -148.21548869999998, 64.4506113 ], [ -148.214191299999982, 64.4505625 ], [ -148.209368400000017, 64.4497355 ], [ -148.2022215, 64.4489863 ], [ -148.204243199999979, 64.4480462 ], [ -148.207561, 64.447157 ], [ -148.2115662, 64.4467444 ], [ -148.2143647, 64.4458355 ], [ -148.2198706, 64.4444648 ], [ -148.2197696, 64.4436721 ], [ -148.2189357, 64.4426264 ], [ -148.216104699999988, 64.4424072 ], [ -148.2133519, 64.4430925 ], [ -148.211490699999985, 64.4432478 ], [ -148.210284299999984, 64.4427515 ], [ -148.209992199999988, 64.4416134 ], [ -148.2139637, 64.4400725 ], [ -148.2149005, 64.4393189 ], [ -148.215623099999988, 64.4383318 ], [ -148.2184207, 64.4374228 ], [ -148.2220745, 64.437447600000013 ], [ -148.2236533, 64.4373943 ], [ -148.2243756, 64.4364071 ], [ -148.2246017, 64.4352886 ], [ -148.2224711, 64.4341942 ], [ -148.2197768, 64.4333039 ], [ -148.2170147, 64.4327491 ], [ -148.2124028, 64.4310985 ], [ -148.211260899999985, 64.4304119 ], [ -148.211790799999989, 64.4304119 ], [ -148.209564799999981, 64.4283032 ], [ -148.2091043, 64.426708 ], [ -148.206975, 64.4256134 ], [ -148.201080099999984, 64.425052800000017 ], [ -148.1968858, 64.4267237 ], [ -148.1929844, 64.4263247 ], [ -148.193675499999983, 64.4242094 ], [ -148.195908399999979, 64.4235049 ], [ -148.1970816, 64.4228731 ], [ -148.1962945, 64.4216036 ], [ -148.193984299999983, 64.4214036 ], [ -148.1927336, 64.4211309 ], [ -148.193029, 64.4196769 ], [ -148.1941794, 64.4191569 ], [ -148.1954207, 64.418189500000011 ], [ -148.194542899999988, 64.4173674 ], [ -148.190982599999984, 64.4168946 ], [ -148.1879497, 64.4176814 ], [ -148.1865401, 64.4181916 ], [ -148.184671399999985, 64.4171065 ], [ -148.184280699999988, 64.4151757 ], [ -148.188181800000024, 64.4139711 ], [ -148.19257810000002, 64.4128977 ], [ -148.190632199999982, 64.4109082 ], [ -148.186463500000031, 64.410863 ], [ -148.1807489, 64.4119989 ], [ -148.1792624, 64.4116044 ], [ -148.177007, 64.4131875 ], [ -148.1750879, 64.4141509 ], [ -148.171841299999983, 64.4147039 ], [ -148.1713603, 64.4132205 ], [ -148.1721978, 64.4116744 ], [ -148.1746354, 64.4099637 ], [ -148.1772406, 64.4087101 ], [ -148.1764776, 64.4073288 ], [ -148.1724774, 64.4077404 ], [ -148.1709229, 64.407681400000016 ], [ -148.1703052, 64.406869 ], [ -148.170578799999987, 64.4055269 ], [ -148.1725746, 64.4047011 ], [ -148.172848099999982, 64.4033591 ], [ -148.1737847, 64.4026057 ], [ -148.1767956, 64.4022138 ], [ -148.1764492, 64.3997766 ], [ -148.160692399999988, 64.3977818 ], [ -148.157137700000021, 64.3984788 ], [ -148.153664, 64.4001498 ], [ -148.149512499999986, 64.3987517 ], [ -148.15056389999998, 64.3974394 ], [ -148.146862199999987, 64.3963965 ], [ -148.1445157, 64.3976594 ], [ -148.140372, 64.3975012 ], [ -148.1373949, 64.3954714 ], [ -148.140557199999989, 64.3927746 ], [ -148.1448834, 64.3920382 ], [ -148.144944899999985, 64.3904627 ], [ -148.1392716, 64.3901333 ], [ -148.136079699999982, 64.3917019 ], [ -148.1313797, 64.3929873 ], [ -148.128364299999987, 64.392421 ], [ -148.129813, 64.3904478 ], [ -148.1330739, 64.3885438 ], [ -148.133394899999985, 64.3869782 ], [ -148.1331065, 64.3858401 ], [ -148.130052399999983, 64.3867376 ], [ -148.1293054, 64.3871076 ], [ -148.117667, 64.3871078 ], [ -148.114473799999985, 64.3863659 ], [ -148.115290499999986, 64.384932 ], [ -148.1198, 64.3833017 ], [ -148.1233425, 64.3812961 ], [ -148.123687, 64.3796187 ], [ -148.1195459, 64.3794599 ], [ -148.1174465, 64.3782523 ], [ -148.1132309, 64.3771888 ], [ -148.1105566, 64.3787767 ], [ -148.1093373, 64.3796315 ], [ -148.1041841, 64.3793207 ], [ -148.103638099999984, 64.3781726 ], [ -148.1035636, 64.3772681 ], [ -148.1051339, 64.375976 ], [ -148.107767699999982, 64.3758518 ], [ -148.109079, 64.3745497 ], [ -148.104961799999984, 64.3742787 ], [ -148.10326569999998, 64.3736499 ], [ -148.103403899999989, 64.372979 ], [ -148.1044619, 64.372907 ], [ -148.1112585, 64.3728302 ], [ -148.1143346, 64.3718212 ], [ -148.1162089, 64.370315300000016 ], [ -148.1135468, 64.3693114 ], [ -148.108280399999984, 64.3695599 ], [ -148.1056362, 64.3672041 ], [ -148.1092754, 64.3659915 ], [ -148.105435699999987, 64.364378700000017 ], [ -148.102383, 64.3652756 ], [ -148.099750199999988, 64.3653996 ], [ -148.095370699999989, 64.3638784 ], [ -148.093139899999983, 64.3645814 ], [ -148.0903917, 64.3652644 ], [ -148.0888349, 64.3639646 ], [ -148.089887799999985, 64.3626527 ], [ -148.0859065, 64.3604703 ], [ -148.08268289999998, 64.3596695 ], [ -148.0801155, 64.3582178 ], [ -148.079474, 64.356277 ], [ -148.079211099999981, 64.355027 ], [ -148.074016400000033, 64.3549388 ], [ -148.073152199999981, 64.356596 ], [ -148.0685478, 64.3574322 ], [ -148.0691769, 64.3556532 ], [ -148.0668459, 64.3543231 ], [ -148.068038400000034, 64.3523405 ], [ -148.0637089, 64.3505948 ], [ -148.06227, 64.3487356 ], [ -148.0596118, 64.3477309 ], [ -148.053334899999982, 64.3465855 ], [ -148.051290199999983, 64.3463934 ], [ -148.047012, 64.3456636 ], [ -148.0440265, 64.3449839 ], [ -148.0417459, 64.3438024 ] ], [ [ -147.6768529, 64.8347539 ], [ -147.67685179999998, 64.8347526 ], [ -147.6768516, 64.8346001 ], [ -147.6768529, 64.8347539 ] ] ] ] } },
{ "type": "Feature", "properties": { "certificate_number": 741, "entity": "UVEC", "certificate_name": "Unalakleet Valley Electric Cooperative, Inc.", "certificate_url": "https://rca.alaska.gov/RCAWeb/Certificate/CertificateDetails.aspx?id=a66cfdf0-9abb-46ad-85a2-0cbc6082a320", "certificate_granted_year": 2011, "certificate_last_update_date": "2013-12-30", "certificate_last_update_order": "U-13-162(2)", "certificate_last_update_type": "Deregulated", "geometry_last_update": null, "geometry_is_current": null, "geometry_cert_sync_status": "unknown" }, "geometry": { "type": "MultiPolygon", "coordinates": [ [ [ [ -160.812087099999985, 63.8637674 ], [ -160.713897799999984, 63.8637693 ], [ -160.7138991, 63.8782062 ], [ -160.649606399999982, 63.8782073 ], [ -160.649674799999985, 63.8926441 ], [ -160.6169108, 63.8926447 ], [ -160.6169625, 63.9070815 ], [ -160.7139014, 63.9070798 ], [ -160.713900199999983, 63.892643 ], [ -160.7466642, 63.8926424 ], [ -160.7467002, 63.921516 ], [ -160.812294799999989, 63.9215147 ], [ -160.812398799999983, 63.9503882 ], [ -160.845230099999981, 63.9503876 ], [ -160.844954199999989, 63.8926405 ], [ -160.8121909, 63.8926411 ], [ -160.812087099999985, 63.8637674 ] ] ] ] } },
{ "type": "Feature", "properties": { "certificate_number": 747, "entity": "ARCTIC", "certificate_name": "Arctic Village Council d/b/a Arctic Village Electric", "certificate_url": "https://rca.alaska.gov/RCAWeb/Certificate/CertificateDetails.aspx?id=1c785b03-01bd-49d5-b6ac-338912e60fcc", "certificate_granted_year": 2013, "certificate_last_update_date": "2013-01-11", "certificate_last_update_order": "U-12-131(2)", "certificate_last_update_type": "Certificate Granted", "geometry_last_update": "2013-01-11", "geometry_is_current": true, "geometry_cert_sync_status": "up_to_date" }, "geometry": { "type": "MultiPolygon", "coordinates": [ [ [ [ -145.6149505, 68.1072389 ], [ -145.499981099999985, 68.1072406 ], [ -145.5002251, 68.1360982 ], [ -145.5569859, 68.1360973 ], [ -145.615049299999981, 68.1360965 ], [ -145.6149505, 68.1072389 ] ] ] ] } },
{ "type": "Feature", "properties": { "certificate_number": 748, "entity": "KODIAK", "certificate_name": "City of Kodiak", "certificate_url": "https://rca.alaska.gov/RCAWeb/Certificate/CertificateDetails.aspx?id=728b8f57-181e-4376-bef9-6f1598ca6707", "certificate_granted_year": 2000, "certificate_last_update_date": "2000-07-28", "certificate_last_update_order": "U-00-094(1)", "certificate_last_update_type": "Certificate Granted", "geometry_last_update": "2000-07-28", "geometry_is_current": true, "geometry_cert_sync_status": "up_to_date" }, "geometry": { "type": "MultiPolygon", "coordinates": [ [ [ [ -152.408501199999989, 57.7797635 ], [ -152.408959, 57.7802101 ], [ -152.4075315, 57.7808785 ], [ -152.406337399999984, 57.7817209 ], [ -152.4065675, 57.7819731 ], [ -152.4057585, 57.7828436 ], [ -152.4058804, 57.7830689 ], [ -152.407058, 57.7831144 ], [ -152.4074655, 57.7827408 ], [ -152.4081984, 57.7824855 ], [ -152.4085968, 57.7824354 ], [ -152.4089305, 57.7822159 ], [ -152.408969899999988, 57.7820018 ], [ -152.4098502, 57.781544599999989 ], [ -152.409862899999979, 57.781331 ], [ -152.410930399999984, 57.780870299999989 ], [ -152.4124905, 57.7805711 ], [ -152.4125215, 57.7802292 ], [ -152.413140799999979, 57.7798763 ], [ -152.413613699999985, 57.7797395 ], [ -152.413889200000028, 57.7794499 ], [ -152.4144808, 57.7790834 ], [ -152.4160731, 57.7788688 ], [ -152.4167923, 57.7788128 ], [ -152.421976299999983, 57.7778485 ], [ -152.4236895, 57.7770343 ], [ -152.416708799999981, 57.7734953 ], [ -152.4154642, 57.7742127 ], [ -152.41545960000002, 57.774443 ], [ -152.414302300000031, 57.7751614 ], [ -152.414051799999982, 57.7754221 ], [ -152.4133607, 57.775541 ], [ -152.411940499999986, 57.7762865 ], [ -152.4119507, 57.7767412 ], [ -152.411053700000025, 57.7773596 ], [ -152.4102658, 57.7780211 ], [ -152.408923099999981, 57.7792579 ], [ -152.408626199999986, 57.7792207 ], [ -152.408433699999989, 57.779551399999988 ], [ -152.408501199999989, 57.7797635 ] ] ], [ [ [ -152.4086944, 57.7879849 ], [ -152.4091209, 57.7883609 ], [ -152.409214, 57.7882834 ], [ -152.4127665, 57.7874636 ], [ -152.4128479, 57.7873435 ], [ -152.4109081, 57.7857597 ], [ -152.409238099999982, 57.7860738 ], [ -152.4083853, 57.7865447 ], [ -152.4081448, 57.7864164 ], [ -152.407361400000013, 57.7867202 ], [ -152.4072075, 57.78696 ], [ -152.408050799999984, 57.7875654 ], [ -152.4082952, 57.7874803 ], [ -152.4088524, 57.787944 ], [ -152.4086944, 57.7879849 ] ] ] ] } },
{ "type": "Feature", "properties": { "certificate_number": 759, "entity": "RAMPART", "certificate_name": "Rampart Village Council d/b/a Rampart Electric Company", "certificate_url": "https://rca.alaska.gov/RCAWeb/Certificate/CertificateDetails.aspx?id=c55fc138-47a2-4071-890c-6530369f0ed2", "certificate_granted_year": 2015, "certificate_last_update_date": "2015-08-04", "certificate_last_update_order": "U-15-006(4)", "certificate_last_update_type": "Certificate Granted", "geometry_last_update": "2015-08-04", "geometry_is_current": true, "geometry_cert_sync_status": "up_to_date" }, "geometry": { "type": "MultiPolygon", "coordinates": [ [ [ [ -150.1186423, 65.5273829 ], [ -150.127462399999985, 65.5273826 ], [ -150.1286753, 65.5260993 ], [ -150.1316526, 65.5237956 ], [ -150.134648199999987, 65.5220864 ], [ -150.1363872, 65.5206012 ], [ -150.139137299999987, 65.519182900000018 ], [ -150.141133699999983, 65.5180433 ], [ -150.1429526, 65.5181722 ], [ -150.14624139999998, 65.5172759 ], [ -150.1490287, 65.51704620000001 ], [ -150.150797499999982, 65.5160707 ], [ -150.1522081, 65.5154684 ], [ -150.153425299999981, 65.5148686 ], [ -150.1534225, 65.5129486 ], [ -150.1577263, 65.5129486 ], [ -150.1613879, 65.512172 ], [ -150.163436300000029, 65.5102798 ], [ -150.1649315, 65.5094022 ], [ -150.1697979, 65.5079774 ], [ -150.1727085, 65.5067911 ], [ -150.175884699999983, 65.5056682 ], [ -150.178552699999983, 65.5042475 ], [ -150.180569199999979, 65.5034822 ], [ -150.183077199999985, 65.5023051 ], [ -150.184285, 65.5014299 ], [ -150.1853734, 65.5010039 ], [ -150.1868222, 65.5000394 ], [ -150.188165699999985, 65.4989061 ], [ -150.1881646, 65.4985144 ], [ -150.1186381, 65.4985159 ], [ -150.1186423, 65.5273829 ] ] ] ] } },
{ "type": "Feature", "properties": { "certificate_number": 765, "entity": "PCC", "certificate_name": "Platinum Commercial Company, LLC", "certificate_url": "https://rca.alaska.gov/RCAWeb/Certificate/CertificateDetails.aspx?id=4bb748f7-b860-48a6-84ac-aabb55d55687", "certificate_granted_year": 2016, "certificate_last_update_date": "2016-05-25", "certificate_last_update_order": "U-15-143(2)", "certificate_last_update_type": "Certificate Granted", "geometry_last_update": null, "geometry_is_current": null, "geometry_cert_sync_status": "unknown" }, "geometry": { "type": "MultiPolygon", "coordinates": [ [ [ [ -161.8384874, 58.9993893 ], [ -161.7824636, 58.9993871 ], [ -161.7824977, 59.013834 ], [ -161.8105201, 59.013835 ], [ -161.8105646, 59.0282817 ], [ -161.8385975, 59.0282825 ], [ -161.8384874, 58.9993893 ] ] ] ] } },
{ "type": "Feature", "properties": { "certificate_number": 767, "entity": "BIRCH CREEK", "certificate_name": "Birch Creek Tribal Council d/b/a Birch Creek Electric Company", "certificate_url": "https://rca.alaska.gov/RCAWeb/Certificate/CertificateDetails.aspx?id=4e62bf28-fbe6-4949-bbcd-6ab7cffe2668", "certificate_granted_year": 2017, "certificate_last_update_date": "2017-04-07", "certificate_last_update_order": "U-16-083(2)", "certificate_last_update_type": "Certificate Granted", "geometry_last_update": null, "geometry_is_current": null, "geometry_cert_sync_status": "unknown" }, "geometry": { "type": "MultiPolygon", "coordinates": [ [ [ [ -145.7820169, 66.2924098 ], [ -145.8537268, 66.2924083 ], [ -145.853473399999984, 66.2491119 ], [ -145.7818866, 66.2491134 ], [ -145.7820169, 66.2924098 ] ] ] ] } }
]
}
